customer_id,age,gender,region,education_level,employment_type,annual_income,loan_amount,loan_purpose,credit_score,repayment_history,transaction_count,spending_ratio,join_date,default_flag
1,59,Female,East,High School,Unemployed,213261,526963,Business,815,8,95,54.53674052422831,2020-01-01,0
2,49,Male,West,Post-Graduate,Salaried,1325285,765732,Business,696,0,162,69.0636408382646,2020-01-02,1
3,35,Male,East,Graduate,Salaried,568760,861527,Education,405,4,11,36.8487395392721,2020-01-03,0
4,28,Female,West,Graduate,Salaried,1053605,361385,Car,384,2,351,71.20852733065047,2020-01-04,0
5,41,Male,South,High School,Salaried,475796,677407,Car,513,5,398,44.62136653665549,2020-01-05,0
6,59,Male,South,High School,Salaried,970692,626291,Home,420,9,269,48.734759865807746,2020-01-06,0
7,39,Female,South,Post-Graduate,Salaried,628745,511595,Home,431,1,173,61.84817018088572,2020-01-07,0
8,43,Male,East,Graduate,Unemployed,837787,144837,Home,496,8,15,11.468670719937917,2020-01-08,1
9,31,Male,South,Post-Graduate,Unemployed,873812,273068,Car,318,5,158,62.319537713619866,2020-01-09,0
10,31,Female,North,Graduate,Self-Employed,1035825,406427,Home,311,6,214,59.48681192576923,2020-01-10,1
11,44,Female,West,Post-Graduate,Unemployed,890796,983476,Car,380,4,127,34.78776934026239,2020-01-11,1
12,56,Male,West,High School,Unemployed,525203,173805,Car,629,8,494,16.86354279195916,2020-01-12,0
13,44,Male,North,Graduate,Salaried,544866,930278,Business,691,0,98,17.27483599304329,2020-01-13,1
14,23,Female,East,Post-Graduate,Salaried,975107,859359,Home,606,4,163,83.85789975881829,2020-01-14,1
15,42,Female,East,High School,Unemployed,736644,957021,Business,566,10,448,65.14234569806698,2020-01-15,1
16,22,Male,West,High School,Self-Employed,852416,165657,Education,746,9,176,20.16820910165923,2020-01-16,0
17,44,Female,South,Post-Graduate,Salaried,1216003,903062,Education,740,10,477,38.537853544712505,2020-01-17,0
18,50,Male,East,Graduate,Unemployed,1250763,154428,Education,301,5,170,57.398639512127716,2020-01-18,0
19,58,Male,East,Graduate,Unemployed,876585,172035,Car,819,6,279,76.84573640725189,2020-01-19,0
20,22,Male,North,High School,Self-Employed,1374846,495563,Car,608,11,65,13.492874297040682,2020-01-20,1
21,41,Male,North,Graduate,Self-Employed,531607,280780,Car,821,3,237,28.93065051760071,2020-01-21,1
22,53,Male,South,Graduate,Salaried,1189336,962676,Home,768,11,346,81.1799192236304,2020-01-22,1
23,32,Female,East,Graduate,Self-Employed,967286,791570,Business,511,12,158,10.733244014705319,2020-01-23,1
24,42,Female,East,High School,Unemployed,1229933,119518,Car,411,0,55,26.111928223510994,2020-01-24,1
25,45,Female,North,Post-Graduate,Unemployed,1120095,226355,Business,307,10,153,86.72193407783728,2020-01-25,1
26,47,Female,East,Graduate,Self-Employed,1240950,917758,Business,776,7,247,59.07214772177369,2020-01-26,0
27,48,Male,West,High School,Self-Employed,965791,717565,Business,759,9,281,30.933709331000514,2020-01-27,1
28,36,Male,North,High School,Self-Employed,1166020,170243,Home,552,3,129,15.359287551667808,2020-01-28,1
29,35,Male,South,Post-Graduate,Self-Employed,553827,849180,Home,825,2,349,12.255307235777773,2020-01-29,1
30,23,Male,North,Graduate,Salaried,1329833,988601,Education,737,11,422,29.57960637095418,2020-01-30,0
31,57,Female,East,Graduate,Self-Employed,261753,446308,Education,535,6,229,80.51886556711284,2020-01-31,1
32,27,Male,South,Post-Graduate,Salaried,1071206,103311,Business,605,11,17,43.273092343800755,2020-02-01,1
33,41,Male,North,Post-Graduate,Unemployed,1271984,72692,Education,777,1,353,67.62666953327944,2020-02-02,0
34,29,Female,West,High School,Self-Employed,324116,699242,Business,319,7,396,83.46280283039663,2020-02-03,1
35,59,Female,West,High School,Salaried,1222780,729222,Home,515,5,482,42.64323692822533,2020-02-04,0
36,38,Female,North,Post-Graduate,Self-Employed,855496,442179,Home,434,6,284,25.302189682991767,2020-02-05,0
37,24,Female,West,Graduate,Unemployed,217413,271468,Home,428,4,362,51.36943446855356,2020-02-06,1
38,45,Male,West,High School,Unemployed,837938,391651,Car,709,8,75,82.64669496478835,2020-02-07,1
39,34,Male,West,High School,Unemployed,1308076,130152,Business,721,4,88,74.34995313101605,2020-02-08,0
40,29,Female,South,Graduate,Self-Employed,1070946,513685,Home,593,10,95,15.266387469052303,2020-02-09,1
41,46,Male,West,High School,Self-Employed,1304934,579214,Business,545,4,133,65.40582400620654,2020-02-10,1
42,22,Male,West,Graduate,Salaried,266197,53969,Education,385,2,211,55.7518017967163,2020-02-11,0
43,40,Male,West,Graduate,Unemployed,693992,85733,Education,674,10,475,82.59705410771404,2020-02-12,0
44,48,Female,South,Graduate,Self-Employed,423492,381999,Home,745,0,159,19.79851334802378,2020-02-13,1
45,27,Male,North,Post-Graduate,Unemployed,985833,91743,Business,677,1,55,52.72288905637253,2020-02-14,0
46,28,Female,East,Post-Graduate,Unemployed,626070,704481,Home,689,7,122,80.35701548095139,2020-02-15,1
47,55,Male,West,Post-Graduate,Salaried,276240,220948,Education,350,0,100,42.80190293933944,2020-02-16,1
48,34,Male,North,Graduate,Salaried,435595,943877,Home,541,6,150,48.55959341862936,2020-02-17,1
49,37,Male,West,Graduate,Salaried,1255544,70323,Business,593,4,298,15.636854213356663,2020-02-18,1
50,56,Female,South,Post-Graduate,Salaried,489662,573293,Education,565,2,398,32.251491235912866,2020-02-19,0
51,24,Male,North,High School,Unemployed,1038357,328572,Car,419,11,227,35.96053193351579,2020-02-20,1
52,22,Female,South,Graduate,Salaried,390920,608866,Education,547,11,86,85.60979589959095,2020-02-21,0
53,26,Female,West,High School,Salaried,1098332,660774,Car,369,10,420,32.613388843292725,2020-02-22,1
54,24,Female,West,High School,Salaried,1079854,551793,Home,356,6,386,46.86949882157216,2020-02-23,1
55,49,Male,South,Graduate,Salaried,432076,376284,Home,681,8,393,63.70435388514238,2020-02-24,0
56,38,Male,East,Graduate,Unemployed,1271775,831738,Business,338,1,343,22.97466979263019,2020-02-25,1
57,46,Male,South,High School,Salaried,637805,681613,Car,742,7,161,48.91539097134996,2020-02-26,0
58,54,Male,West,High School,Unemployed,363187,920261,Home,317,8,332,69.08312315807261,2020-02-27,0
59,30,Female,South,Post-Graduate,Self-Employed,655150,318508,Car,651,10,248,79.34841704216528,2020-02-28,1
60,56,Female,East,Post-Graduate,Unemployed,709551,441011,Home,597,2,124,60.100741972994136,2020-02-29,1
61,34,Female,South,Graduate,Unemployed,1254096,478565,Education,582,1,328,63.524281225355836,2020-03-01,1
62,51,Male,East,Post-Graduate,Salaried,367527,706051,Home,409,6,378,20.102677806765517,2020-03-02,1
63,35,Female,East,Post-Graduate,Self-Employed,970644,832259,Business,479,4,103,85.66211977970778,2020-03-03,0
64,28,Male,South,Post-Graduate,Self-Employed,847652,669886,Education,843,4,492,20.60592619875859,2020-03-04,1
65,34,Female,South,Post-Graduate,Self-Employed,1423697,771827,Business,324,9,57,71.97383497454386,2020-03-05,1
66,43,Male,North,High School,Self-Employed,1187797,226968,Education,356,4,200,31.185305742265506,2020-03-06,1
67,41,Male,West,Graduate,Unemployed,450144,107062,Car,479,3,471,84.68745149610012,2020-03-07,1
68,36,Female,East,Post-Graduate,Self-Employed,264925,278338,Business,531,12,21,67.59676314955837,2020-03-08,1
69,38,Female,North,High School,Unemployed,569360,785122,Home,642,4,165,70.30509703826951,2020-03-09,0
70,44,Female,South,High School,Unemployed,794557,719221,Car,776,12,181,27.524733844790667,2020-03-10,1
71,46,Female,West,High School,Unemployed,1148458,277909,Home,754,3,486,45.44319813081287,2020-03-11,0
72,45,Male,North,Post-Graduate,Self-Employed,1190121,556995,Education,531,12,436,59.42505556714291,2020-03-12,1
73,49,Female,East,Post-Graduate,Salaried,1348553,138302,Education,588,5,410,71.59788945652807,2020-03-13,1
74,35,Female,North,Graduate,Salaried,683442,638216,Home,512,3,305,18.316750072991166,2020-03-14,1
75,21,Female,East,Post-Graduate,Self-Employed,1030371,788591,Home,557,1,186,86.98922531636227,2020-03-15,0
76,45,Male,South,Post-Graduate,Salaried,1277921,615635,Car,829,8,350,81.21765364436447,2020-03-16,1
77,27,Male,West,High School,Salaried,979976,577409,Home,528,1,66,31.627887239646746,2020-03-17,0
78,29,Female,West,Graduate,Unemployed,1209869,133793,Business,525,8,352,75.82081944258655,2020-03-18,0
79,44,Male,West,Post-Graduate,Unemployed,693814,602452,Business,734,9,349,51.465913843185874,2020-03-19,1
80,21,Female,South,Post-Graduate,Self-Employed,531310,337635,Home,701,5,457,46.944518524961495,2020-03-20,0
81,28,Male,East,High School,Self-Employed,297406,633510,Business,387,8,212,35.15472846491243,2020-03-21,1
82,44,Male,South,High School,Salaried,1164725,728525,Home,841,8,194,56.4774869305274,2020-03-22,1
83,31,Male,West,Post-Graduate,Unemployed,779223,578036,Car,608,2,130,68.39112941628782,2020-03-23,0
84,37,Male,South,Graduate,Self-Employed,584583,600841,Business,642,0,235,42.87463239702066,2020-03-24,1
85,28,Female,South,Graduate,Self-Employed,1221436,166547,Business,735,0,211,60.337535440663366,2020-03-25,1
86,55,Female,South,High School,Self-Employed,994760,634668,Home,476,2,339,65.9450336924243,2020-03-26,0
87,55,Female,East,High School,Self-Employed,1264110,94331,Business,438,4,372,66.88974536122288,2020-03-27,0
88,53,Male,North,Post-Graduate,Self-Employed,1202429,801393,Education,493,12,389,14.15728785049442,2020-03-28,0
89,25,Female,North,High School,Self-Employed,1349122,694905,Car,485,2,463,78.77982445480535,2020-03-29,0
90,59,Female,South,Post-Graduate,Salaried,804489,875992,Car,517,11,365,46.66026518120383,2020-03-30,0
91,48,Female,North,Graduate,Unemployed,1246439,890297,Business,463,8,225,30.993286535697155,2020-03-31,0
92,27,Male,North,Graduate,Unemployed,958761,650198,Business,460,8,469,29.34116059837453,2020-04-01,1
93,29,Male,South,Post-Graduate,Self-Employed,431324,447891,Education,824,2,52,48.64112902751604,2020-04-02,0
94,28,Male,South,High School,Unemployed,684273,550201,Education,341,2,384,80.94652315751674,2020-04-03,0
95,32,Female,West,Graduate,Unemployed,1482188,552237,Business,509,11,32,40.26780653461175,2020-04-04,1
96,54,Female,North,High School,Unemployed,1119424,914418,Business,574,4,164,69.97805974268346,2020-04-05,1
97,53,Female,East,Graduate,Self-Employed,506081,781576,Education,578,1,195,17.74549847897749,2020-04-06,0
98,43,Male,South,Post-Graduate,Self-Employed,925084,60068,Home,550,5,258,48.08453617208494,2020-04-07,0
99,44,Male,West,Post-Graduate,Unemployed,1391855,628748,Education,609,6,246,89.33489123141885,2020-04-08,1
100,57,Female,East,Post-Graduate,Unemployed,1445422,937198,Home,439,12,302,71.63502422338695,2020-04-09,0
101,55,Male,North,Graduate,Self-Employed,888332,620706,Car,845,8,143,26.84227907524904,2020-04-10,0
102,42,Male,West,High School,Salaried,926448,338350,Car,829,5,330,50.11531789583286,2020-04-11,1
103,47,Male,South,High School,Unemployed,622132,702468,Education,356,2,399,28.689981091885322,2020-04-12,0
104,55,Male,East,High School,Salaried,270463,836719,Home,411,11,443,42.76487418100074,2020-04-13,1
105,21,Female,South,Graduate,Unemployed,293500,72337,Education,304,4,31,72.40672189879717,2020-04-14,0
106,55,Male,North,Graduate,Salaried,1456348,201738,Education,709,3,370,71.6979852232323,2020-04-15,1
107,57,Male,East,Graduate,Salaried,761446,297667,Home,713,4,97,28.24803023219081,2020-04-16,1
108,34,Male,North,Graduate,Salaried,1333183,706521,Education,481,7,162,83.77786545238881,2020-04-17,1
109,23,Male,North,Graduate,Self-Employed,969305,564241,Car,312,7,134,57.405454621186145,2020-04-18,0
110,21,Female,West,High School,Salaried,533840,937099,Business,638,5,88,40.39394327696116,2020-04-19,1
111,25,Female,South,Graduate,Salaried,1047942,402215,Business,558,0,355,50.15484646246885,2020-04-20,0
112,46,Male,East,Graduate,Salaried,320076,148064,Education,389,7,465,58.4057002750195,2020-04-21,1
113,34,Male,North,High School,Unemployed,1307268,418655,Home,549,7,60,54.79124254766283,2020-04-22,1
114,59,Male,North,Graduate,Salaried,855129,532605,Home,554,1,225,48.91240284289425,2020-04-23,1
115,47,Male,East,High School,Unemployed,917104,457974,Car,407,3,185,50.39462432715201,2020-04-24,0
116,29,Male,North,High School,Salaried,1002242,508996,Home,784,11,367,24.112952834230896,2020-04-25,0
117,35,Male,West,Post-Graduate,Salaried,1122630,820974,Home,557,1,262,75.01863234437435,2020-04-26,1
118,35,Female,West,Post-Graduate,Self-Employed,361081,577466,Car,581,3,463,53.34082559528123,2020-04-27,0
119,46,Male,West,Post-Graduate,Unemployed,1360294,606119,Education,387,11,255,20.486388936376247,2020-04-28,0
120,33,Female,West,Post-Graduate,Salaried,724480,183248,Business,503,12,236,71.29256812662223,2020-04-29,0
121,52,Female,North,Graduate,Unemployed,447536,153306,Car,315,12,115,84.59551827018807,2020-04-30,1
122,59,Male,East,Post-Graduate,Unemployed,236413,214726,Education,450,9,202,85.78455193895697,2020-05-01,0
123,52,Female,East,High School,Self-Employed,1392464,828580,Car,553,6,325,39.52141859289382,2020-05-02,1
124,24,Female,East,Graduate,Self-Employed,1051480,994131,Education,487,8,311,20.84134988486032,2020-05-03,1
125,50,Female,East,Post-Graduate,Self-Employed,775228,757910,Car,628,7,45,51.47197013064521,2020-05-04,1
126,57,Female,South,High School,Self-Employed,764430,424169,Education,843,11,451,19.008738347937655,2020-05-05,0
127,43,Female,East,Graduate,Self-Employed,236468,750270,Car,696,8,213,84.71899348100938,2020-05-06,1
128,59,Female,South,Graduate,Self-Employed,1148202,140417,Education,816,7,431,24.68637018841168,2020-05-07,0
129,35,Male,South,Post-Graduate,Self-Employed,866015,763611,Car,758,1,276,30.221268796093128,2020-05-08,0
130,49,Female,West,Graduate,Self-Employed,1427545,478638,Business,629,6,277,42.530922150797636,2020-05-09,1
131,56,Female,South,High School,Salaried,1126863,61984,Business,468,1,179,40.65315748473006,2020-05-10,1
132,33,Female,North,Graduate,Unemployed,1115480,139312,Home,665,12,48,73.57303139183112,2020-05-11,1
133,52,Male,South,High School,Self-Employed,1484763,242458,Education,477,11,464,46.50534564407699,2020-05-12,0
134,27,Female,West,Graduate,Self-Employed,242056,133291,Car,661,10,148,23.66146080026695,2020-05-13,0
135,42,Male,South,Post-Graduate,Unemployed,251831,843567,Education,339,1,301,31.376791638885926,2020-05-14,1
136,48,Female,North,High School,Salaried,1045623,574608,Business,715,3,61,50.72907081500176,2020-05-15,1
137,22,Male,North,Graduate,Unemployed,973952,537387,Education,654,0,296,21.79631339409079,2020-05-16,0
138,26,Male,North,Graduate,Unemployed,1108380,727044,Car,554,4,298,58.93245405168113,2020-05-17,0
139,48,Female,West,Graduate,Self-Employed,626488,925206,Education,442,5,150,55.25978452409167,2020-05-18,1
140,48,Female,West,High School,Unemployed,832405,465105,Car,310,8,155,67.17618531058062,2020-05-19,0
141,40,Male,East,High School,Unemployed,476815,801209,Business,325,9,434,85.01636923034941,2020-05-20,0
142,50,Female,West,High School,Self-Employed,1193778,410215,Business,720,7,323,82.98036488809245,2020-05-21,0
143,31,Male,North,Post-Graduate,Self-Employed,768242,754259,Business,520,1,193,85.68604944550651,2020-05-22,0
144,48,Male,North,Post-Graduate,Self-Employed,433192,305083,Home,795,0,161,29.577247761896075,2020-05-23,0
145,45,Male,West,High School,Self-Employed,725005,978274,Business,536,1,210,20.525224531148368,2020-05-24,0
146,59,Male,South,Graduate,Unemployed,1429458,684151,Education,536,6,137,34.18213603971588,2020-05-25,1
147,53,Male,West,Post-Graduate,Unemployed,1367272,91777,Home,518,3,296,81.60681382130517,2020-05-26,0
148,21,Female,West,High School,Salaried,1212140,96250,Business,786,9,320,87.76427796987906,2020-05-27,1
149,47,Male,North,Graduate,Salaried,204994,909466,Education,760,4,262,78.74599608563808,2020-05-28,1
150,33,Male,East,Post-Graduate,Unemployed,990666,941372,Education,443,11,498,18.801417690203486,2020-05-29,0
151,23,Female,North,Graduate,Salaried,269300,352274,Education,488,6,275,85.79423984478345,2020-05-30,1
152,59,Male,East,Graduate,Unemployed,506093,525147,Car,554,2,197,43.86864218806288,2020-05-31,1
153,26,Female,North,Graduate,Salaried,761693,754706,Home,367,9,395,10.744823260988294,2020-06-01,1
154,28,Female,West,Graduate,Self-Employed,716479,970041,Education,635,1,239,45.391499259855486,2020-06-02,0
155,47,Female,North,Post-Graduate,Salaried,539679,790122,Car,708,12,280,13.685533574037407,2020-06-03,1
156,29,Male,North,Post-Graduate,Self-Employed,1300293,65216,Business,599,6,268,53.5102336928894,2020-06-04,0
157,57,Male,North,Post-Graduate,Self-Employed,1251339,396293,Education,656,4,308,37.0843221949641,2020-06-05,1
158,53,Male,West,High School,Self-Employed,555054,577297,Car,555,0,424,47.8747946875239,2020-06-06,1
159,44,Female,West,Post-Graduate,Self-Employed,1304056,926336,Education,652,0,207,59.05362885944936,2020-06-07,1
160,35,Male,West,Graduate,Salaried,1455715,734687,Home,820,8,332,79.50408766542563,2020-06-08,1
161,52,Female,West,Post-Graduate,Unemployed,1366670,195281,Home,823,4,65,62.95212611775429,2020-06-09,0
162,52,Male,East,Graduate,Self-Employed,880667,753803,Business,583,0,328,44.723909478254456,2020-06-10,1
163,44,Female,East,High School,Salaried,951731,589317,Education,611,6,212,75.55422829362921,2020-06-11,1
164,32,Male,South,Graduate,Self-Employed,1325424,510829,Car,398,8,280,82.44657100585057,2020-06-12,0
165,59,Male,West,Graduate,Salaried,1416593,784803,Business,496,10,118,19.580797314575776,2020-06-13,0
166,22,Male,East,Graduate,Salaried,992908,238069,Education,781,0,125,52.554638204223316,2020-06-14,0
167,23,Female,North,High School,Salaried,644972,414315,Business,525,9,101,32.76095677939553,2020-06-15,1
168,57,Female,West,Post-Graduate,Unemployed,642899,164456,Car,664,12,147,13.764895830155792,2020-06-16,0
169,37,Male,South,Post-Graduate,Salaried,681215,374703,Business,667,3,431,63.483735609118824,2020-06-17,0
170,22,Male,South,High School,Salaried,900636,901324,Business,374,2,312,79.02166219673805,2020-06-18,0
171,22,Female,South,Graduate,Unemployed,620162,906841,Business,341,4,66,23.032212358191522,2020-06-19,0
172,48,Female,North,Post-Graduate,Unemployed,970050,976139,Education,721,6,59,74.99309260991204,2020-06-20,0
173,43,Female,East,High School,Salaried,1191437,869497,Car,480,7,80,78.27165868295533,2020-06-21,0
174,57,Male,North,Post-Graduate,Unemployed,245095,816759,Home,844,12,408,83.14723541331868,2020-06-22,1
175,52,Female,West,High School,Self-Employed,592118,432688,Education,370,1,411,31.22280712688419,2020-06-23,0
176,53,Male,South,Graduate,Self-Employed,550067,419484,Home,404,6,91,82.31624521519115,2020-06-24,1
177,21,Female,North,Post-Graduate,Unemployed,1357738,83783,Home,499,0,381,35.653020378914576,2020-06-25,0
178,39,Male,North,High School,Unemployed,583071,84152,Education,400,6,114,54.187041076440224,2020-06-26,0
179,22,Female,East,Post-Graduate,Salaried,470170,633029,Education,606,7,97,14.04059766658257,2020-06-27,0
180,46,Female,East,Post-Graduate,Unemployed,471421,943481,Car,676,1,11,13.510487069499488,2020-06-28,1
181,52,Female,South,Post-Graduate,Salaried,373311,494718,Car,698,8,369,67.62985701857623,2020-06-29,0
182,26,Female,North,Post-Graduate,Self-Employed,640880,603380,Business,520,0,93,45.55839823822328,2020-06-30,0
183,52,Female,North,High School,Unemployed,1034440,198725,Home,481,12,491,30.503390029537407,2020-07-01,0
184,24,Male,East,Graduate,Salaried,856030,541215,Car,606,5,52,25.233079681992816,2020-07-02,0
185,31,Female,North,High School,Salaried,1468859,804924,Business,821,0,163,63.59627926873745,2020-07-03,1
186,37,Female,North,High School,Self-Employed,873249,221541,Car,695,2,336,10.03212352202719,2020-07-04,1
187,58,Female,North,High School,Unemployed,899895,828424,Education,303,10,431,74.47129353574834,2020-07-05,1
188,44,Male,East,Graduate,Self-Employed,540686,398627,Car,580,5,103,16.339968490394305,2020-07-06,1
189,25,Female,South,Post-Graduate,Salaried,445144,958017,Home,514,2,307,25.319169192649554,2020-07-07,1
190,54,Male,West,Post-Graduate,Salaried,1444360,371898,Car,719,7,142,40.89891162392717,2020-07-08,0
191,26,Female,South,Post-Graduate,Unemployed,1134137,735338,Home,400,4,404,48.78869917728829,2020-07-09,0
192,42,Female,West,Graduate,Salaried,976505,137592,Education,820,1,74,38.399609265115345,2020-07-10,0
193,31,Male,North,Post-Graduate,Unemployed,1152164,406687,Home,608,3,299,35.656973198743515,2020-07-11,1
194,36,Female,South,Graduate,Self-Employed,531119,93169,Car,809,8,385,87.11328096585507,2020-07-12,0
195,53,Male,West,Post-Graduate,Unemployed,1411820,491503,Business,362,3,266,61.32637449947154,2020-07-13,1
196,29,Male,East,Post-Graduate,Unemployed,652413,104745,Education,525,9,476,11.874636429391057,2020-07-14,0
197,26,Female,East,High School,Salaried,1349734,684456,Car,404,9,395,44.41407267554506,2020-07-15,1
198,36,Male,South,Graduate,Salaried,1176351,688273,Education,724,7,222,80.00069597951762,2020-07-16,0
199,49,Female,South,High School,Unemployed,1063731,841975,Education,554,4,157,34.11649491285344,2020-07-17,0
200,23,Female,North,High School,Salaried,1006608,761752,Car,728,10,70,17.56450758195106,2020-07-18,0
201,40,Male,South,High School,Salaried,1312548,71067,Car,733,10,480,70.67078172719343,2020-07-19,0
202,56,Male,North,Graduate,Salaried,1106450,101033,Business,506,9,158,58.4811065548865,2020-07-20,1
203,39,Male,North,Graduate,Unemployed,482140,95256,Education,327,12,97,55.62500062612031,2020-07-21,0
204,46,Male,East,Post-Graduate,Salaried,848456,795993,Education,635,12,333,14.286124768592634,2020-07-22,0
205,23,Female,East,High School,Unemployed,1415358,289455,Car,368,0,392,21.239920783641388,2020-07-23,0
206,39,Female,West,Post-Graduate,Salaried,1371675,552264,Home,812,6,405,59.8039516970491,2020-07-24,1
207,40,Male,East,High School,Self-Employed,758981,250417,Car,466,2,287,26.625907316706865,2020-07-25,0
208,52,Female,East,Graduate,Salaried,308944,989695,Education,667,9,413,50.325606379873946,2020-07-26,0
209,27,Female,South,Graduate,Salaried,447572,136803,Car,550,7,91,53.59053488235148,2020-07-27,0
210,53,Female,East,Graduate,Unemployed,397097,253814,Business,469,11,138,32.680575221675156,2020-07-28,0
211,59,Female,West,High School,Unemployed,1030948,168843,Home,389,2,295,85.87401244331943,2020-07-29,0
212,38,Male,South,Graduate,Salaried,812084,529809,Car,745,0,391,77.397128546846,2020-07-30,1
213,21,Male,West,High School,Self-Employed,488213,603280,Business,593,4,362,67.78988061062388,2020-07-31,1
214,31,Female,East,Post-Graduate,Salaried,1173737,262603,Education,449,1,289,16.239509312752727,2020-08-01,1
215,48,Male,West,High School,Salaried,1333387,623091,Car,431,10,279,18.490401544721557,2020-08-02,0
216,45,Male,South,Post-Graduate,Self-Employed,1438697,422119,Education,732,3,301,49.422507669196456,2020-08-03,1
217,43,Male,North,High School,Unemployed,580172,768837,Business,358,0,462,22.857067935278856,2020-08-04,0
218,51,Female,West,Post-Graduate,Salaried,654151,194282,Education,498,8,212,88.26123708235792,2020-08-05,0
219,50,Female,West,Graduate,Unemployed,741287,526545,Business,514,5,33,22.681618722192756,2020-08-06,0
220,55,Female,South,Post-Graduate,Unemployed,1444199,76270,Business,771,7,453,48.99742683711792,2020-08-07,0
221,27,Male,South,Graduate,Self-Employed,895532,505224,Business,546,10,360,39.12968454732044,2020-08-08,1
222,36,Female,West,Graduate,Self-Employed,495866,972701,Car,681,3,320,61.150913716327835,2020-08-09,1
223,46,Female,East,Post-Graduate,Unemployed,997057,819217,Education,538,8,470,20.322912711153993,2020-08-10,1
224,22,Male,West,High School,Salaried,398237,581740,Education,666,1,217,44.42531424339127,2020-08-11,0
225,21,Female,South,High School,Unemployed,731147,353630,Home,467,8,289,31.97640262457149,2020-08-12,1
226,32,Female,North,High School,Salaried,1159113,64859,Home,350,11,214,81.02012197373504,2020-08-13,1
227,25,Male,North,High School,Salaried,1160811,994740,Home,679,4,161,13.246856970775607,2020-08-14,0
228,57,Male,East,High School,Self-Employed,835274,999403,Home,773,12,447,83.09819952051674,2020-08-15,1
229,52,Male,West,Graduate,Salaried,1039385,606371,Education,379,5,35,76.63953108424003,2020-08-16,0
230,29,Female,North,High School,Salaried,249522,904140,Business,666,2,203,33.805657315265236,2020-08-17,1
231,55,Female,West,Graduate,Unemployed,430233,161462,Business,760,3,345,73.14325237416838,2020-08-18,1
232,39,Female,South,Graduate,Self-Employed,598102,197735,Car,838,5,431,12.497084827099805,2020-08-19,1
233,36,Male,North,Graduate,Salaried,207485,929508,Business,751,6,247,87.34924402347148,2020-08-20,0
234,23,Male,East,Post-Graduate,Salaried,312701,299737,Education,763,0,330,52.12759540718315,2020-08-21,1
235,40,Female,South,Post-Graduate,Self-Employed,407352,331197,Education,777,6,84,34.26248208523562,2020-08-22,1
236,44,Female,East,Graduate,Unemployed,384514,192157,Education,719,0,444,39.00665700757416,2020-08-23,1
237,53,Male,South,Post-Graduate,Self-Employed,645093,998068,Car,513,4,172,15.312428276839789,2020-08-24,1
238,44,Male,North,High School,Self-Employed,998658,401889,Home,668,5,308,89.14796112336313,2020-08-25,0
239,31,Male,East,High School,Salaried,817693,240167,Business,413,12,38,13.143355612055396,2020-08-26,0
240,28,Male,East,Graduate,Salaried,1458624,643805,Education,802,1,174,62.392569851828725,2020-08-27,1
241,56,Female,South,High School,Unemployed,1205535,726513,Education,610,12,346,45.41887421651666,2020-08-28,1
242,58,Male,East,Graduate,Salaried,237019,186319,Home,768,9,195,85.91329745509721,2020-08-29,1
243,40,Female,South,Graduate,Salaried,1162452,978057,Education,343,8,63,29.679979224543615,2020-08-30,0
244,55,Female,South,High School,Self-Employed,789421,464027,Business,714,9,304,52.566945915040904,2020-08-31,1
245,45,Female,South,Post-Graduate,Salaried,579747,276453,Car,545,5,51,48.58849668662024,2020-09-01,1
246,55,Male,South,High School,Unemployed,358598,973639,Education,383,6,421,66.22931552400811,2020-09-02,0
247,45,Male,North,High School,Self-Employed,852873,186645,Business,506,9,294,15.44081855619364,2020-09-03,0
248,49,Male,South,Graduate,Unemployed,1029827,562035,Education,450,7,436,25.50313040186839,2020-09-04,0
249,38,Male,West,Graduate,Self-Employed,617247,653555,Home,827,10,396,27.165185607427986,2020-09-05,1
250,38,Female,East,Graduate,Salaried,668758,188261,Education,464,12,147,69.05206038733517,2020-09-06,0
251,22,Male,West,Graduate,Self-Employed,1155205,392221,Education,444,9,196,25.131095706139206,2020-09-07,0
252,55,Male,North,Post-Graduate,Self-Employed,574743,486862,Car,336,0,499,55.87934111127814,2020-09-08,1
253,36,Female,West,Post-Graduate,Salaried,225939,388767,Home,632,7,407,27.219505640076296,2020-09-09,0
254,56,Male,East,Post-Graduate,Salaried,1166649,181004,Home,702,3,213,78.92999600671827,2020-09-10,1
255,53,Female,West,Graduate,Unemployed,1137828,555187,Car,713,9,440,85.37483635917108,2020-09-11,1
256,24,Female,North,Graduate,Unemployed,1402515,103687,Education,344,7,51,51.479437995379236,2020-09-12,0
257,53,Female,South,Graduate,Salaried,986635,904744,Business,701,12,359,38.18471073673426,2020-09-13,1
258,34,Female,West,Post-Graduate,Salaried,1134048,157615,Home,505,5,425,28.72462200139993,2020-09-14,0
259,41,Female,North,Graduate,Salaried,1133403,443120,Home,361,10,297,13.982480121843501,2020-09-15,0
260,40,Female,North,High School,Self-Employed,728036,601852,Education,719,8,435,31.48000609579963,2020-09-16,0
261,28,Female,East,High School,Self-Employed,1484670,865267,Education,767,10,425,62.33886239562543,2020-09-17,1
262,27,Female,East,Graduate,Self-Employed,1067196,581985,Home,318,3,35,52.68935450473687,2020-09-18,0
263,23,Male,West,High School,Salaried,1400532,654453,Education,664,1,380,85.52330226247419,2020-09-19,1
264,37,Male,South,High School,Unemployed,1404831,779282,Business,599,1,394,41.70218099933605,2020-09-20,1
265,53,Male,North,Post-Graduate,Salaried,1199074,984550,Home,306,4,65,65.50906738627157,2020-09-21,1
266,32,Male,West,Graduate,Self-Employed,664462,632111,Business,727,9,262,49.14581979800971,2020-09-22,0
267,42,Female,North,Graduate,Self-Employed,1094468,583903,Business,416,8,131,51.00609727393693,2020-09-23,1
268,42,Male,North,Post-Graduate,Salaried,874619,556554,Education,806,11,115,31.4219451683294,2020-09-24,1
269,50,Female,South,High School,Salaried,1102957,972564,Business,845,2,139,46.39606214735998,2020-09-25,0
270,58,Male,South,High School,Self-Employed,547823,966931,Education,624,7,346,47.66279976101658,2020-09-26,0
271,58,Male,West,Graduate,Self-Employed,1374405,650724,Car,354,3,167,66.53140173991471,2020-09-27,1
272,28,Male,South,High School,Self-Employed,1376792,765879,Education,341,5,385,85.25119993488912,2020-09-28,1
273,47,Female,South,Post-Graduate,Salaried,375607,432706,Business,596,9,240,36.34570219860034,2020-09-29,0
274,47,Male,West,Post-Graduate,Self-Employed,609319,907549,Car,530,5,464,13.376037486503876,2020-09-30,1
275,54,Female,South,Graduate,Self-Employed,552156,609070,Education,752,2,317,49.703610040051174,2020-10-01,1
276,41,Female,East,Post-Graduate,Unemployed,474535,128533,Business,693,4,100,53.55690657193349,2020-10-02,1
277,50,Male,North,Post-Graduate,Salaried,1351052,290011,Home,821,11,402,23.47524409055322,2020-10-03,1
278,53,Male,North,Graduate,Unemployed,1146405,239327,Home,657,2,31,70.83716850208533,2020-10-04,0
279,48,Male,North,Post-Graduate,Unemployed,582865,555168,Education,743,10,299,88.79432867531933,2020-10-05,1
280,53,Female,North,Post-Graduate,Self-Employed,821825,122684,Education,427,10,119,85.66197736067687,2020-10-06,0
281,25,Male,West,Post-Graduate,Salaried,1117472,500134,Home,704,0,58,25.768483105892173,2020-10-07,1
282,39,Female,North,High School,Self-Employed,381429,831453,Business,691,6,138,80.02905919206086,2020-10-08,0
283,24,Female,North,Graduate,Salaried,1466556,789644,Business,492,3,82,66.35949091293477,2020-10-09,1
284,55,Male,North,Graduate,Unemployed,1021935,915990,Business,377,6,349,46.30772510455293,2020-10-10,0
285,37,Male,North,Graduate,Salaried,1323979,266621,Education,384,2,62,53.248879545978326,2020-10-11,1
286,48,Female,East,High School,Self-Employed,788574,285295,Car,329,11,476,77.96801399859665,2020-10-12,0
287,50,Female,North,High School,Self-Employed,536986,917854,Car,348,10,365,48.41079517106985,2020-10-13,1
288,49,Female,East,Graduate,Self-Employed,304927,825723,Car,444,4,389,39.85658952841015,2020-10-14,1
289,26,Male,West,High School,Salaried,685833,831712,Car,368,4,177,49.45979944207886,2020-10-15,0
290,55,Female,South,Graduate,Unemployed,499372,992760,Car,357,12,54,56.33038432280393,2020-10-16,0
291,57,Male,North,High School,Unemployed,223386,997509,Education,778,1,461,25.12621230226791,2020-10-17,0
292,44,Female,South,Post-Graduate,Salaried,1426402,843070,Education,744,10,402,82.07261842135925,2020-10-18,0
293,49,Female,South,Post-Graduate,Self-Employed,452156,873851,Car,595,9,114,63.934955906369105,2020-10-19,0
294,51,Male,West,Graduate,Unemployed,1202252,607665,Education,470,11,159,60.66151338699911,2020-10-20,1
295,55,Female,South,High School,Self-Employed,1049776,680532,Education,446,1,155,17.95969809445105,2020-10-21,0
296,53,Male,East,High School,Salaried,1153122,748476,Car,783,3,213,58.333915053807345,2020-10-22,0
297,41,Male,South,Post-Graduate,Self-Employed,669450,787651,Business,605,3,371,19.676852979079385,2020-10-23,1
298,52,Female,South,Post-Graduate,Unemployed,523258,597670,Education,745,3,308,16.295814015631926,2020-10-24,0
299,43,Male,South,High School,Unemployed,448724,820663,Business,520,5,176,52.18487165139146,2020-10-25,0
300,53,Male,North,High School,Self-Employed,401202,761423,Education,677,1,210,42.222842723719594,2020-10-26,0
301,23,Female,North,High School,Salaried,1274101,203466,Education,565,5,143,57.10482161249786,2020-10-27,1
302,38,Male,East,High School,Self-Employed,1328394,904221,Car,394,6,220,17.13777344457909,2020-10-28,0
303,45,Male,East,High School,Salaried,314589,284318,Education,561,10,57,44.47864502778067,2020-10-29,1
304,51,Male,North,High School,Self-Employed,1393982,422778,Home,370,9,135,23.982937203612636,2020-10-30,1
305,23,Female,East,Graduate,Unemployed,819003,181936,Home,518,2,248,88.96800687392933,2020-10-31,0
306,44,Male,North,High School,Salaried,393839,936004,Car,832,10,16,54.89201699481395,2020-11-01,1
307,52,Female,West,Post-Graduate,Salaried,993076,981170,Business,391,11,473,64.99494887526939,2020-11-02,0
308,42,Female,South,Graduate,Salaried,563298,697952,Business,426,7,462,36.033462454608625,2020-11-03,0
309,43,Male,South,High School,Unemployed,706453,726315,Business,379,1,281,17.579113182347534,2020-11-04,0
310,22,Male,East,Post-Graduate,Self-Employed,1150437,422818,Home,537,10,394,88.06966902268293,2020-11-05,0
311,47,Male,North,Graduate,Unemployed,457438,153533,Business,671,7,380,32.90072283065466,2020-11-06,0
312,22,Female,North,Post-Graduate,Salaried,1029901,918277,Business,785,12,46,43.90465481388594,2020-11-07,1
313,46,Male,East,High School,Self-Employed,626903,297997,Car,324,10,496,61.989113736206,2020-11-08,1
314,37,Male,North,High School,Unemployed,1093041,119590,Business,455,4,220,11.975783814888903,2020-11-09,1
315,53,Male,West,High School,Salaried,645872,439919,Home,816,1,174,74.82073044138295,2020-11-10,1
316,29,Male,South,High School,Salaried,610591,378615,Home,829,6,134,52.926255202289624,2020-11-11,0
317,59,Male,East,Graduate,Unemployed,1082894,553692,Home,356,1,346,32.257374965505775,2020-11-12,0
318,49,Female,East,Graduate,Unemployed,639503,531530,Car,318,5,201,14.92863882339754,2020-11-13,1
319,46,Female,North,Post-Graduate,Unemployed,1335300,565795,Car,683,9,227,22.999873237955313,2020-11-14,0
320,55,Male,East,High School,Salaried,953492,355442,Education,492,2,223,81.60270870827495,2020-11-15,1
321,45,Male,West,Post-Graduate,Unemployed,296393,506324,Business,536,8,71,64.88193791487129,2020-11-16,1
322,44,Male,North,Graduate,Salaried,795484,294936,Car,686,2,337,29.992137730951185,2020-11-17,1
323,33,Male,North,High School,Unemployed,601426,623212,Home,725,10,454,15.248061195602363,2020-11-18,1
324,27,Female,North,High School,Salaried,1281916,459925,Home,576,11,390,65.24922499093091,2020-11-19,0
325,56,Male,North,Graduate,Salaried,501994,59726,Car,526,11,170,55.79261807742121,2020-11-20,0
326,40,Female,West,Graduate,Self-Employed,1174488,241896,Car,622,2,75,42.361561956658804,2020-11-21,1
327,21,Female,North,Graduate,Unemployed,837999,90542,Car,452,4,295,39.08891593520511,2020-11-22,1
328,28,Male,East,Graduate,Unemployed,939538,463461,Education,536,6,248,27.345142074328663,2020-11-23,1
329,36,Female,West,Graduate,Salaried,1259670,84753,Home,354,7,29,63.56890052300141,2020-11-24,1
330,34,Female,South,High School,Salaried,1150922,916220,Education,735,11,197,87.65344222350964,2020-11-25,1
331,32,Female,South,Graduate,Salaried,665590,333460,Education,408,10,91,24.057219666946068,2020-11-26,0
332,43,Female,East,High School,Self-Employed,1317374,283979,Business,483,6,372,57.76932960124027,2020-11-27,1
333,35,Male,East,High School,Self-Employed,1102458,658986,Home,667,8,211,43.9348044596781,2020-11-28,1
334,48,Male,West,Graduate,Salaried,401604,328104,Home,497,4,417,45.73509773957319,2020-11-29,0
335,54,Female,South,Graduate,Unemployed,310130,80791,Car,670,9,141,30.331782410225152,2020-11-30,0
336,22,Male,South,High School,Unemployed,1008596,337360,Car,672,10,46,76.01079005291352,2020-12-01,0
337,52,Male,South,Graduate,Self-Employed,890955,999971,Business,796,2,141,48.82044833177929,2020-12-02,0
338,43,Male,South,Graduate,Self-Employed,230257,376571,Education,500,5,86,53.472468175861124,2020-12-03,0
339,42,Male,South,Graduate,Salaried,607427,948902,Car,808,4,98,34.38087302378606,2020-12-04,0
340,45,Male,North,Post-Graduate,Unemployed,1082421,647578,Car,621,11,470,24.544677253355978,2020-12-05,0
341,42,Female,East,High School,Salaried,1122736,621302,Home,574,3,411,16.87283105622564,2020-12-06,0
342,42,Male,North,Post-Graduate,Self-Employed,1185257,185150,Home,510,11,262,67.12953127399328,2020-12-07,0
343,26,Male,South,Graduate,Unemployed,1301267,100519,Car,803,1,353,25.69874253502845,2020-12-08,1
344,35,Male,West,Post-Graduate,Unemployed,618829,840474,Home,417,6,203,65.20602833510381,2020-12-09,0
345,57,Male,West,Graduate,Self-Employed,738314,623340,Business,341,12,185,41.23011568375631,2020-12-10,1
346,53,Female,South,Post-Graduate,Salaried,949450,64389,Car,614,4,42,43.261984079172116,2020-12-11,1
347,28,Female,South,Graduate,Salaried,743898,408105,Home,628,3,67,47.53419968742173,2020-12-12,1
348,25,Female,West,Post-Graduate,Unemployed,1426294,642399,Business,316,11,476,39.41668065020345,2020-12-13,1
349,59,Female,North,Post-Graduate,Self-Employed,525329,941490,Home,582,7,210,18.049598177807205,2020-12-14,1
350,24,Male,North,Post-Graduate,Unemployed,1058999,930147,Home,557,8,37,34.77054480022766,2020-12-15,1
351,26,Female,South,High School,Self-Employed,1427222,887165,Home,318,8,44,63.098748855515076,2020-12-16,1
352,52,Male,North,Post-Graduate,Salaried,1241482,871186,Car,828,2,496,63.26275211750968,2020-12-17,1
353,50,Male,West,High School,Self-Employed,1470699,986128,Education,722,2,134,32.897944579199546,2020-12-18,0
354,55,Male,North,Graduate,Salaried,1022614,922318,Home,765,4,403,46.80821012461504,2020-12-19,1
355,36,Male,South,Post-Graduate,Self-Employed,1118074,207753,Business,672,4,330,25.475778240954998,2020-12-20,1
356,33,Male,West,Graduate,Unemployed,743576,663812,Car,380,9,51,26.829766522386862,2020-12-21,1
357,50,Female,North,Graduate,Salaried,1065256,393150,Car,847,1,94,11.843767072528593,2020-12-22,1
358,39,Female,East,Post-Graduate,Unemployed,200917,861136,Business,723,0,402,81.73972399261957,2020-12-23,0
359,37,Female,West,High School,Unemployed,1212544,547488,Home,728,7,197,26.8565332059925,2020-12-24,1
360,39,Female,West,Post-Graduate,Salaried,1051007,144913,Education,687,2,120,28.202710154917064,2020-12-25,0
361,48,Male,East,Graduate,Salaried,1058950,668396,Home,503,0,280,32.368114611610544,2020-12-26,0
362,46,Female,East,Graduate,Unemployed,977475,829091,Business,495,0,492,20.192645735634322,2020-12-27,1
363,57,Male,West,Post-Graduate,Unemployed,1287680,319637,Car,584,10,450,61.141030654509024,2020-12-28,1
364,46,Female,East,High School,Unemployed,873422,119639,Education,495,1,334,16.011436254206927,2020-12-29,0
365,43,Male,South,High School,Unemployed,479143,281452,Car,606,5,114,20.736194106108023,2020-12-30,1
366,29,Male,South,Graduate,Salaried,462091,366527,Business,313,5,415,61.58053812720743,2020-12-31,1
367,32,Female,South,Graduate,Salaried,603157,708354,Home,445,2,329,37.172849638515416,2021-01-01,0
368,21,Male,West,High School,Unemployed,785457,774640,Education,356,11,50,66.63582613609512,2021-01-02,0
369,21,Male,East,Post-Graduate,Self-Employed,1403118,359378,Car,509,3,224,54.593979573611364,2021-01-03,1
370,54,Female,East,Graduate,Self-Employed,1378320,702962,Car,828,11,80,30.481693844921047,2021-01-04,1
371,52,Male,North,High School,Salaried,259821,536084,Car,643,12,65,62.06623603914625,2021-01-05,1
372,45,Female,North,Graduate,Unemployed,1466317,579882,Home,578,1,416,19.301894423430454,2021-01-06,0
373,21,Female,East,Post-Graduate,Unemployed,449265,811195,Education,508,1,245,52.91283064640243,2021-01-07,1
374,36,Female,East,High School,Salaried,637651,319515,Home,634,6,290,44.97184840360277,2021-01-08,0
375,59,Male,East,Graduate,Self-Employed,1462703,621603,Home,587,12,484,31.429886625395262,2021-01-09,0
376,25,Male,West,Post-Graduate,Self-Employed,474336,788924,Home,551,0,114,58.32039981916001,2021-01-10,1
377,42,Male,East,Graduate,Self-Employed,403834,701539,Business,564,6,399,79.7066873872226,2021-01-11,0
378,49,Female,North,Post-Graduate,Salaried,1335371,282520,Business,570,11,384,89.91237598104614,2021-01-12,1
379,23,Male,West,Post-Graduate,Self-Employed,1413735,653814,Business,718,11,171,58.62102149947396,2021-01-13,1
380,32,Female,East,High School,Salaried,528821,293459,Education,510,0,200,42.376469946333614,2021-01-14,0
381,46,Female,North,Post-Graduate,Salaried,859987,721986,Home,664,5,18,28.01656801729613,2021-01-15,1
382,36,Male,West,Graduate,Unemployed,443877,922437,Home,375,2,69,30.56768715160894,2021-01-16,0
383,57,Female,East,Post-Graduate,Self-Employed,1447874,287330,Business,620,7,390,48.356398251981254,2021-01-17,0
384,42,Male,East,Post-Graduate,Salaried,1120759,155573,Home,732,5,314,39.38221610245674,2021-01-18,1
385,49,Male,East,High School,Self-Employed,336285,974634,Home,408,10,234,83.10516180999554,2021-01-19,1
386,34,Male,West,Post-Graduate,Self-Employed,1350988,187900,Car,821,1,316,39.46363741245676,2021-01-20,1
387,48,Male,North,Post-Graduate,Unemployed,316545,369658,Home,346,7,197,39.87556729163484,2021-01-21,1
388,25,Male,North,Graduate,Self-Employed,1470704,550364,Car,678,4,79,40.68276099471816,2021-01-22,0
389,50,Female,South,High School,Unemployed,874533,555740,Home,395,7,302,76.92961682941265,2021-01-23,0
390,25,Female,East,High School,Salaried,985945,285707,Education,402,7,296,62.06306566775215,2021-01-24,0
391,32,Female,South,High School,Self-Employed,486663,758024,Business,445,5,491,59.13350802551142,2021-01-25,1
392,36,Male,South,Post-Graduate,Salaried,981163,554917,Car,326,1,178,36.73144179070897,2021-01-26,0
393,46,Male,North,High School,Self-Employed,1194453,723243,Business,829,7,71,75.43233414659515,2021-01-27,0
394,46,Male,West,Post-Graduate,Salaried,214995,748419,Car,381,10,358,13.06910890845609,2021-01-28,1
395,41,Female,West,Post-Graduate,Self-Employed,223559,527294,Car,727,5,451,79.66377378704905,2021-01-29,1
396,59,Male,North,Graduate,Self-Employed,721244,748292,Car,778,5,23,51.019991983514366,2021-01-30,1
397,56,Female,West,Graduate,Self-Employed,598237,573116,Education,461,7,173,41.860018789073024,2021-01-31,0
398,53,Female,South,Graduate,Self-Employed,822288,504485,Home,701,0,429,49.773382457414854,2021-02-01,1
399,50,Male,East,Graduate,Self-Employed,644755,563066,Car,807,1,254,63.39324244270649,2021-02-02,0
400,57,Male,North,Graduate,Self-Employed,688051,912418,Education,337,11,344,11.021234121431789,2021-02-03,0
401,43,Female,East,Post-Graduate,Self-Employed,1025782,922391,Car,810,11,17,79.72414851665982,2021-02-04,0
402,30,Male,West,Post-Graduate,Self-Employed,639439,314179,Home,692,8,163,45.73916202491142,2021-02-05,0
403,25,Female,East,High School,Self-Employed,1274093,159767,Car,793,10,45,37.437321576006255,2021-02-06,0
404,56,Male,West,Post-Graduate,Salaried,615466,483961,Education,499,11,57,21.059645250724568,2021-02-07,1
405,54,Male,West,Post-Graduate,Unemployed,1464134,591529,Home,554,7,94,45.15722994867537,2021-02-08,0
406,51,Female,South,Graduate,Self-Employed,676111,627263,Education,478,11,37,49.705821702750306,2021-02-09,1
407,30,Male,West,Post-Graduate,Unemployed,1075564,204226,Home,846,6,205,42.29173555947823,2021-02-10,0
408,39,Female,South,Graduate,Self-Employed,684282,993129,Home,688,6,455,64.29280750615177,2021-02-11,0
409,52,Male,South,High School,Self-Employed,721396,541818,Business,697,4,217,43.67172230073808,2021-02-12,1
410,21,Female,South,High School,Salaried,1354262,106396,Business,457,1,479,86.91340622772587,2021-02-13,0
411,25,Female,North,Post-Graduate,Salaried,1147272,542443,Business,303,10,213,57.94220142588735,2021-02-14,0
412,24,Male,North,High School,Unemployed,919778,168920,Home,466,5,473,74.59823485215271,2021-02-15,1
413,36,Female,West,Post-Graduate,Salaried,1234451,456547,Car,767,9,316,18.748472248758308,2021-02-16,1
414,44,Male,South,High School,Salaried,1462032,244999,Education,708,2,113,41.78330343567246,2021-02-17,0
415,36,Male,North,Graduate,Unemployed,508974,660514,Education,711,3,239,36.94781611577221,2021-02-18,0
416,22,Male,South,Graduate,Salaried,252446,659007,Education,503,12,435,55.55859105092735,2021-02-19,0
417,48,Female,East,Graduate,Self-Employed,1222582,113014,Business,493,9,110,78.88908160491405,2021-02-20,1
418,52,Female,East,Graduate,Unemployed,911943,613634,Home,534,11,38,16.267057420960533,2021-02-21,0
419,47,Male,East,Post-Graduate,Unemployed,1144734,644699,Business,449,10,136,15.805983843576863,2021-02-22,1
420,40,Male,West,High School,Self-Employed,340148,235550,Car,458,1,347,78.02541665260792,2021-02-23,1
421,44,Female,South,Post-Graduate,Salaried,231085,717614,Home,578,1,19,27.028006883068592,2021-02-24,0
422,32,Male,East,Graduate,Unemployed,724006,236806,Education,703,11,115,63.5002603559851,2021-02-25,1
423,55,Male,North,Post-Graduate,Unemployed,1254326,471837,Business,610,7,176,53.43025058886441,2021-02-26,0
424,53,Female,East,High School,Self-Employed,540912,388585,Business,367,7,475,76.63148759097835,2021-02-27,0
425,53,Male,East,Post-Graduate,Self-Employed,235903,96121,Car,762,9,266,20.00711278691228,2021-02-28,1
426,57,Female,East,High School,Salaried,1452137,786778,Car,387,5,304,20.382637257808902,2021-03-01,1
427,32,Male,West,Post-Graduate,Unemployed,812242,372341,Business,516,12,286,54.5454688222646,2021-03-02,1
428,23,Female,North,High School,Salaried,712493,134577,Car,300,4,74,85.71029226866968,2021-03-03,1
429,21,Male,South,High School,Salaried,1205489,406778,Education,434,7,280,43.19982066966034,2021-03-04,1
430,53,Male,North,Graduate,Self-Employed,1069446,299106,Car,650,3,397,36.1553680203756,2021-03-05,1
431,30,Female,South,High School,Unemployed,841593,485647,Car,439,10,197,58.53514585583086,2021-03-06,0
432,49,Male,West,Graduate,Unemployed,400753,542461,Business,432,3,326,84.43588804360249,2021-03-07,0
433,33,Female,West,Graduate,Unemployed,232101,936643,Business,477,4,413,76.9542266275699,2021-03-08,0
434,32,Male,West,Graduate,Self-Employed,202775,710197,Home,657,0,147,89.63868885865759,2021-03-09,1
435,51,Female,West,Post-Graduate,Self-Employed,690399,555200,Home,679,0,352,11.805486656190167,2021-03-10,1
436,22,Female,South,Post-Graduate,Self-Employed,245619,533241,Business,749,1,114,19.02865157702098,2021-03-11,1
437,55,Female,East,Post-Graduate,Self-Employed,612755,526379,Car,762,7,43,58.75742106932976,2021-03-12,0
438,43,Female,South,Post-Graduate,Self-Employed,265149,522295,Car,407,6,389,75.64611514670798,2021-03-13,0
439,37,Male,North,High School,Unemployed,226616,455831,Home,421,9,119,32.81954738454132,2021-03-14,1
440,46,Male,West,High School,Salaried,946055,575754,Home,316,8,441,29.1368870427375,2021-03-15,1
441,28,Female,West,Post-Graduate,Unemployed,1434215,867203,Home,495,4,42,72.95806395049607,2021-03-16,1
442,49,Female,North,High School,Salaried,406903,396030,Education,626,1,363,14.510548308258526,2021-03-17,1
443,46,Female,South,High School,Self-Employed,1479894,378055,Education,617,6,240,39.55061180660681,2021-03-18,0
444,30,Male,East,Graduate,Salaried,1238218,803926,Home,778,7,326,50.46473780738638,2021-03-19,0
445,46,Male,East,Graduate,Unemployed,552365,463962,Car,551,11,275,54.827893948025874,2021-03-20,0
446,54,Male,North,Graduate,Unemployed,1101311,138422,Home,802,6,191,68.28921254342215,2021-03-21,1
447,27,Male,East,Graduate,Salaried,487623,553100,Education,418,6,349,38.38765787445266,2021-03-22,0
448,24,Female,South,High School,Self-Employed,561309,385513,Car,797,11,74,59.01474757396858,2021-03-23,1
449,31,Female,South,Post-Graduate,Self-Employed,255863,838325,Education,785,4,342,56.83003382327651,2021-03-24,1
450,49,Female,North,High School,Unemployed,1421691,342717,Car,344,1,10,53.80928805229977,2021-03-25,1
451,56,Male,South,High School,Salaried,695654,671195,Education,613,5,142,61.23866345137698,2021-03-26,0
452,45,Male,West,High School,Self-Employed,977635,782722,Car,478,3,89,30.755933685446102,2021-03-27,0
453,41,Male,North,Graduate,Self-Employed,913340,936388,Car,717,9,280,16.771900286770318,2021-03-28,1
454,56,Female,South,Graduate,Unemployed,1200460,792820,Car,377,1,250,19.541733763179472,2021-03-29,0
455,30,Female,North,Graduate,Self-Employed,478495,832381,Car,625,11,37,27.966590612312086,2021-03-30,1
456,57,Male,East,Post-Graduate,Salaried,1383779,955012,Business,656,8,232,50.01583484182282,2021-03-31,1
457,29,Female,South,High School,Unemployed,447908,476583,Education,715,6,32,77.23542004368161,2021-04-01,1
458,44,Male,West,Post-Graduate,Unemployed,1031257,202271,Education,814,5,118,66.10346736707072,2021-04-02,0
459,55,Male,South,Graduate,Salaried,1440579,403548,Business,513,11,116,73.12324833616377,2021-04-03,0
460,55,Female,North,Post-Graduate,Unemployed,801982,779688,Car,373,4,154,38.07804991408731,2021-04-04,1
461,56,Male,North,High School,Self-Employed,1133334,894156,Car,808,2,378,42.372299331884015,2021-04-05,0
462,38,Female,South,High School,Self-Employed,900033,922565,Education,631,11,363,41.494550879249026,2021-04-06,0
463,59,Male,West,Graduate,Salaried,1113438,217477,Business,392,9,406,25.349854752360123,2021-04-07,0
464,52,Female,West,Graduate,Self-Employed,944822,279304,Car,818,9,407,14.897332651485762,2021-04-08,0
465,44,Female,West,Post-Graduate,Salaried,769354,590277,Car,568,3,148,57.27328742617814,2021-04-09,1
466,43,Female,North,Graduate,Salaried,334445,865363,Car,675,2,293,89.13733467364689,2021-04-10,0
467,52,Male,South,Graduate,Self-Employed,603551,845722,Home,303,11,307,23.34637639602103,2021-04-11,1
468,57,Male,East,High School,Salaried,1141245,695424,Business,437,10,489,13.7347855919419,2021-04-12,1
469,32,Female,North,Graduate,Self-Employed,769829,392022,Car,530,7,108,72.36253454591463,2021-04-13,0
470,33,Female,West,Graduate,Unemployed,1413705,402621,Home,828,2,326,30.206880534777937,2021-04-14,1
471,43,Male,South,High School,Unemployed,791271,522697,Business,351,6,132,76.37150442823427,2021-04-15,1
472,45,Male,West,High School,Salaried,353837,781658,Car,624,6,329,66.31493336276122,2021-04-16,0
473,55,Male,East,Post-Graduate,Self-Employed,914647,700587,Education,576,6,296,85.65388296406437,2021-04-17,1
474,50,Female,West,Graduate,Self-Employed,1107179,735493,Home,835,12,90,42.714178860533764,2021-04-18,1
475,37,Male,West,High School,Unemployed,1071535,817976,Home,785,6,466,62.957587156050735,2021-04-19,0
476,40,Male,East,Post-Graduate,Unemployed,377597,679974,Car,815,1,19,47.18838246506166,2021-04-20,0
477,45,Female,South,Post-Graduate,Self-Employed,1235408,994556,Car,451,9,17,60.44709578468348,2021-04-21,0
478,42,Male,North,Graduate,Salaried,678454,419430,Home,782,2,414,45.967912480618985,2021-04-22,0
479,33,Male,South,Graduate,Unemployed,1059625,528705,Education,558,9,214,25.090579713925987,2021-04-23,0
480,39,Male,East,Post-Graduate,Salaried,696440,352619,Education,623,8,324,50.63179328027047,2021-04-24,1
481,56,Female,West,High School,Salaried,976372,656954,Business,467,2,443,52.286736114995385,2021-04-25,1
482,32,Female,South,Post-Graduate,Unemployed,845303,408766,Car,609,1,206,74.84830786081288,2021-04-26,0
483,39,Female,North,Graduate,Salaried,372257,763016,Education,778,8,207,68.84165646348649,2021-04-27,0
484,32,Female,East,High School,Salaried,1472597,709993,Business,355,12,39,63.10332991531553,2021-04-28,1
485,29,Female,South,High School,Self-Employed,495599,460520,Education,772,9,488,19.0709676442058,2021-04-29,0
486,27,Female,North,Post-Graduate,Salaried,1145522,157573,Car,595,8,410,67.6493032530972,2021-04-30,0
487,48,Female,East,Graduate,Self-Employed,516363,803180,Business,760,3,468,50.02441250836118,2021-05-01,1
488,34,Male,North,Post-Graduate,Unemployed,1032423,882978,Business,623,11,29,81.52796288849274,2021-05-02,1
489,51,Male,East,Post-Graduate,Unemployed,797904,319152,Business,440,8,57,83.58967473044342,2021-05-03,1
490,39,Female,West,Post-Graduate,Self-Employed,316841,360435,Education,561,2,466,14.412527248142837,2021-05-04,0
491,36,Male,South,High School,Unemployed,369934,208477,Car,719,6,139,75.6513248283583,2021-05-05,1
492,25,Male,North,High School,Salaried,1335270,298141,Business,540,6,302,13.01579123381365,2021-05-06,0
493,55,Female,East,Graduate,Salaried,437068,348530,Home,654,10,394,39.37357005560181,2021-05-07,1
494,32,Male,North,Graduate,Salaried,1030288,665197,Car,479,7,141,53.383998049686326,2021-05-08,0
495,45,Male,North,Post-Graduate,Unemployed,301407,201899,Home,365,9,365,21.848063890170195,2021-05-09,0
496,41,Male,South,Post-Graduate,Salaried,1051161,869472,Home,647,3,63,69.70510500552615,2021-05-10,0
497,56,Male,West,Post-Graduate,Unemployed,1485076,634642,Business,470,2,387,10.668376333771086,2021-05-11,1
498,43,Male,North,Graduate,Salaried,778641,390687,Business,773,2,290,23.487923874722945,2021-05-12,1
499,36,Female,East,High School,Self-Employed,905356,592445,Education,833,11,396,56.463746388278054,2021-05-13,1
500,59,Female,East,High School,Unemployed,1459720,609603,Education,666,4,274,67.1510049629834,2021-05-14,0
501,59,Female,West,Post-Graduate,Unemployed,236683,348076,Education,406,10,479,83.33144821551329,2021-05-15,1
502,34,Male,East,Post-Graduate,Salaried,1362667,464380,Car,738,0,224,66.4397321547699,2021-05-16,1
503,51,Female,West,Post-Graduate,Unemployed,317797,719774,Education,526,9,469,63.742341620389276,2021-05-17,0
504,25,Male,East,Post-Graduate,Unemployed,524934,832957,Home,743,2,467,41.547291708053145,2021-05-18,0
505,55,Male,South,Graduate,Self-Employed,485713,981831,Education,741,5,299,10.102754042144113,2021-05-19,1
506,43,Male,North,High School,Self-Employed,997583,950312,Business,695,2,52,19.612740698849755,2021-05-20,1
507,49,Male,South,Post-Graduate,Salaried,664310,182018,Education,383,4,83,52.764363580483135,2021-05-21,1
508,31,Female,North,Graduate,Self-Employed,1438822,851125,Car,312,8,359,64.01039086755358,2021-05-22,0
509,38,Female,North,Post-Graduate,Salaried,757242,339385,Car,792,1,287,43.395862711717,2021-05-23,1
510,32,Male,North,Post-Graduate,Salaried,1230488,951626,Home,567,10,335,68.45432092227122,2021-05-24,0
511,29,Female,South,High School,Salaried,968223,145790,Car,824,1,251,51.7489836265743,2021-05-25,0
512,30,Male,North,Post-Graduate,Unemployed,309373,983044,Education,419,11,139,15.934095647544977,2021-05-26,1
513,37,Female,South,High School,Self-Employed,758988,646543,Business,652,5,359,25.361300077435907,2021-05-27,1
514,58,Female,West,High School,Salaried,1210540,770117,Car,356,5,203,77.19985785951543,2021-05-28,0
515,27,Male,East,High School,Self-Employed,1372304,222275,Home,339,10,41,67.99301972995517,2021-05-29,0
516,33,Female,East,Graduate,Salaried,1053220,992585,Education,635,10,115,81.5809589609996,2021-05-30,1
517,29,Male,North,Graduate,Self-Employed,1114424,767221,Home,472,7,409,19.404579929674924,2021-05-31,1
518,47,Female,South,High School,Self-Employed,1066491,311439,Car,846,11,213,89.21780276920592,2021-06-01,1
519,22,Male,East,Post-Graduate,Salaried,1119134,61350,Car,558,12,10,26.752537115994688,2021-06-02,0
520,25,Male,South,High School,Unemployed,288059,760872,Home,816,10,254,10.94239010293136,2021-06-03,0
521,49,Female,South,Post-Graduate,Self-Employed,1032583,368953,Education,822,1,81,89.79383512428433,2021-06-04,1
522,57,Female,North,High School,Unemployed,642136,151894,Car,416,8,441,32.48591083560905,2021-06-05,0
523,58,Male,East,Post-Graduate,Unemployed,398303,409701,Business,483,1,315,63.44155620100479,2021-06-06,0
524,39,Female,North,Graduate,Salaried,711162,486048,Car,415,12,406,24.134585134104416,2021-06-07,1
525,28,Female,North,Post-Graduate,Salaried,673573,995873,Education,461,0,24,56.418282575931336,2021-06-08,0
526,21,Male,East,High School,Salaried,529125,606016,Car,842,9,62,82.32279891636475,2021-06-09,1
527,42,Male,East,Graduate,Self-Employed,1107383,329720,Home,536,1,437,35.61449339427509,2021-06-10,1
528,37,Female,West,Post-Graduate,Salaried,1109531,472217,Car,365,11,17,63.62031808354874,2021-06-11,0
529,27,Male,West,Post-Graduate,Salaried,1330548,570841,Car,369,6,339,25.032287103873323,2021-06-12,0
530,45,Male,South,Post-Graduate,Self-Employed,1303298,133384,Education,746,7,55,59.98363189749802,2021-06-13,1
531,24,Male,East,Post-Graduate,Self-Employed,381890,50390,Home,715,4,334,36.916028145400816,2021-06-14,0
532,56,Female,West,Post-Graduate,Salaried,1147436,530751,Education,831,5,123,26.89666068703613,2021-06-15,1
533,26,Female,South,Graduate,Salaried,317473,881868,Car,740,11,156,35.054564056290815,2021-06-16,0
534,51,Male,South,Graduate,Salaried,470741,585857,Business,763,0,175,24.307285480623946,2021-06-17,0
535,39,Female,South,Graduate,Salaried,1058823,456245,Car,695,5,388,82.15328862703062,2021-06-18,0
536,59,Male,West,Graduate,Unemployed,939574,72490,Education,694,11,148,41.774950905370304,2021-06-19,1
537,47,Female,East,High School,Unemployed,525437,882307,Business,625,7,126,29.622344397949387,2021-06-20,0
538,30,Male,North,Graduate,Salaried,356877,544080,Education,390,12,308,45.87262728127463,2021-06-21,1
539,46,Male,South,Post-Graduate,Unemployed,1072834,842299,Education,369,2,285,35.64289334451964,2021-06-22,1
540,39,Female,West,Post-Graduate,Self-Employed,643066,655108,Home,465,10,413,69.55354030506608,2021-06-23,1
541,59,Male,West,Graduate,Unemployed,534923,411659,Business,513,0,286,87.69759295083955,2021-06-24,0
542,23,Female,North,Post-Graduate,Unemployed,819696,321265,Car,634,10,347,45.042692535811746,2021-06-25,1
543,33,Female,North,Graduate,Salaried,320062,51539,Education,668,3,322,78.88267199777923,2021-06-26,1
544,48,Male,West,Post-Graduate,Unemployed,1260676,460243,Car,348,0,187,55.26904588476956,2021-06-27,0
545,40,Male,East,High School,Unemployed,1232499,439546,Home,351,7,339,22.57885320753868,2021-06-28,1
546,48,Female,North,High School,Unemployed,1443048,910661,Home,588,4,363,65.24981936650732,2021-06-29,1
547,28,Male,West,Graduate,Unemployed,1078878,976425,Business,538,0,163,51.07475977006561,2021-06-30,0
548,59,Male,North,Graduate,Self-Employed,434196,362579,Home,432,7,423,62.04852186016828,2021-07-01,1
549,21,Male,East,Graduate,Salaried,407609,565584,Home,465,8,210,81.1749930057332,2021-07-02,0
550,23,Male,South,Post-Graduate,Salaried,875302,977814,Car,673,9,375,45.23476565248369,2021-07-03,1
551,33,Male,North,Graduate,Self-Employed,483006,113965,Home,672,1,124,82.09420985738845,2021-07-04,1
552,48,Female,East,High School,Unemployed,473813,565249,Home,777,8,168,70.05352114253239,2021-07-05,0
553,45,Female,West,Post-Graduate,Self-Employed,1107651,423192,Education,778,7,51,49.08839407023878,2021-07-06,1
554,53,Male,North,Graduate,Unemployed,909132,932876,Home,599,6,256,58.257770852637094,2021-07-07,1
555,58,Male,North,Post-Graduate,Self-Employed,473022,382066,Education,381,2,77,36.046490601520915,2021-07-08,1
556,26,Male,West,Post-Graduate,Salaried,989417,147799,Home,386,1,454,88.68778397910194,2021-07-09,0
557,52,Female,South,Graduate,Salaried,691121,143948,Home,524,6,454,63.38809304403168,2021-07-10,0
558,41,Male,West,Post-Graduate,Salaried,1453296,526055,Business,315,4,335,13.507748199730392,2021-07-11,0
559,36,Female,North,High School,Unemployed,481075,193314,Business,657,5,343,36.1297524598407,2021-07-12,0
560,41,Female,West,High School,Unemployed,1341452,298099,Education,462,3,205,59.8651547007246,2021-07-13,0
561,31,Female,East,Post-Graduate,Self-Employed,724624,845379,Home,813,1,99,14.506662223939184,2021-07-14,1
562,57,Male,West,Graduate,Self-Employed,1029365,817610,Car,649,8,120,11.910735305531421,2021-07-15,0
563,56,Female,North,Post-Graduate,Salaried,1202403,776826,Business,763,2,377,46.001939162224204,2021-07-16,0
564,55,Male,West,High School,Unemployed,793792,809066,Car,674,11,368,36.6152143754136,2021-07-17,0
565,39,Female,South,Post-Graduate,Self-Employed,823502,305821,Business,391,6,154,45.06388864265327,2021-07-18,1
566,40,Male,West,Post-Graduate,Unemployed,1430796,767176,Business,480,7,284,31.015464790400415,2021-07-19,1
567,38,Female,South,High School,Unemployed,313936,360929,Home,600,1,188,23.17741975543847,2021-07-20,0
568,34,Male,East,Post-Graduate,Salaried,216279,956395,Business,488,5,250,65.13146855842702,2021-07-21,1
569,35,Female,South,Post-Graduate,Salaried,1448313,836939,Car,613,10,335,51.16568930142404,2021-07-22,1
570,51,Male,West,Graduate,Unemployed,1352327,510188,Business,792,7,328,26.012336899949347,2021-07-23,1
571,21,Male,North,Graduate,Unemployed,1319962,732511,Education,427,6,486,35.56715410079987,2021-07-24,1
572,23,Male,South,High School,Unemployed,286124,61618,Home,818,10,340,57.344632613066075,2021-07-25,0
573,36,Male,East,High School,Unemployed,536199,386430,Home,725,2,473,15.778347861798228,2021-07-26,0
574,43,Female,South,High School,Salaried,291911,328266,Education,486,0,423,21.796240741294362,2021-07-27,1
575,31,Female,South,Graduate,Self-Employed,1085050,712714,Education,849,5,162,15.85964832859121,2021-07-28,1
576,32,Male,South,High School,Salaried,922030,946030,Education,752,7,113,74.9853866171295,2021-07-29,1
577,30,Female,East,High School,Self-Employed,1193978,998483,Business,770,5,84,70.19273865696074,2021-07-30,1
578,52,Male,West,High School,Unemployed,647244,660724,Home,523,4,137,70.26503455034057,2021-07-31,0
579,36,Male,South,Graduate,Self-Employed,1469670,260448,Education,453,10,208,67.30602747808224,2021-08-01,1
580,28,Female,South,Post-Graduate,Salaried,576036,545919,Business,650,11,163,63.550833893589534,2021-08-02,0
581,58,Male,North,High School,Salaried,437723,186109,Education,446,7,65,48.159353230254,2021-08-03,1
582,32,Male,East,Post-Graduate,Unemployed,1038927,78633,Car,648,1,287,61.3822530805692,2021-08-04,0
583,44,Female,South,High School,Salaried,282806,860927,Car,481,11,354,13.068924383037972,2021-08-05,1
584,48,Male,East,Post-Graduate,Unemployed,931893,900982,Home,478,0,28,59.71715381254277,2021-08-06,0
585,28,Male,South,Graduate,Salaried,1478673,262456,Business,338,0,168,72.23021644295017,2021-08-07,0
586,48,Male,West,Graduate,Salaried,1174334,348627,Car,302,3,35,50.028668830751215,2021-08-08,0
587,56,Male,West,High School,Unemployed,1192144,425325,Car,363,5,435,38.601066274178955,2021-08-09,1
588,46,Female,South,Post-Graduate,Self-Employed,397478,516589,Business,328,12,178,32.19413878407833,2021-08-10,0
589,28,Female,West,Graduate,Salaried,687436,346213,Education,671,8,493,61.4241640129666,2021-08-11,1
590,48,Female,South,High School,Self-Employed,689709,188442,Business,822,0,32,65.42409589039269,2021-08-12,0
591,48,Male,West,High School,Salaried,637585,694161,Education,396,11,56,79.6774079890034,2021-08-13,0
592,57,Male,North,Graduate,Salaried,1480780,953275,Car,741,0,22,37.38672659687926,2021-08-14,1
593,56,Female,North,Graduate,Salaried,557546,121947,Car,502,12,226,71.58178459084684,2021-08-15,0
594,47,Male,North,High School,Salaried,1017108,220205,Car,710,12,331,54.908465935147035,2021-08-16,1
595,37,Male,East,Post-Graduate,Self-Employed,1050525,801395,Home,320,4,203,80.62691925424633,2021-08-17,1
596,29,Male,East,Post-Graduate,Self-Employed,381871,145761,Home,401,9,153,52.22496866364966,2021-08-18,1
597,53,Male,North,Post-Graduate,Salaried,541558,425897,Home,345,4,82,51.41038627183738,2021-08-19,1
598,40,Female,East,High School,Salaried,698512,968196,Business,365,4,165,56.23016651527273,2021-08-20,0
599,33,Female,West,Graduate,Self-Employed,967442,603214,Car,463,9,86,69.94522841139475,2021-08-21,0
600,48,Female,South,High School,Unemployed,675278,936214,Car,410,5,428,87.17523830627687,2021-08-22,1
601,49,Male,South,Graduate,Unemployed,494067,154700,Business,637,7,178,15.885068337261252,2021-08-23,0
602,33,Female,South,Post-Graduate,Self-Employed,579593,386128,Home,422,2,470,14.274768191281373,2021-08-24,0
603,55,Female,North,Post-Graduate,Salaried,694955,486606,Business,746,8,296,85.00402699258709,2021-08-25,1
604,26,Male,East,Graduate,Salaried,1484574,623881,Home,590,12,94,52.39005004145649,2021-08-26,0
605,38,Male,West,Graduate,Unemployed,1246195,912041,Car,711,0,425,59.192241165354886,2021-08-27,1
606,25,Female,West,High School,Unemployed,846045,55209,Education,580,3,191,48.59388812757831,2021-08-28,0
607,45,Female,North,Post-Graduate,Self-Employed,1017459,700988,Home,342,8,491,17.49259620859796,2021-08-29,0
608,22,Female,West,High School,Unemployed,890824,449749,Car,785,7,465,71.44715027349332,2021-08-30,1
609,30,Female,West,High School,Self-Employed,350528,660885,Car,350,9,324,69.77797160708695,2021-08-31,0
610,50,Male,West,High School,Unemployed,668011,319355,Education,509,8,306,34.93626571942496,2021-09-01,0
611,25,Female,West,Post-Graduate,Unemployed,497698,59927,Car,425,0,121,34.49913961827203,2021-09-02,1
612,53,Female,East,High School,Unemployed,924687,782823,Car,791,8,459,77.02731047244148,2021-09-03,0
613,21,Male,West,High School,Salaried,946760,691621,Home,808,2,239,15.78858061930613,2021-09-04,1
614,38,Female,South,High School,Salaried,498783,205666,Home,557,10,105,80.48841186852526,2021-09-05,0
615,52,Male,North,High School,Salaried,1479758,780212,Education,487,11,447,30.532935191673154,2021-09-06,1
616,31,Male,East,High School,Unemployed,1337613,258785,Education,529,9,177,57.438779820439514,2021-09-07,1
617,41,Male,West,High School,Self-Employed,948423,388526,Car,488,8,387,84.87953432014221,2021-09-08,1
618,46,Female,East,Post-Graduate,Self-Employed,1437063,189005,Home,714,0,165,64.24980012293172,2021-09-09,1
619,45,Female,West,High School,Self-Employed,218074,678068,Education,309,0,430,43.154384997362925,2021-09-10,1
620,42,Male,South,Graduate,Self-Employed,870909,614984,Education,413,8,114,65.16273671243322,2021-09-11,0
621,47,Female,North,High School,Salaried,956967,246521,Business,375,10,202,37.51837090530962,2021-09-12,0
622,33,Female,West,High School,Salaried,776553,379760,Education,801,5,498,32.18067330793489,2021-09-13,1
623,53,Male,West,Post-Graduate,Unemployed,216061,973593,Car,384,3,339,89.73466223477438,2021-09-14,0
624,54,Male,West,Post-Graduate,Unemployed,1408458,499764,Home,348,6,448,70.06321849438302,2021-09-15,1
625,55,Female,West,Graduate,Self-Employed,653222,207195,Education,794,4,141,61.57759819054541,2021-09-16,0
626,21,Male,North,Graduate,Salaried,837790,451013,Business,686,9,364,38.4231714575455,2021-09-17,0
627,41,Female,North,Post-Graduate,Self-Employed,702175,100013,Home,688,6,391,13.932866332403853,2021-09-18,1
628,26,Female,South,Post-Graduate,Unemployed,831516,451562,Education,517,7,147,12.484550082812449,2021-09-19,1
629,48,Female,North,High School,Unemployed,406548,266486,Business,645,7,440,54.334500435903905,2021-09-20,0
630,37,Female,West,Post-Graduate,Self-Employed,650983,476888,Education,529,0,340,70.96261768312408,2021-09-21,0
631,25,Male,South,Graduate,Unemployed,668535,460869,Home,554,7,279,52.990335235508404,2021-09-22,1
632,51,Male,South,High School,Self-Employed,696005,885988,Home,535,5,47,77.26280575512916,2021-09-23,0
633,25,Male,South,Graduate,Salaried,900757,960155,Home,325,3,405,12.67412264745773,2021-09-24,0
634,58,Male,West,High School,Self-Employed,1261809,813638,Car,560,12,54,39.34016611407521,2021-09-25,1
635,23,Female,East,Post-Graduate,Salaried,966565,600428,Education,570,11,410,28.965631293934244,2021-09-26,0
636,43,Female,West,Graduate,Salaried,683236,313328,Car,422,7,473,45.78183745256976,2021-09-27,1
637,57,Male,North,High School,Unemployed,1052159,477709,Home,556,2,172,15.790111455529798,2021-09-28,1
638,57,Female,North,High School,Unemployed,828423,730206,Business,720,12,459,86.3305313256858,2021-09-29,1
639,30,Female,West,Post-Graduate,Unemployed,570608,161361,Education,558,3,340,27.860432085548872,2021-09-30,0
640,30,Female,West,Post-Graduate,Self-Employed,417314,727555,Car,346,5,262,83.78462203868678,2021-10-01,0
641,39,Male,South,Post-Graduate,Self-Employed,737970,842038,Education,824,10,178,44.07145240293454,2021-10-02,1
642,37,Male,West,Graduate,Unemployed,354455,447172,Business,507,6,460,88.84193066041745,2021-10-03,1
643,41,Male,South,High School,Self-Employed,948692,66555,Car,610,3,294,54.32467067681686,2021-10-04,0
644,34,Female,North,Post-Graduate,Unemployed,485810,574213,Home,448,3,283,84.46662913406459,2021-10-05,0
645,29,Male,South,Graduate,Self-Employed,627858,664673,Car,737,6,29,10.427919095537828,2021-10-06,0
646,21,Male,West,Graduate,Salaried,734522,461906,Education,454,5,248,69.859104494472,2021-10-07,1
647,33,Male,North,Graduate,Salaried,781904,370646,Education,389,12,279,82.24405224820123,2021-10-08,1
648,24,Male,East,Post-Graduate,Unemployed,471365,305658,Education,657,10,427,21.177645358316326,2021-10-09,0
649,21,Male,South,Post-Graduate,Self-Employed,1391058,492065,Education,473,7,442,17.69006813857212,2021-10-10,0
650,52,Male,North,High School,Self-Employed,916773,731707,Home,516,0,319,43.96580857487645,2021-10-11,0
651,54,Female,South,High School,Salaried,1249627,804085,Car,755,9,40,84.69431249063481,2021-10-12,1
652,48,Female,North,Post-Graduate,Salaried,278116,153844,Home,498,12,323,53.390924815235095,2021-10-13,1
653,51,Male,North,Graduate,Unemployed,584370,141321,Home,785,10,113,52.19651709773857,2021-10-14,0
654,28,Male,South,Graduate,Salaried,1477507,885488,Home,832,6,179,21.290089463945748,2021-10-15,0
655,59,Female,East,Graduate,Unemployed,719385,769211,Education,499,11,195,10.063160887457503,2021-10-16,1
656,46,Female,North,High School,Salaried,426572,148234,Education,670,6,137,74.8112072596369,2021-10-17,1
657,54,Male,North,Graduate,Salaried,331379,524718,Education,747,10,219,17.005965038899056,2021-10-18,0
658,23,Male,North,High School,Self-Employed,1186399,801993,Car,547,6,423,60.70798549882592,2021-10-19,0
659,32,Male,East,High School,Salaried,426256,775571,Business,563,6,290,83.16931636121532,2021-10-20,0
660,21,Male,East,Graduate,Salaried,1022376,878282,Education,357,9,456,26.69215305267448,2021-10-21,1
661,25,Female,West,Graduate,Unemployed,1085987,521761,Car,601,9,262,63.22182689895286,2021-10-22,0
662,50,Male,South,Post-Graduate,Salaried,762422,339987,Education,330,7,28,16.295886136600757,2021-10-23,1
663,50,Male,East,Post-Graduate,Unemployed,620539,374464,Education,797,8,209,58.30041150700904,2021-10-24,1
664,37,Male,South,Graduate,Salaried,402834,604081,Home,548,8,229,23.11453767625622,2021-10-25,0
665,43,Male,West,High School,Salaried,1476155,723217,Home,570,1,145,68.87628484121424,2021-10-26,0
666,35,Female,South,High School,Unemployed,750242,69627,Home,693,12,232,34.09850358351265,2021-10-27,1
667,57,Female,East,High School,Self-Employed,910381,373966,Car,801,12,12,47.0712807043717,2021-10-28,0
668,41,Female,South,High School,Unemployed,951287,527317,Business,383,6,460,57.95444336220974,2021-10-29,1
669,34,Male,East,High School,Unemployed,726249,272633,Business,664,6,245,23.701872853299164,2021-10-30,0
670,22,Male,South,Post-Graduate,Unemployed,736785,367942,Car,848,3,351,69.33102548940967,2021-10-31,0
671,31,Female,East,Graduate,Self-Employed,625767,798728,Education,641,8,474,34.211227250945164,2021-11-01,0
672,59,Male,East,Post-Graduate,Salaried,999687,749476,Car,706,7,237,62.98974879302028,2021-11-02,0
673,58,Male,South,High School,Unemployed,335639,387462,Education,724,11,410,22.66264405594989,2021-11-03,1
674,54,Female,West,High School,Unemployed,960177,416330,Car,392,0,151,65.04941273650802,2021-11-04,1
675,58,Female,North,High School,Self-Employed,1268965,832479,Car,711,1,18,20.25504582483694,2021-11-05,1
676,54,Female,West,High School,Unemployed,1424171,400046,Car,731,12,199,44.02851970159869,2021-11-06,0
677,38,Female,South,Graduate,Salaried,523720,471773,Business,458,12,359,29.776485899110146,2021-11-07,1
678,50,Male,West,High School,Self-Employed,1244846,383478,Home,313,1,414,69.8700199542546,2021-11-08,1
679,35,Male,East,Graduate,Salaried,1030351,518379,Car,672,11,469,30.962800360549963,2021-11-09,1
680,47,Female,North,High School,Salaried,937463,418863,Business,524,11,174,80.5373845116317,2021-11-10,0
681,54,Male,South,Graduate,Self-Employed,203358,173099,Home,804,10,489,81.34561691252902,2021-11-11,1
682,58,Female,South,Post-Graduate,Unemployed,550679,783362,Home,372,7,148,25.715305217822866,2021-11-12,0
683,53,Female,South,High School,Salaried,701110,747974,Car,548,0,285,59.10767560061794,2021-11-13,0
684,44,Male,North,Graduate,Salaried,407596,324864,Education,810,3,300,17.017411337597146,2021-11-14,1
685,35,Female,East,Post-Graduate,Salaried,830270,369752,Education,515,9,62,41.322967968130335,2021-11-15,0
686,50,Male,South,High School,Salaried,428129,157449,Education,840,11,184,67.06573836010179,2021-11-16,1
687,37,Male,West,High School,Self-Employed,528953,152828,Car,519,4,119,62.7538597479933,2021-11-17,1
688,25,Male,South,High School,Self-Employed,817367,176613,Education,520,8,212,59.97605355252864,2021-11-18,1
689,49,Male,South,Graduate,Salaried,1304381,122095,Business,688,6,445,32.60326909299549,2021-11-19,1
690,24,Female,South,Graduate,Unemployed,362421,680212,Business,341,7,145,40.24199595475216,2021-11-20,1
691,30,Male,South,Post-Graduate,Salaried,1456425,527910,Business,582,10,13,18.235691576022894,2021-11-21,0
692,37,Female,East,Graduate,Unemployed,1061465,670740,Business,357,8,164,67.52182563468807,2021-11-22,1
693,30,Female,West,Graduate,Salaried,438483,137593,Home,836,12,181,50.311103743301885,2021-11-23,0
694,37,Female,East,High School,Unemployed,592551,741252,Business,372,6,433,66.70125058765237,2021-11-24,1
695,40,Female,West,High School,Salaried,1292617,943407,Education,428,4,367,29.91548198374982,2021-11-25,1
696,44,Male,South,High School,Unemployed,470146,389386,Car,725,12,56,35.9550582908053,2021-11-26,1
697,25,Male,North,High School,Salaried,307524,952473,Education,424,4,103,36.73722698080917,2021-11-27,0
698,54,Female,East,High School,Salaried,418306,176202,Business,366,9,437,12.059392779777296,2021-11-28,0
699,26,Female,North,High School,Unemployed,1111289,127606,Home,305,10,57,37.28382982644988,2021-11-29,0
700,22,Male,East,High School,Self-Employed,744026,173769,Business,613,5,249,74.26436588144269,2021-11-30,0
701,33,Female,South,Post-Graduate,Unemployed,313776,168542,Car,625,4,356,81.78387965997908,2021-12-01,1
702,31,Male,East,Post-Graduate,Self-Employed,380494,418582,Education,805,12,222,51.45746525087419,2021-12-02,1
703,43,Female,South,Post-Graduate,Salaried,392971,837356,Car,381,11,445,46.44013561753762,2021-12-03,0
704,36,Male,East,Post-Graduate,Unemployed,1129896,625610,Car,301,10,349,12.46596949594962,2021-12-04,0
705,51,Female,South,High School,Unemployed,477785,207550,Car,503,8,333,80.33634700683061,2021-12-05,0
706,31,Female,South,Post-Graduate,Unemployed,468449,645330,Education,703,2,148,11.040817074069817,2021-12-06,1
707,36,Male,West,High School,Self-Employed,953622,620706,Business,402,2,214,85.58000641681694,2021-12-07,0
708,28,Female,South,Post-Graduate,Self-Employed,436371,505433,Car,835,6,390,49.13729989504725,2021-12-08,0
709,24,Female,West,Graduate,Salaried,802251,674987,Education,667,6,82,37.35475948597813,2021-12-09,1
710,24,Male,South,Post-Graduate,Self-Employed,846275,140140,Home,511,5,13,83.93747478741281,2021-12-10,0
711,45,Female,North,Post-Graduate,Self-Employed,324591,516978,Education,508,2,85,11.951279448807739,2021-12-11,1
712,23,Male,South,High School,Salaried,792054,586069,Home,416,12,338,56.51399158952697,2021-12-12,1
713,52,Male,North,Post-Graduate,Unemployed,730799,448731,Education,777,6,86,53.91460195994701,2021-12-13,1
714,23,Female,North,Graduate,Unemployed,839104,429502,Business,404,4,313,27.545632096910566,2021-12-14,1
715,47,Female,South,High School,Salaried,700981,348277,Car,794,6,265,44.31099450801685,2021-12-15,1
716,49,Female,North,High School,Unemployed,973720,147628,Business,345,1,419,62.181120475501615,2021-12-16,0
717,52,Female,West,Post-Graduate,Self-Employed,1143681,651234,Education,630,5,111,68.17049575055421,2021-12-17,0
718,39,Female,East,High School,Salaried,466909,135058,Car,515,7,115,10.057348696526383,2021-12-18,1
719,41,Female,South,High School,Salaried,1400002,976599,Home,791,0,342,84.94827440728122,2021-12-19,1
720,25,Female,North,High School,Salaried,1408468,531799,Education,748,3,48,23.16202979142499,2021-12-20,0
721,38,Male,South,High School,Unemployed,1360152,201542,Car,835,10,485,28.686434737788737,2021-12-21,0
722,48,Female,West,High School,Salaried,1183667,355273,Home,810,0,323,31.07787565550786,2021-12-22,1
723,42,Male,South,High School,Salaried,1326101,320675,Home,757,0,284,13.025610924162825,2021-12-23,0
724,41,Female,South,Graduate,Salaried,213780,349182,Business,846,9,97,19.844169887225995,2021-12-24,0
725,26,Female,North,Post-Graduate,Unemployed,468733,400083,Education,835,11,220,88.90799383553296,2021-12-25,1
726,21,Male,West,Graduate,Self-Employed,1080096,92674,Home,839,10,378,35.21733899018288,2021-12-26,0
727,25,Female,East,High School,Salaried,1163443,177572,Car,783,7,86,19.224087227123945,2021-12-27,0
728,32,Female,East,High School,Self-Employed,304188,800018,Home,315,6,86,18.559300893969866,2021-12-28,0
729,46,Male,North,Post-Graduate,Unemployed,817614,525692,Home,542,11,451,67.55679741359775,2021-12-29,0
730,54,Female,South,Graduate,Unemployed,1027385,341975,Business,506,9,37,78.36549312261127,2021-12-30,1
731,34,Female,North,Post-Graduate,Unemployed,790073,631462,Business,570,12,254,30.55618396067759,2021-12-31,0
732,46,Female,North,Graduate,Unemployed,1274477,847711,Car,414,0,75,11.672760986818798,2022-01-01,1
733,47,Male,North,High School,Self-Employed,667927,481436,Business,598,10,275,27.847201475628466,2022-01-02,0
734,29,Female,South,Post-Graduate,Salaried,849285,897042,Home,782,12,391,14.521255263740587,2022-01-03,1
735,46,Female,West,Post-Graduate,Unemployed,497584,495935,Home,696,1,479,18.27159493040332,2022-01-04,1
736,42,Female,North,High School,Unemployed,1092015,830296,Business,693,3,214,44.52064958781139,2022-01-05,0
737,50,Female,South,Post-Graduate,Self-Employed,780971,103051,Home,374,0,67,28.393469668930607,2022-01-06,1
738,37,Male,West,Graduate,Self-Employed,586350,253085,Home,781,2,210,51.27567028203387,2022-01-07,1
739,46,Male,North,Graduate,Unemployed,372502,368796,Car,402,7,234,30.27950026057523,2022-01-08,1
740,56,Female,East,Graduate,Salaried,974107,115524,Business,596,7,151,85.24298408823581,2022-01-09,1
741,21,Female,West,Graduate,Salaried,1054741,526152,Home,477,7,390,82.47551743410116,2022-01-10,1
742,28,Male,North,High School,Unemployed,1032359,318614,Business,514,5,377,55.34448840083728,2022-01-11,0
743,55,Male,West,Post-Graduate,Self-Employed,1455062,510814,Car,614,5,93,38.35391935899089,2022-01-12,1
744,35,Female,West,Graduate,Unemployed,1112935,567733,Business,338,4,152,40.49175056277885,2022-01-13,1
745,42,Male,West,High School,Unemployed,649777,365617,Home,558,12,361,42.948182651559755,2022-01-14,0
746,34,Female,West,Post-Graduate,Self-Employed,341449,987384,Business,306,8,42,68.20634577079552,2022-01-15,0
747,46,Male,West,Post-Graduate,Unemployed,777880,805477,Home,348,3,410,46.131119641507034,2022-01-16,1
748,48,Male,West,High School,Unemployed,1386995,94439,Home,837,9,161,78.5383957204718,2022-01-17,0
749,43,Male,North,High School,Unemployed,495920,326452,Home,460,11,167,85.52758287442916,2022-01-18,0
750,34,Male,East,Graduate,Self-Employed,1121287,141563,Car,475,11,455,36.87569227031471,2022-01-19,0
751,44,Female,South,Post-Graduate,Salaried,335370,801616,Business,301,11,150,54.85555851005441,2022-01-20,0
752,22,Male,West,Post-Graduate,Salaried,1056636,347225,Car,754,6,455,17.604522946605154,2022-01-21,0
753,46,Male,South,High School,Self-Employed,1072639,780602,Business,575,0,260,26.037523821308717,2022-01-22,0
754,34,Female,North,Post-Graduate,Salaried,648377,493599,Car,797,8,312,43.07726133681281,2022-01-23,1
755,27,Male,West,Graduate,Unemployed,1047084,584125,Education,327,6,121,26.49621727214231,2022-01-24,1
756,23,Male,East,Post-Graduate,Salaried,691830,809495,Home,632,9,153,80.1248392630974,2022-01-25,0
757,43,Female,South,High School,Unemployed,1116004,692416,Home,300,11,459,22.662900484727846,2022-01-26,0
758,38,Male,West,High School,Salaried,443767,217896,Car,487,8,218,46.45286572424736,2022-01-27,1
759,58,Female,North,Graduate,Self-Employed,627244,738433,Education,355,6,233,58.45593923679005,2022-01-28,0
760,55,Female,East,Graduate,Salaried,704677,949083,Home,846,1,52,65.34911265286755,2022-01-29,1
761,35,Female,South,Post-Graduate,Salaried,1063428,671912,Business,411,5,273,40.64554957812054,2022-01-30,0
762,45,Female,South,Post-Graduate,Salaried,1016698,469515,Car,609,9,253,79.52792549797829,2022-01-31,1
763,57,Male,West,High School,Self-Employed,718895,764221,Home,335,11,12,55.46553208623404,2022-02-01,1
764,48,Female,East,Graduate,Salaried,1475393,80063,Home,738,10,134,45.16062243580414,2022-02-02,0
765,30,Male,East,Graduate,Self-Employed,617216,643741,Car,624,3,277,15.37925072416293,2022-02-03,0
766,59,Male,East,Graduate,Unemployed,1131515,304371,Car,606,2,93,47.175157475613204,2022-02-04,0
767,37,Male,East,Post-Graduate,Salaried,1251442,152166,Business,833,1,25,75.65886726525842,2022-02-05,0
768,59,Male,North,Graduate,Self-Employed,312669,64506,Business,408,5,343,59.16328145770524,2022-02-06,1
769,42,Male,East,High School,Self-Employed,992330,275413,Home,671,7,473,76.57299629832947,2022-02-07,0
770,46,Male,South,High School,Salaried,480539,163604,Home,656,5,68,49.520933647944446,2022-02-08,1
771,45,Male,South,Post-Graduate,Unemployed,1220747,76026,Car,480,8,186,19.476936407558547,2022-02-09,0
772,37,Male,North,Post-Graduate,Self-Employed,466150,470888,Home,655,4,72,11.091187666870486,2022-02-10,1
773,33,Male,South,Graduate,Salaried,889753,364557,Home,367,1,455,34.257563737487295,2022-02-11,0
774,40,Male,South,Post-Graduate,Unemployed,643258,305116,Car,591,7,58,65.8392377198234,2022-02-12,0
775,45,Female,East,High School,Self-Employed,689415,377210,Home,480,8,316,73.2207923153355,2022-02-13,1
776,24,Female,South,Graduate,Self-Employed,1147135,240285,Home,765,9,255,33.660226769626355,2022-02-14,0
777,30,Female,North,High School,Unemployed,846012,100971,Education,733,3,298,49.652313670659765,2022-02-15,0
778,23,Male,East,Graduate,Unemployed,1093659,470497,Business,763,5,295,43.68951235472653,2022-02-16,0
779,38,Female,West,Post-Graduate,Salaried,924857,163978,Car,833,10,452,42.841822748114225,2022-02-17,0
780,56,Female,East,Graduate,Salaried,688029,209163,Education,365,9,341,28.50789705601204,2022-02-18,0
781,42,Female,North,Graduate,Self-Employed,372646,886926,Business,320,7,24,20.90968840235667,2022-02-19,1
782,54,Male,East,High School,Unemployed,550164,153864,Business,683,8,347,25.73508465849705,2022-02-20,0
783,28,Male,East,High School,Unemployed,1343457,986114,Business,338,11,264,14.426590973067688,2022-02-21,1
784,39,Male,North,Graduate,Unemployed,442934,444295,Education,584,4,101,25.850459345886165,2022-02-22,0
785,57,Male,East,Post-Graduate,Self-Employed,332659,669674,Education,635,11,288,10.736071810030356,2022-02-23,0
786,26,Female,North,Post-Graduate,Unemployed,701323,489967,Business,487,5,215,60.18067205087826,2022-02-24,1
787,46,Female,North,High School,Unemployed,839872,660414,Home,542,10,103,35.31003259101463,2022-02-25,1
788,54,Female,West,Post-Graduate,Self-Employed,947108,498648,Home,372,3,234,87.85157691415269,2022-02-26,1
789,26,Female,South,High School,Salaried,1062318,736311,Education,778,4,310,25.497364062103827,2022-02-27,1
790,57,Male,South,Post-Graduate,Salaried,1136320,655151,Education,400,6,327,37.66628562476751,2022-02-28,1
791,53,Male,East,Graduate,Self-Employed,1015864,390435,Education,813,8,472,38.62729269132266,2022-03-01,0
792,42,Male,East,High School,Unemployed,1428265,175659,Business,475,9,208,10.676119684996843,2022-03-02,1
793,41,Female,West,High School,Self-Employed,1413865,765232,Home,537,10,280,77.13663624315672,2022-03-03,1
794,26,Male,West,Graduate,Salaried,467598,57235,Education,358,12,243,12.559556811545978,2022-03-04,0
795,26,Male,West,High School,Salaried,1350997,394877,Education,398,5,55,85.2143867783393,2022-03-05,0
796,24,Female,North,Post-Graduate,Self-Employed,1486821,112712,Car,794,5,73,81.36594808748966,2022-03-06,1
797,50,Female,West,Post-Graduate,Self-Employed,1201452,202545,Business,813,7,239,52.841753286877086,2022-03-07,1
798,31,Male,West,High School,Salaried,1295687,772927,Car,596,10,439,53.48764599290337,2022-03-08,1
799,50,Male,East,Post-Graduate,Self-Employed,632829,812178,Home,510,3,449,62.302233836492505,2022-03-09,0
800,51,Male,West,High School,Salaried,416750,175849,Car,422,2,258,40.96400095479096,2022-03-10,1
801,44,Male,North,Graduate,Self-Employed,320592,305493,Car,528,6,255,61.77778267182844,2022-03-11,0
802,29,Male,North,High School,Self-Employed,434000,654111,Car,687,4,437,13.58147109507895,2022-03-12,0
803,23,Male,East,Graduate,Self-Employed,980277,154215,Business,439,1,84,14.323810187978125,2022-03-13,0
804,51,Female,West,Post-Graduate,Salaried,522137,815359,Home,840,1,166,46.57843356956355,2022-03-14,0
805,57,Female,West,Graduate,Self-Employed,1377228,82230,Car,690,10,232,53.9697840884828,2022-03-15,1
806,56,Female,North,Post-Graduate,Salaried,1126352,396717,Business,569,5,199,81.02541122686551,2022-03-16,0
807,44,Male,West,High School,Salaried,708069,797948,Home,311,7,482,18.372850712631703,2022-03-17,0
808,51,Female,West,Post-Graduate,Self-Employed,1052557,512092,Education,688,0,61,75.81183417551115,2022-03-18,1
809,26,Male,West,High School,Self-Employed,1466092,352788,Car,636,10,447,26.80378698336557,2022-03-19,0
810,22,Male,South,High School,Salaried,579653,229736,Home,805,5,97,41.526691880802545,2022-03-20,1
811,40,Female,East,Graduate,Salaried,1310178,881635,Car,405,11,322,35.32819478619303,2022-03-21,0
812,48,Male,South,Graduate,Unemployed,403117,378821,Education,331,1,348,42.01242182923192,2022-03-22,1
813,31,Male,East,Graduate,Salaried,437069,468641,Home,373,1,75,22.039639845806846,2022-03-23,0
814,24,Female,North,Graduate,Unemployed,766510,697534,Business,470,6,159,50.2856059522844,2022-03-24,0
815,35,Female,West,Post-Graduate,Unemployed,1489660,134817,Home,368,9,29,74.13140718650938,2022-03-25,1
816,26,Female,East,Post-Graduate,Unemployed,1490894,288657,Business,661,0,42,45.32272083031175,2022-03-26,0
817,50,Male,South,Post-Graduate,Self-Employed,908092,267033,Home,732,5,337,49.24908607185593,2022-03-27,0
818,58,Female,West,High School,Self-Employed,1297996,281414,Business,399,6,290,77.90140682250514,2022-03-28,1
819,22,Female,North,Post-Graduate,Salaried,799792,306812,Education,308,7,55,66.48464917104246,2022-03-29,0
820,35,Male,East,Post-Graduate,Unemployed,471604,906238,Education,328,6,82,49.23635268158278,2022-03-30,0
821,31,Female,East,Post-Graduate,Self-Employed,823607,354958,Education,413,5,363,30.615651855134374,2022-03-31,1
822,28,Female,East,Graduate,Self-Employed,864635,644507,Home,761,8,322,80.79413974759733,2022-04-01,1
823,46,Female,West,Post-Graduate,Self-Employed,868629,220956,Education,442,12,352,56.161632135244666,2022-04-02,1
824,25,Male,South,High School,Self-Employed,1371248,407489,Car,689,2,142,27.69180880885547,2022-04-03,1
825,26,Male,South,Graduate,Self-Employed,713953,307134,Education,456,10,64,31.52958021104083,2022-04-04,1
826,46,Male,East,High School,Unemployed,617582,412232,Business,634,5,70,74.25064711489968,2022-04-05,0
827,24,Male,North,Post-Graduate,Unemployed,244036,905754,Business,559,3,354,13.531644966996437,2022-04-06,1
828,39,Female,North,Graduate,Unemployed,1397017,71650,Business,381,1,17,89.3673749623056,2022-04-07,0
829,40,Male,South,High School,Unemployed,342867,406386,Home,740,0,281,20.42813437718334,2022-04-08,1
830,53,Male,North,Post-Graduate,Salaried,1318597,976694,Car,471,11,255,73.68548203175499,2022-04-09,0
831,40,Female,South,High School,Unemployed,569349,874628,Education,530,11,185,41.58202534173463,2022-04-10,0
832,32,Female,East,High School,Self-Employed,885503,220521,Car,374,0,125,49.37729466299735,2022-04-11,1
833,21,Female,South,High School,Unemployed,622641,220733,Car,569,10,326,80.45204619716623,2022-04-12,0
834,46,Male,South,Post-Graduate,Salaried,537283,866141,Business,361,9,280,43.032895167137056,2022-04-13,0
835,34,Male,East,Post-Graduate,Self-Employed,960592,292037,Business,619,2,202,52.99950029385876,2022-04-14,1
836,58,Male,North,High School,Unemployed,783117,130428,Business,401,3,159,13.943972992733595,2022-04-15,1
837,57,Female,South,Graduate,Unemployed,591180,256251,Home,728,1,140,10.187797909396252,2022-04-16,1
838,31,Female,South,Graduate,Unemployed,1001151,584231,Car,554,12,111,29.583989840138074,2022-04-17,1
839,56,Male,East,Post-Graduate,Self-Employed,833718,748600,Car,831,11,319,64.44664743350138,2022-04-18,0
840,33,Female,North,Post-Graduate,Self-Employed,600782,488976,Home,411,10,279,19.701191468730936,2022-04-19,0
841,23,Female,South,Post-Graduate,Salaried,212306,71042,Home,612,10,301,19.100956704363952,2022-04-20,0
842,53,Female,East,Post-Graduate,Self-Employed,778110,827130,Home,760,10,219,42.87684864287226,2022-04-21,0
843,26,Male,South,Post-Graduate,Self-Employed,224042,880326,Car,761,0,370,61.82696308865812,2022-04-22,0
844,30,Female,West,Graduate,Unemployed,608302,974373,Car,391,3,347,66.96575937983444,2022-04-23,0
845,25,Female,East,Post-Graduate,Self-Employed,872747,368903,Business,351,6,76,24.27605392786998,2022-04-24,1
846,43,Male,North,High School,Unemployed,813712,418117,Business,819,9,19,16.367051789763394,2022-04-25,0
847,30,Male,North,High School,Unemployed,1431266,880738,Car,397,10,58,85.23176271564354,2022-04-26,0
848,22,Female,North,Graduate,Self-Employed,947410,944801,Business,535,5,496,30.853310604968136,2022-04-27,0
849,33,Female,North,High School,Salaried,349395,760731,Home,673,5,120,78.2677198086979,2022-04-28,1
850,22,Male,South,Graduate,Salaried,1061858,726278,Education,533,10,330,79.07931603702546,2022-04-29,1
851,40,Male,South,Graduate,Self-Employed,1238457,864811,Business,331,8,228,71.80180734100355,2022-04-30,1
852,21,Female,North,High School,Salaried,835311,432811,Car,588,1,66,23.506688532205608,2022-05-01,1
853,57,Female,North,Post-Graduate,Unemployed,1135783,551691,Business,841,3,292,75.74411674033603,2022-05-02,0
854,29,Female,North,High School,Unemployed,262780,264304,Business,413,4,468,71.54004473932693,2022-05-03,0
855,37,Female,South,High School,Self-Employed,1009340,446178,Business,503,0,122,57.73783920849737,2022-05-04,0
856,29,Male,North,Graduate,Salaried,1349282,719211,Education,328,7,142,36.97616281351622,2022-05-05,1
857,31,Female,North,High School,Salaried,322019,954058,Home,773,7,80,31.000688341323528,2022-05-06,0
858,35,Female,West,Graduate,Unemployed,571852,488963,Car,552,5,92,19.751136966428717,2022-05-07,0
859,44,Male,West,Post-Graduate,Self-Employed,379001,961612,Education,685,11,66,50.780565352069715,2022-05-08,0
860,58,Female,North,Post-Graduate,Salaried,995775,364493,Car,361,4,385,56.820870040787725,2022-05-09,1
861,55,Male,East,Post-Graduate,Self-Employed,1348836,251904,Car,814,7,358,38.74711924126298,2022-05-10,1
862,50,Female,North,High School,Salaried,1419439,761716,Car,729,2,280,48.028725414469484,2022-05-11,1
863,51,Female,West,Graduate,Unemployed,884494,720105,Education,836,2,492,39.08115658954134,2022-05-12,0
864,25,Male,East,Post-Graduate,Unemployed,1229870,55730,Home,440,1,120,61.2804845856561,2022-05-13,0
865,34,Male,East,Graduate,Self-Employed,793731,457137,Car,599,4,366,82.10073662372507,2022-05-14,0
866,31,Female,North,Graduate,Unemployed,954471,803790,Home,610,2,384,23.11362096375559,2022-05-15,0
867,29,Female,West,Post-Graduate,Salaried,519674,252210,Home,770,2,85,40.51270479224988,2022-05-16,1
868,54,Female,West,Post-Graduate,Unemployed,860187,788471,Business,692,5,167,21.269488316068905,2022-05-17,0
869,32,Male,East,Graduate,Self-Employed,296143,69023,Education,744,7,29,59.995501632626556,2022-05-18,1
870,55,Female,North,Post-Graduate,Self-Employed,344771,701084,Education,471,1,430,68.30964075908767,2022-05-19,0
871,55,Male,South,Graduate,Self-Employed,1220332,917965,Business,330,3,140,84.55301860779647,2022-05-20,1
872,21,Male,South,Graduate,Salaried,1208923,395430,Business,346,10,338,32.30975410087719,2022-05-21,0
873,42,Female,West,Post-Graduate,Salaried,1100959,878411,Home,429,6,131,86.01689646923441,2022-05-22,0
874,49,Male,South,High School,Salaried,860673,859269,Car,651,0,50,15.061013745653984,2022-05-23,1
875,28,Female,West,Post-Graduate,Salaried,311362,458213,Education,357,0,176,58.24110906916705,2022-05-24,1
876,31,Female,West,High School,Salaried,376298,941407,Car,405,11,419,14.570617547466398,2022-05-25,0
877,57,Female,West,Graduate,Unemployed,783838,750399,Car,629,12,139,81.50193502095559,2022-05-26,0
878,34,Female,South,Graduate,Salaried,673288,570610,Business,682,9,32,52.38472456560433,2022-05-27,0
879,50,Female,West,High School,Salaried,465702,70923,Car,461,6,288,63.547868061023685,2022-05-28,1
880,55,Male,East,Graduate,Unemployed,1192812,845308,Home,585,6,260,76.5259140728362,2022-05-29,0
881,41,Male,North,High School,Salaried,512257,897405,Business,370,0,478,22.0248497987175,2022-05-30,1
882,57,Female,North,High School,Self-Employed,1153847,446103,Car,753,0,409,13.087324955050708,2022-05-31,0
883,25,Female,West,Graduate,Salaried,1306795,244795,Business,696,3,18,80.31049167302817,2022-06-01,0
884,39,Male,North,High School,Salaried,1154470,878854,Home,814,4,22,35.1946581967146,2022-06-02,0
885,34,Male,South,Post-Graduate,Self-Employed,889129,283462,Home,325,4,421,20.31831263417322,2022-06-03,0
886,46,Male,South,Post-Graduate,Self-Employed,975292,101413,Car,612,3,420,47.47689896696692,2022-06-04,1
887,24,Male,North,Graduate,Self-Employed,436495,938916,Business,425,7,316,57.8644860556815,2022-06-05,1
888,45,Female,South,Graduate,Self-Employed,481373,970345,Car,707,6,329,12.47764827380081,2022-06-06,0
889,45,Female,North,High School,Salaried,389073,305719,Car,497,8,61,31.99165266056702,2022-06-07,0
890,38,Male,North,High School,Self-Employed,559281,603044,Business,487,6,218,12.623989942151681,2022-06-08,0
891,28,Female,North,High School,Self-Employed,1024516,383720,Car,783,9,47,43.62683113563992,2022-06-09,1
892,59,Male,West,High School,Unemployed,1068212,692536,Home,749,0,109,81.60800232529954,2022-06-10,0
893,34,Female,North,Post-Graduate,Self-Employed,1210396,322448,Business,822,12,202,88.61219291948554,2022-06-11,1
894,52,Male,West,Post-Graduate,Self-Employed,1396454,604629,Business,653,6,411,60.963804280290205,2022-06-12,1
895,58,Female,North,Graduate,Unemployed,419707,972262,Business,399,0,200,22.931015502767345,2022-06-13,1
896,53,Male,North,High School,Unemployed,441249,460226,Business,577,6,60,82.46795119994447,2022-06-14,1
897,43,Male,North,High School,Salaried,1285610,177039,Car,790,9,402,51.29982585600484,2022-06-15,0
898,35,Female,South,Graduate,Unemployed,371389,766118,Car,554,7,150,22.299944968233447,2022-06-16,0
899,53,Male,West,High School,Salaried,1259165,737018,Home,680,10,177,83.73813355613291,2022-06-17,1
900,45,Female,West,High School,Unemployed,1305797,230074,Education,841,8,320,70.59752405784823,2022-06-18,0
901,37,Female,North,High School,Unemployed,841517,808678,Education,563,11,118,68.53642181785213,2022-06-19,0
902,53,Male,North,High School,Salaried,1025963,706735,Home,628,2,216,66.73445630355238,2022-06-20,0
903,22,Female,South,High School,Unemployed,776515,673773,Education,414,3,436,26.027185687715388,2022-06-21,1
904,34,Female,South,Graduate,Salaried,465308,858524,Home,575,3,309,26.880535336602087,2022-06-22,0
905,59,Female,South,High School,Unemployed,293078,181562,Car,787,11,119,65.0634398741804,2022-06-23,0
906,26,Female,West,Graduate,Self-Employed,1027679,53729,Business,580,8,205,27.57782000883175,2022-06-24,0
907,26,Female,West,High School,Unemployed,959401,711334,Business,574,12,426,45.09373574424391,2022-06-25,0
908,23,Male,West,Post-Graduate,Salaried,774887,692510,Car,627,6,161,72.5601460475153,2022-06-26,0
909,27,Female,North,Post-Graduate,Unemployed,664761,397360,Business,510,2,429,72.71620144782727,2022-06-27,0
910,28,Female,West,Post-Graduate,Salaried,1126921,658148,Business,325,9,252,46.26094180206877,2022-06-28,0
911,35,Female,East,Post-Graduate,Salaried,1438227,308360,Education,326,4,137,73.3751950620196,2022-06-29,0
912,49,Female,East,Graduate,Self-Employed,268207,409014,Car,382,6,114,77.08974369584455,2022-06-30,0
913,53,Female,South,Graduate,Self-Employed,534199,71398,Education,712,7,19,62.38206010274082,2022-07-01,0
914,50,Male,West,High School,Salaried,1088698,346794,Education,466,0,365,28.274068184673613,2022-07-02,1
915,59,Female,East,Post-Graduate,Unemployed,311426,988796,Business,468,11,157,31.9209424308438,2022-07-03,0
916,47,Male,South,Graduate,Salaried,334794,678177,Business,528,1,498,35.187292432698825,2022-07-04,1
917,56,Male,West,High School,Salaried,745726,315303,Car,666,6,374,19.344328618716162,2022-07-05,0
918,49,Male,North,High School,Unemployed,783107,410306,Business,827,10,373,31.85276962959561,2022-07-06,1
919,58,Male,East,Graduate,Unemployed,243856,505982,Business,837,12,468,26.76153794500257,2022-07-07,1
920,53,Female,North,Post-Graduate,Unemployed,642244,275959,Car,823,12,149,46.42629998468817,2022-07-08,0
921,57,Male,West,High School,Unemployed,1308383,677122,Business,371,1,199,82.67500382978119,2022-07-09,1
922,47,Male,East,Post-Graduate,Salaried,1036309,460281,Education,405,6,411,18.358425340316646,2022-07-10,1
923,53,Female,West,Post-Graduate,Salaried,690999,595926,Car,581,8,103,67.62143391579164,2022-07-11,1
924,24,Female,North,Post-Graduate,Self-Employed,1292037,837505,Business,432,10,238,64.98264035305021,2022-07-12,0
925,42,Female,East,High School,Salaried,817762,489727,Home,833,1,72,17.660335893068613,2022-07-13,1
926,22,Male,North,Post-Graduate,Unemployed,545280,789667,Car,568,6,349,83.805792392464,2022-07-14,1
927,30,Female,West,High School,Self-Employed,607407,568490,Car,711,3,34,55.47777617254557,2022-07-15,0
928,25,Female,West,Post-Graduate,Unemployed,1071158,806357,Home,317,10,277,39.09804169085474,2022-07-16,1
929,30,Male,North,High School,Salaried,1495308,603608,Business,416,12,414,70.52308667962453,2022-07-17,1
930,53,Female,East,Post-Graduate,Self-Employed,620602,513092,Business,443,1,290,30.589236672130724,2022-07-18,1
931,58,Female,North,Graduate,Unemployed,475848,84924,Car,721,12,20,65.48078696370564,2022-07-19,0
932,33,Female,West,Post-Graduate,Self-Employed,256635,262792,Car,668,6,329,13.176896605779778,2022-07-20,1
933,51,Female,North,Post-Graduate,Self-Employed,1119627,483950,Business,349,12,210,77.15264300874176,2022-07-21,0
934,56,Male,West,High School,Salaried,965197,904548,Business,405,4,135,45.85366776170548,2022-07-22,1
935,44,Female,North,High School,Unemployed,445984,745385,Education,515,0,315,60.93543314863534,2022-07-23,1
936,35,Female,East,Post-Graduate,Self-Employed,1361328,52159,Car,724,4,199,27.699025584534695,2022-07-24,1
937,49,Male,East,Graduate,Self-Employed,1459770,623228,Car,371,11,98,64.16589701267583,2022-07-25,1
938,28,Female,North,Graduate,Unemployed,428584,653724,Home,745,11,364,71.77922207146213,2022-07-26,0
939,25,Male,North,High School,Self-Employed,332886,520192,Education,485,2,125,47.8570549507519,2022-07-27,1
940,49,Female,East,Graduate,Self-Employed,1327113,588966,Business,369,6,361,59.418153924943546,2022-07-28,0
941,24,Male,West,Post-Graduate,Self-Employed,1036690,766435,Education,449,5,186,46.50607390579189,2022-07-29,1
942,32,Male,East,High School,Unemployed,285166,490420,Business,545,7,23,81.52730954062764,2022-07-30,0
943,22,Male,West,Post-Graduate,Unemployed,575854,455237,Business,837,12,266,49.82953444114553,2022-07-31,1
944,47,Male,North,High School,Unemployed,508479,712132,Education,398,4,218,77.34469672230551,2022-08-01,1
945,51,Female,North,High School,Unemployed,1064285,641451,Car,577,1,290,74.10816466161988,2022-08-02,0
946,56,Male,West,High School,Salaried,497883,815328,Business,754,8,452,42.84038570786852,2022-08-03,0
947,56,Female,North,High School,Self-Employed,759073,779115,Education,403,10,337,28.406759348598,2022-08-04,0
948,46,Male,West,Graduate,Unemployed,363052,204536,Home,532,7,334,42.486570604781676,2022-08-05,0
949,47,Male,South,Post-Graduate,Self-Employed,956079,625425,Education,693,5,398,76.09739006201761,2022-08-06,1
950,25,Male,East,Post-Graduate,Self-Employed,266253,473448,Home,800,12,114,28.210602865551387,2022-08-07,0
951,40,Female,South,Post-Graduate,Salaried,678697,897929,Business,550,9,492,51.954907668619946,2022-08-08,0
952,31,Male,West,High School,Unemployed,815416,551233,Education,820,6,156,74.4877398368598,2022-08-09,0
953,30,Female,East,Graduate,Unemployed,361081,674773,Education,378,8,288,38.2781980102703,2022-08-10,1
954,58,Female,West,Post-Graduate,Self-Employed,1114013,290970,Home,351,6,18,61.376770960215794,2022-08-11,1
955,26,Female,East,Graduate,Unemployed,835254,679756,Education,525,2,127,29.650525923905164,2022-08-12,1
956,28,Female,East,High School,Self-Employed,1386430,50901,Education,350,5,103,18.742355629452796,2022-08-13,1
957,43,Female,East,Post-Graduate,Self-Employed,823640,137980,Business,485,10,443,73.5507380074285,2022-08-14,0
958,46,Female,East,Graduate,Salaried,619149,419738,Education,333,12,153,17.917489872696546,2022-08-15,1
959,32,Female,West,High School,Salaried,947567,526813,Car,430,10,298,31.710511606366765,2022-08-16,0
960,46,Female,East,Graduate,Salaried,832585,839313,Home,742,6,395,78.4087537597952,2022-08-17,1
961,33,Female,East,Post-Graduate,Self-Employed,762634,342007,Education,731,1,23,37.71754296629338,2022-08-18,0
962,38,Male,South,Post-Graduate,Unemployed,1360714,816722,Home,796,2,266,87.84362796113288,2022-08-19,0
963,45,Male,North,High School,Salaried,512916,448838,Home,702,3,355,88.37874678190877,2022-08-20,0
964,53,Male,North,High School,Unemployed,240149,565956,Home,622,9,195,31.462081636284537,2022-08-21,0
965,32,Male,South,High School,Salaried,548844,968882,Education,509,5,354,13.278257779991236,2022-08-22,0
966,56,Male,South,Graduate,Salaried,1083190,526384,Education,628,0,409,66.40506273643032,2022-08-23,1
967,24,Female,West,Graduate,Self-Employed,328447,537063,Home,671,8,216,46.0789202118675,2022-08-24,0
968,25,Female,West,Graduate,Salaried,661693,776546,Car,759,4,355,18.060227516766105,2022-08-25,0
969,57,Female,West,High School,Salaried,1254271,881633,Home,432,12,440,66.60182551824343,2022-08-26,0
970,28,Female,South,Post-Graduate,Self-Employed,1034379,301839,Car,420,11,181,12.493992728953698,2022-08-27,0
971,48,Female,South,Post-Graduate,Unemployed,1426872,371395,Home,751,6,473,79.61573523937938,2022-08-28,1
972,51,Female,East,Graduate,Salaried,1032297,646860,Business,428,8,279,21.0922023290643,2022-08-29,1
973,29,Female,West,Graduate,Self-Employed,880913,613543,Home,390,8,230,20.184950299738,2022-08-30,0
974,49,Male,West,Post-Graduate,Salaried,553039,637500,Home,328,0,161,24.053783837486762,2022-08-31,0
975,34,Male,West,Post-Graduate,Self-Employed,1142320,886642,Education,823,0,120,86.82130867936533,2022-09-01,0
976,42,Male,North,Graduate,Unemployed,392994,437773,Car,632,2,192,65.45354882030767,2022-09-02,0
977,31,Male,East,Graduate,Unemployed,1060346,72499,Business,596,5,408,74.10972283709094,2022-09-03,1
978,43,Female,West,Post-Graduate,Self-Employed,1250457,676840,Car,429,1,348,41.810798858620245,2022-09-04,1
979,21,Female,West,High School,Self-Employed,509509,494844,Business,592,9,81,36.90501820039644,2022-09-05,0
980,57,Female,West,Graduate,Self-Employed,1327787,635648,Home,472,11,427,28.758720542653595,2022-09-06,0
981,41,Male,North,Post-Graduate,Unemployed,1187626,447819,Education,323,10,395,48.45184226499271,2022-09-07,0
982,46,Female,North,Post-Graduate,Salaried,1404654,536525,Education,398,0,292,54.14629868273348,2022-09-08,0
983,56,Female,South,Post-Graduate,Unemployed,1140335,963898,Car,705,0,83,60.54198749222043,2022-09-09,0
984,43,Female,East,Post-Graduate,Self-Employed,1159820,921905,Education,655,12,364,30.56948031989556,2022-09-10,1
985,21,Male,South,High School,Self-Employed,1475779,193704,Car,438,4,224,85.89232647223925,2022-09-11,1
986,35,Female,East,Post-Graduate,Unemployed,919846,735967,Car,802,3,337,23.580679856570868,2022-09-12,0
987,41,Male,North,Graduate,Self-Employed,1288129,141873,Business,473,0,485,87.25225398131299,2022-09-13,1
988,29,Male,West,High School,Unemployed,1109210,115756,Car,328,3,32,11.188489800600303,2022-09-14,1
989,29,Male,South,Post-Graduate,Self-Employed,860046,490210,Business,795,2,77,48.49005534534765,2022-09-15,1
990,30,Male,West,High School,Salaried,232766,244454,Education,650,1,407,36.66942704932502,2022-09-16,0
991,46,Female,South,Graduate,Salaried,755710,368488,Car,598,8,456,45.92987311442006,2022-09-17,1
992,55,Male,North,Post-Graduate,Self-Employed,1103022,496991,Car,491,10,382,55.65316631846312,2022-09-18,1
993,45,Male,North,Graduate,Unemployed,474349,450565,Home,363,0,371,44.84713264101672,2022-09-19,0
994,46,Female,North,Post-Graduate,Salaried,679806,907586,Car,514,6,102,43.1877480241276,2022-09-20,1
995,31,Female,South,Post-Graduate,Unemployed,1403175,601752,Car,465,12,330,68.61787323306453,2022-09-21,0
996,58,Male,East,Post-Graduate,Self-Employed,1276778,485840,Home,842,3,333,64.87010200691716,2022-09-22,1
997,22,Female,South,Post-Graduate,Unemployed,639358,171897,Home,531,4,393,76.66170256286783,2022-09-23,0
998,27,Male,East,Post-Graduate,Salaried,1048124,570082,Education,840,9,72,29.996718499159645,2022-09-24,0
999,38,Male,South,High School,Unemployed,937744,349488,Car,494,4,233,58.762280780325085,2022-09-25,1
1000,47,Male,South,Post-Graduate,Unemployed,220855,133791,Education,805,0,234,56.81558283142831,2022-09-26,1
