customer_id,age,gender,region,education_level,employment_type,annual_income,loan_amount,loan_purpose,credit_score,repayment_history,transaction_count,spending_ratio,join_date,default_flag,income_missing,Year,Month,Day,Weekday,education_level_encoded,gender_encoded,income_bin,income_binary,income_quantile,income_cluster,income_standard,income_minmax,income_maxabs,income_robust,income_log,income_reciprocal,income_sqrt,income_power,debt_to_income,avg_monthly_transactions,spending_to_income
1,59,Female,East,High School,Unemployed,0.8631369833475667,0.504969848582727,Business,815.0,8,95,54.53674052422831,2020-01-01,0,1,2020,1,1,Wednesday,1.0,0,Medium,1.0,1,2,-0.3342539557619513,0.8136325875239389,0.863718497371018,0.05668449672389945,0.6222616172832907,0.5367291878900193,0.9290516580619006,0.16945194483352158,0.5850402176306544,15.833333333333334,63.184339886253646
2,49,Male,West,Post-Graduate,Salaried,0.9792182439443881,0.20280934575721357,Business,696.0,0,162,69.0636408382646,2020-01-02,1,1,2020,1,2,Thursday,2.0,1,High,1.0,3,0,1.2593451310621506,0.9724827534733759,0.9798779644196532,0.5695094362370832,0.6827019404513085,0.5052499910303464,0.9895545684520829,1.2447071620065793,0.20711352858406462,27.0,70.52936489425424
3,35,Male,East,Graduate,Salaried,0.85388225603255,0.5204662264093252,Education,405.0,4,11,36.8487395392721,2020-01-03,0,1,2020,1,3,Friday,0.0,1,Medium,1.0,1,2,-0.2564328090274572,0.8009680544007739,0.8544575349463712,0.015798870989538343,0.6172819570538821,0.5394085825817637,0.92405749606426,0.09756661902045385,0.6095292679199145,1.8333333333333333,43.154356796784676
4,28,Female,West,Graduate,Salaried,0.7117042370734331,0.7024792373670005,Car,384.0,2,351,71.20852733065047,2020-01-04,0,1,2020,1,4,Saturday,0.0,0,Low,0.0,0,1,-1.549478079443151,0.6064060571421366,0.7121837275858229,-0.6123165853549284,0.537489504076255,0.5842130774354679,0.8436256498432424,-0.7967844121255653,0.9870381554220242,58.5,100.05353856464849
5,41,Male,South,High School,Salaried,0.9405905608322721,0.3395429234621623,Car,513.0,5,398,44.62136653665549,2020-01-05,0,1,2020,1,5,Sunday,1.0,1,High,1.0,3,0,1.6227182589791618,0.9196231115203671,0.9412242570033347,0.39885967628739044,0.6629923395512015,0.5153070514633052,0.9698404821579022,0.8488752566380224,0.3609890823927907,66.33333333333333,47.43973456120241
6,59,Male,South,High School,Salaried,0.9090477639315567,0.4166919280368132,Home,420.0,9,269,48.73475986580775,2020-01-06,0,1,2020,1,6,Monday,1.0,1,High,1.0,2,2,0.6377235297857085,0.87645870671957,0.9096602090392417,0.2595095966145914,0.646604564824297,0.5238213620913111,0.9534399634646938,0.5547083141360105,0.45838287554292517,44.833333333333336,53.61078020260886
7,39,Female,South,Post-Graduate,Salaried,0.9112862608827508,0.4117734215880561,Home,431.0,1,173,61.84817018088572,2020-01-07,0,1,2020,1,7,Tuesday,2.0,0,High,1.0,3,0,1.6091224090557905,0.8795219540546374,0.9119002141141678,0.2693988505535512,0.6477764504200771,0.5232078629279414,0.9546131472396296,0.574764799777127,0.45185957394899895,28.833333333333332,67.86909101534596
8,43,Male,East,Graduate,Unemployed,0.9538605585294376,0.30024995400817184,Home,496.0,8,15,11.468670719937917,2020-01-08,1,1,2020,1,8,Wednesday,0.0,1,High,1.0,3,0,1.4243373665528654,0.9377822986751724,0.9545031949844887,0.45748400317185695,0.6698071890114741,0.5118072503355329,0.9766578513120332,0.980295630817222,0.3147734239804042,2.5,12.023424825971537
9,31,Male,South,Post-Graduate,Unemployed,0.9574068562200548,0.28874229281979347,Car,318.0,5,158,62.319537713619866,2020-01-09,0,1,2020,1,9,Thursday,2.0,1,High,1.0,3,0,0.8322135046352507,0.9426351920169945,0.9580518818924355,0.47315087213361867,0.6716205647213667,0.5108799924871513,0.9784716941332819,1.0162125292319801,0.30158786825465095,26.333333333333332,65.09201110138703
10,31,Female,North,Graduate,Self-Employed,0.8974804215890996,0.44105429695702114,Home,311.0,6,214,59.48681192576923,2020-01-10,1,1,2020,1,10,Friday,0.0,0,High,1.0,2,2,0.6030993947115307,0.8606295001685206,0.8980850735284741,0.20840727737202003,0.6405269122313074,0.5270146604003014,0.9473544329284049,0.4530004147774605,0.4914361208861584,35.666666666666664,66.282016292278
11,44,Female,West,Post-Graduate,Unemployed,0.509608018635737,0.8604066871788933,Car,380.0,4,127,34.78776934026239,2020-01-11,1,1,2020,1,11,Saturday,2.0,0,Low,0.0,0,1,-1.600565939033911,0.3298496373416715,0.5099513525618893,-1.5051392551234943,0.411850026819978,0.6624236143788638,0.7138683482517887,-1.552196611653792,1.688369601173611,21.166666666666668,68.26377935220121
12,56,Male,West,High School,Unemployed,0.9796736905609543,0.20059775677379696,Car,629.0,8,494,16.86354279195916,2020-01-12,0,0,2020,1,12,Sunday,1.0,1,Medium,1.0,1,2,-0.005323337771029422,0.9731060045498262,0.9803337178804395,0.5715215127978582,0.6829320283779863,0.5051337524805126,0.9897846687845565,1.2496201242316407,0.20475976716179453,82.33333333333333,17.213428261305264
13,44,Male,North,Graduate,Salaried,0.6740266939367102,0.7387069891782183,Business,691.0,0,98,17.27483599304329,2020-01-13,1,0,2020,1,13,Monday,0.0,1,Medium,1.0,1,2,-0.005323337771029422,0.5548466241288859,0.6744808002747152,-0.7787688075375017,0.5152319181388959,0.5973620394596927,0.8209912873695495,-0.9768069956278128,1.0959610291748794,16.333333333333332,25.629305409475908
14,23,Female,East,Post-Graduate,Salaried,0.7027324166025668,0.7114542505712623,Home,606.0,4,163,83.85789975881829,2020-01-14,1,0,2020,1,14,Tuesday,2.0,0,Medium,1.0,1,2,-0.005323337771029422,0.5941286648796967,0.7032058626057763,-0.6519523824391406,0.5322342646155961,0.5872913384683679,0.8382913673673175,-0.8415600574719813,1.0124113158332189,27.166666666666668,119.3311960251358
15,42,Female,East,High School,Unemployed,0.6635506101353115,0.7481313974089416,Business,566.0,10,448,65.14234569806698,2020-01-15,1,0,2020,1,15,Wednesday,1.0,0,Medium,1.0,1,2,-0.005323337771029422,0.5405107387172661,0.6639976585094488,-0.8250501540198336,0.5089542399001686,0.6011238815984451,0.8145861588164333,-1.0232426456685701,1.1274669723480208,74.66666666666667,98.1723845974358
16,22,Male,West,High School,Self-Employed,0.9814834605128823,0.19154690480312453,Education,582.4050034102436,9,176,20.16820910165923,2020-01-16,0,0,2020,1,16,Thursday,1.0,1,Medium,1.0,1,2,-0.005323337771029422,0.9755825649844388,0.9821447071134626,0.5795167323652415,0.6838457866606437,0.5046723931478906,0.9906984710359062,1.2692006290087292,0.1951606038302776,29.333333333333332,20.548699915045095
17,44,Female,South,Post-Graduate,Salaried,0.6848867472228238,0.7286495340549802,Education,559.5604563167232,10,477,38.537853544712505,2020-01-17,0,0,2020,1,17,Friday,2.0,0,Medium,1.0,1,2,-0.005323337771029422,0.5697079484963964,0.6853481702132296,-0.7307911568734144,0.5216983492148068,0.5935117013937504,0.8275788465293346,-0.9270443368884275,1.0638978444386784,79.5,56.26894329753244
18,50,Male,East,Graduate,Unemployed,0.9838502454214059,0.1789935601753297,Education,582.7528738739821,5,170,57.39863951212772,2020-01-18,0,0,2020,1,18,Saturday,0.0,1,Medium,1.0,1,2,-0.005323337771029422,0.9788213666097193,0.9845130865760852,0.5899727381090968,0.6850395248754323,0.5040703058650386,0.9918922549457707,1.2949486535808252,0.18193171268525993,28.333333333333332,58.34082959194929
19,58,Male,East,Graduate,Unemployed,0.9800733529185371,0.19863590536208772,Car,582.2074152173747,6,279,76.84573640725189,2020-01-19,0,0,2020,1,19,Sunday,0.0,1,Medium,1.0,1,2,-0.005323337771029422,0.9736529182506196,0.9807336494991826,0.5732871451083564,0.6831338909487775,0.5050317951736717,0.9899865417865725,1.2539361879573636,0.20267452917740758,46.5,78.40814789874125
20,22,Male,North,High School,Self-Employed,0.8635947774060707,0.5041865333752569,Car,572.1846317644927,11,65,13.492874297040682,2020-01-20,1,0,2020,1,20,Monday,1.0,1,Medium,1.0,1,2,-0.005323337771029422,0.8142590509323319,0.8641765998552644,0.05870694383685088,0.6225072985344222,0.5365973397885863,0.9292980024761006,0.17305641461528493,0.5838230459077723,10.833333333333334,15.624080471593913
21,41,Male,North,Graduate,Self-Employed,0.9494060333533687,0.3140512439590424,Car,578.8385334309955,3,237,28.93065051760071,2020-01-21,1,0,2020,1,21,Tuesday,0.0,1,Medium,1.0,1,2,-0.005323337771029422,0.9316865510944997,0.9500456686986218,0.43780475785497713,0.6675247278958532,0.5129767646608746,0.9743746883788437,0.9356588631524322,0.33078707415602926,39.5,30.47236851383346
22,53,Male,South,Graduate,Salaried,0.7772831615628297,0.6291509252563268,Home,555.89859594458,11,346,81.1799192236304,2020-01-22,1,0,2020,1,22,Wednesday,0.0,1,High,1.0,3,0,0.9464756660595045,0.6961468385944315,0.7778068340126978,-0.3226013650712561,0.5750858845718381,0.5626565432154681,0.8816366380560813,-0.4300554801656838,0.8094230730424371,57.666666666666664,104.44059930541597
23,32,Female,East,Graduate,Self-Employed,0.7738968388756671,0.633311679016146,Business,562.3829981468218,12,158,10.73324401470532,2020-01-23,1,0,2020,1,23,Thursday,0.0,0,Medium,1.0,2,2,0.32580163738257367,0.6915128613439393,0.7744182298868197,-0.33756149488280174,0.5731787304917018,0.5637306398459004,0.8797140665441624,-0.4507915587752122,0.8183412144908538,26.333333333333332,13.86908884432038
24,42,Female,East,High School,Unemployed,0.9953117450063668,0.09671882056963342,Car,581.8029385254036,0,55,26.111928223510997,2020-01-24,1,0,2020,1,24,Friday,1.0,0,High,1.0,3,0,1.0599523764499452,0.9945057337654487,0.9959823080208053,0.6406074641722708,0.6908003012950968,0.5011748176708142,0.9976531185769765,1.4219229461173126,0.09717439893067346,9.166666666666666,26.234924238077756
25,45,Female,North,Post-Graduate,Unemployed,0.9801855876428743,0.1980813312182474,Business,579.0786381149404,10,153,86.72193407783728,2020-01-25,1,0,2020,1,25,Saturday,2.0,0,High,1.0,2,0,0.7529332638094736,0.9738065046649519,0.9808459598384771,0.5737829767819924,0.6831905714467205,0.5050031705312813,0.990043225138617,1.2551490581165716,0.20208553738745375,25.5,88.47501449841147
26,47,Female,East,Graduate,Self-Employed,0.8040107074856051,0.5946148183895998,Business,557.0150203779999,7,247,59.07214772177369,2020-01-26,0,0,2020,1,26,Sunday,0.0,0,High,1.0,3,0,1.0907470883343575,0.7327218644291383,0.8045523868602908,-0.20452414872546415,0.590012357036124,0.5543204349345467,0.8966664415966537,-0.2589947889800823,0.7395608203392562,41.166666666666664,73.4718420685104
27,48,Male,West,High School,Self-Employed,0.8026960002006814,0.5963884063777795,Business,759.0,9,281,30.933709331000514,2020-01-27,1,0,2020,1,27,Monday,1.0,1,Medium,1.0,2,2,0.32162281426673484,0.7309227672336797,0.8032367938286807,-0.21033227555318904,0.5892833222408348,0.5547247011635223,0.8959330333237421,-0.2677231100193966,0.7429816595930175,46.833333333333336,38.53726606743624
28,36,Male,North,High School,Self-Employed,0.9895089231896165,0.14447176515889082,Home,552.0,3,129,15.359287551667808,2020-01-28,1,0,2020,1,28,Tuesday,1.0,1,High,1.0,3,0,0.8813027966488703,0.9865649239928244,0.9901755767176964,0.6149717006400626,0.6878878360165906,0.5026365995869885,0.9947406311142701,1.3571611181216434,0.1460034990823485,21.5,15.52213142470526
29,35,Male,South,Post-Graduate,Self-Employed,0.5462774388099743,0.8376042978920385,Home,825.0,2,349,12.255307235777773,2020-01-29,1,0,2020,1,29,Wednesday,2.0,1,Low,1.0,1,1,-0.8298987148927479,0.380029515213421,0.5466454777163029,-1.3431407285210732,0.43585038995755715,0.6467144736778976,0.7391058373534701,-1.449474760404574,1.5332946931081368,58.166666666666664,22.434218155659273
30,23,Male,North,Graduate,Salaried,0.8025343399151567,0.5966059279431807,Education,737.0,11,422,29.57960637095418,2020-01-30,0,0,2020,1,30,Thursday,0.0,1,High,1.0,3,0,1.339192797367871,0.730701544936032,0.8030750246291309,-0.21104645995917917,0.5891936412660386,0.5547744516462688,0.8958428098250031,-0.2687940827539209,0.7434023670641351,70.33333333333333,36.8577453945227
31,57,Female,East,Graduate,Self-Employed,0.5288682717253156,0.8487039243235993,Education,563.0,6,229,80.51886556711284,2020-01-31,1,0,2020,1,31,Friday,0.0,0,Low,0.0,0,1,-1.600565939033911,0.35620612575140786,0.5292245816998621,-1.4200511188051144,0.42452777001467024,0.6540785877330739,0.7272332993787589,-1.4998450925184572,1.6047548504940385,38.166666666666664,152.24748745928335
32,27,Male,South,Post-Graduate,Salaried,0.995381506572156,0.09599821026532339,Business,563.0,11,17,43.27309234380076,2020-02-01,1,0,2020,2,1,Saturday,2.0,1,High,1.0,2,2,0.6162787599230225,0.9946011982378841,0.9960521165864678,0.6409156575065975,0.6908352634239294,0.5011572958385733,0.9976880808008863,1.4227075035572536,0.09644363455768545,2.8333333333333335,43.473876155106026
33,41,Male,North,Post-Graduate,Unemployed,0.9983710125318104,0.05705542337243421,Education,563.0,1,353,67.62666953327944,2020-02-02,0,0,2020,2,2,Sunday,2.0,1,High,1.0,3,0,1.1774933067804727,0.9986921558597807,0.9990436366408398,0.6541227264602927,0.6923323549456072,0.5004075788374567,0.9991851742954407,1.456462858953304,0.05714851759141624,58.833333333333336,67.73701227741195
34,29,Female,West,High School,Self-Employed,0.42054328275600417,0.9072724768936857,Business,563.0,7,396,83.46280283039663,2020-02-03,1,0,2020,2,3,Monday,1.0,0,Low,0.0,0,1,-1.4719867662388704,0.20796994718326056,0.4208266118464139,-1.8986103249193405,0.3510393919330862,0.7039560231208825,0.6484930861281438,-1.7532154912473172,2.1573819249898185,66.0,198.46423959842696
35,59,Female,West,High School,Salaried,0.8588675672555321,0.5121977176018692,Home,563.0,5,482,42.64323692822533,2020-02-04,0,0,2020,2,4,Tuesday,1.0,0,High,1.0,3,0,1.0399583150803164,0.807790150499737,0.8594462048811725,0.03782302814665178,0.619967467501082,0.5379619385561819,0.9267510816047274,0.1360578294348206,0.5963640229640654,80.33333333333333,49.650538166774226
36,38,Female,North,Post-Graduate,Self-Employed,0.8883527485814916,0.4591616208784324,Home,563.0,6,284,25.302189682991767,2020-02-05,0,0,2020,2,5,Wednesday,2.0,0,Medium,1.0,2,2,0.013326295496538526,0.8481388331604608,0.8889512510104666,0.16808295341175064,0.6357048874438184,0.5295620750684363,0.9425246673596885,0.3749920714707012,0.5168685768256076,47.333333333333336,28.482142621153507
37,24,Female,West,Graduate,Unemployed,0.7156078900417907,0.6985022173980097,Home,563.0,4,362,51.36943446855356,2020-02-06,1,0,2020,2,6,Thursday,0.0,0,Low,0.0,0,1,-1.600565939033911,0.6117479695114927,0.7160900105294771,-0.595070988717832,0.539767472648492,0.5828837730372298,0.8459361028126123,-0.77691707962528,0.976096305138863,60.333333333333336,71.78433215088452
38,45,Male,West,High School,Unemployed,0.9059288965261426,0.4234298459472661,Car,563.0,8,75,82.64669496478835,2020-02-07,1,0,2020,2,7,Friday,1.0,1,Medium,1.0,1,2,-0.03575181571944685,0.87219072580364,0.9065392403855107,0.2457310333882119,0.6449694994606827,0.5246785448411315,0.9518029714841947,0.5269674094820046,0.46739854261293795,12.5,91.22867730757211
39,34,Male,West,High School,Unemployed,0.995086447039983,0.09900991322763193,Business,563.0,4,88,74.34995313101605,2020-02-08,0,0,2020,2,8,Saturday,1.0,1,High,1.0,3,0,1.2783776438352252,0.9941974271605399,0.9957568582663167,0.6396121405912794,0.6906873812526448,0.5012314135478457,0.9975401982075625,1.4193901600660923,0.09949880587978069,14.666666666666666,74.71707945795049
40,29,Female,South,Graduate,Self-Employed,0.9016442445480514,0.4324785038280789,Home,563.0,10,95,15.266387469052304,2020-02-09,1,0,2020,2,9,Sunday,0.0,0,High,1.0,2,2,0.6155520080767897,0.8663274393932751,0.902251701744863,0.2268022555630695,0.6427189038041397,0.5258607138885024,0.9495494955756921,0.48924103817047826,0.4796553701120318,15.833333333333334,16.93171953501968
41,46,Male,West,High School,Self-Employed,0.9140081380649036,0.4056958510400718,Business,563.0,4,133,65.40582400620654,2020-02-10,1,0,2020,2,10,Monday,1.0,1,High,1.0,3,0,1.2695951272934423,0.8832466779235545,0.9146239250837519,0.2814235864508286,0.6491995448842645,0.5224638182630811,0.9560377283689716,0.5993177113828848,0.4438645939181598,22.166666666666668,71.55934535187048
42,22,Male,West,Graduate,Salaried,0.9816874791843863,0.19049853861015598,Education,385.0,2,211,55.7518017967163,2020-02-11,0,0,2020,2,11,Tuesday,0.0,1,Low,0.0,0,1,-1.600565939033911,0.9758617521646827,0.982348863236751,0.580418048067153,0.6839487439515547,0.5046204361202178,0.9908014327726753,1.271413826025987,0.19405212213608708,35.166666666666664,56.791802868909436
43,40,Male,West,Graduate,Unemployed,0.9924556699356938,0.12260400977330695,Education,674.0,10,475,82.59705410771404,2020-02-12,0,0,2020,2,12,Wednesday,0.0,1,Medium,1.0,1,2,-0.4381095897880327,0.990597368223863,0.9931243087506858,0.6279898675177157,0.6893678829708396,0.5018932240697104,0.9962206933886155,1.38992519255311,0.12353600617874558,79.16666666666667,83.22493045262759
44,48,Female,South,Graduate,Self-Employed,0.7425472037607644,0.6697937370467641,Home,745.0,0,159,19.79851334802378,2020-02-13,1,0,2020,2,13,Thursday,0.0,0,Low,0.0,0,1,-1.1942110298110447,0.6486127867336801,0.7430474738458056,-0.4760582225105215,0.5553479529618153,0.5738725458006535,0.8617117869454755,-0.6332293706799217,0.9020217619223031,26.5,26.662969367806696
45,27,Male,North,Post-Graduate,Unemployed,0.9956977124801546,0.09266102396254419,Business,677.0,1,55,52.72288905637253,2020-02-14,0,0,2020,2,14,Friday,2.0,1,Medium,1.0,2,2,0.3776442008136524,0.9950339068482276,0.9963685355292144,0.6423125950898853,0.6909937197668407,0.5010778905775511,0.9978465375397936,1.4262654330395013,0.09306140086606961,9.166666666666666,52.95069818433811
46,28,Female,East,Post-Graduate,Unemployed,0.6642836205840938,0.7474806160855864,Home,689.0,7,122,80.35701548095139,2020-02-15,1,0,2020,2,15,Saturday,2.0,0,Low,1.0,1,1,-0.6279651240181363,0.5415138190666101,0.6647311628031984,-0.8218118532198021,0.5093947729374639,0.6008591249903918,0.8150359627550762,-1.020042774374165,1.1252431836695578,20.333333333333332,120.96793145418032
47,55,Male,West,Post-Graduate,Salaried,0.7829858224615154,0.622039550048278,Education,350.0,0,100,42.80190293933944,2020-02-16,1,0,2020,2,16,Sunday,2.0,1,Low,0.0,0,1,-1.600565939033911,0.703950584224451,0.7835133369171687,-0.2974080934320889,0.5782893873415467,0.5608569554520866,0.8848648611293791,-0.3946669902878837,0.7944454831796804,16.666666666666668,54.6649782301048
48,34,Male,North,Graduate,Salaried,0.4190260288835845,0.9079742216153791,Home,541.0,6,150,48.55959341862936,2020-02-17,1,0,2020,2,17,Monday,0.0,1,Low,0.0,0,1,-1.160380731368906,0.20589367726525543,0.4193083357672982,-1.9053132640617079,0.34997074112706833,0.7047087083996252,0.6473221986643007,-1.7561133389929906,2.1668683065691754,25.0,115.88681864944573
49,37,Male,West,Graduate,Salaried,0.9984351217623744,0.055922335710811774,Business,593.0,4,298,15.636854213356663,2020-02-18,1,0,2020,2,18,Tuesday,0.0,1,High,1.0,3,0,1.1315402285032885,0.9987798854542184,0.9991077890631768,0.6544059488522377,0.6923644351758788,0.5003915259045902,0.9992172545359564,1.4571896210281612,0.05600998451667166,49.666666666666664,15.661362338451676
50,56,Female,South,Post-Graduate,Salaried,0.6494660873675149,0.7603905584366046,Education,565.0,2,398,32.251491235912866,2020-02-19,0,0,2020,2,19,Wednesday,2.0,0,Low,0.0,0,1,-1.009252684944787,0.5212369233961704,0.6499036466945356,-0.8872728978057942,0.5004516521344526,0.6062567806992395,0.8058945882480629,-1.083317970609975,1.1707933227409928,66.33333333333333,49.658468491616006
51,24,Male,North,High School,Salaried,0.9534059039603797,0.3016905406098961,Car,419.0,11,227,35.96053193351579,2020-02-20,1,0,2020,2,20,Thursday,1.0,1,Medium,1.0,2,2,0.5244592545503204,0.9371601314677075,0.9540482341048302,0.45547542572638683,0.6695744664288323,0.5119263733014102,0.9764250631566048,0.97571539069923,0.31643452107512154,37.833333333333336,37.7179664864024
52,22,Female,South,Graduate,Salaried,0.540274549861588,0.8414888060882678,Education,547.0,11,86,85.60979589959095,2020-02-21,0,0,2020,2,21,Friday,0.0,0,Low,0.0,0,1,-1.2852562649475678,0.37181492570324026,0.5406385444920113,-1.3696603506033378,0.43196067966660334,0.649234904316157,0.7350337066159538,-1.467179483282647,1.5575207203519903,14.333333333333334,158.4560959266417
53,26,Female,West,High School,Salaried,0.856881451200256,0.5155135096085682,Car,369.0,10,420,32.613388843292725,2020-02-22,1,0,2020,2,22,Saturday,1.0,0,High,1.0,2,0,0.6921013390803763,0.8050722711163348,0.8574587507366236,0.02904874502225729,0.6188984414530048,0.5385373413868814,0.9256789136629698,0.1206586166700594,0.601615904844801,70.0,38.060561116838635
54,24,Female,West,High School,Salaried,0.890478915751047,0.4550245054970556,Home,356.0,6,386,46.86949882157216,2020-02-23,1,0,2020,2,23,Sunday,1.0,0,High,1.0,2,2,0.6404516444084901,0.851048364001043,0.8910788506247546,0.17747595573198915,0.6368301915498411,0.5289664918599324,0.9436519039089822,0.392988293515189,0.5109885225224892,64.33333333333333,52.6340354527558
55,49,Male,South,Graduate,Salaried,0.7541163940777585,0.6567407891879098,Home,681.0,8,393,63.70435388514238,2020-02-24,0,0,2020,2,24,Monday,0.0,1,Low,0.0,0,1,-1.1702170380877266,0.6644445221258218,0.7546244585761305,-0.4249477392677898,0.5619652509716669,0.5700875970238898,0.8683987529227334,-0.5678691973752149,0.8708745683629733,65.5,84.47549262345527
56,38,Male,East,Graduate,Salaried,0.8369114942113993,0.5473382417270357,Business,338.0,1,343,22.97466979263019,2020-02-25,1,0,2020,2,25,Tuesday,0.0,1,High,1.0,3,0,1.1769091101040778,0.7777445959569399,0.837475339556531,-0.059174728191573114,0.608085625546678,0.5443920423772556,0.914828669320873,-0.029485313860315634,0.6539977590375656,57.166666666666664,27.451731696287247
57,46,Male,South,High School,Salaried,0.6832525479708326,0.7301821387101749,Car,742.0,7,161,48.91539097134996,2020-02-26,0,0,2020,2,26,Wednesday,1.0,1,Low,1.0,1,1,-0.595163458958358,0.5674716459180251,0.6837128699659148,-0.7380107384686357,0.5207279621630834,0.5940879169946921,0.8265909193614653,-0.9346400145102581,1.068685570041,26.833333333333332,71.59196276197144
58,54,Male,West,High School,Salaried,0.3671018887922347,0.9301807368706223,Home,317.0,8,332,69.08312315807261,2020-02-27,0,0,2020,2,27,Thursday,1.0,1,Low,0.0,0,1,-1.3627755301459346,0.13483864023442405,0.3673492132615677,-2.1347042429735072,0.3126930895598838,0.7314743752445908,0.6058893370841203,-1.8460524838291088,2.5338489538447138,55.333333333333336,188.1851476857177
59,30,Female,South,Post-Graduate,Salaried,0.8993504162659236,0.4372285772479994,Car,651.0,10,248,79.34841704216528,2020-02-28,1,0,2020,2,28,Friday,2.0,0,Low,1.0,1,1,-0.5466807252164018,0.8631884744871213,0.8999563280610908,0.2166685583238442,0.6415119415401624,0.526495791106296,0.9483408755642264,0.4692250794912152,0.48616042127757003,41.333333333333336,88.22858766399149
60,56,Female,East,Post-Graduate,Salaried,0.8493181920264274,0.5278812448770657,Home,597.0,2,124,60.100741972994136,2020-02-29,1,0,2020,2,29,Saturday,2.0,0,Medium,1.0,1,2,-0.39461908218981445,0.7947224095736168,0.8498903960317756,-0.004364296052586071,0.6148170263103098,0.5407398274194394,0.921584609260825,0.06279751099174981,0.6215353089488987,20.666666666666668,70.76351659158153
61,34,Female,South,Graduate,Salaried,0.9342858097631904,0.3565249299490001,Education,582.0,1,328,63.52428122535584,2020-03-01,1,0,2020,3,1,Sunday,0.0,0,High,1.0,3,0,1.1274927797596532,0.910995442002959,0.9349152582873189,0.3710064847470495,0.6597381677894003,0.5169866805373645,0.9665846107626536,0.7880555477825739,0.3816015679820365,54.666666666666664,67.99234298705348
62,51,Male,East,Post-Graduate,Salaried,0.4617289561574473,0.8870210657282916,Home,409.0,6,378,20.10267780676552,2020-03-02,1,0,2020,3,2,Monday,2.0,1,Low,0.0,0,1,-1.3506443647126634,0.2643300437304694,0.46204003292535234,-1.7166598502060846,0.379619951635106,0.6841213590163613,0.6795064062666718,-1.6681291315141191,1.9210860698669758,63.0,43.53783218202717
63,35,Female,East,Post-Graduate,Self-Employed,0.7591489922508042,0.6509168975872329,Business,479.0,4,103,85.66211977970778,2020-03-03,0,0,2020,3,3,Tuesday,2.0,0,Medium,1.0,2,2,0.33518791699661166,0.6713313275484626,0.7596604473192345,-0.4027146773556676,0.5648301649828964,0.568456682410121,0.8712915655799752,-0.5387281247208495,0.8574297064629257,17.166666666666668,112.83966738298338
64,28,Male,South,Post-Graduate,Self-Employed,0.7845733867712382,0.620035967319888,Education,843.0,4,492,20.60592619875859,2020-03-04,1,0,2020,3,4,Wednesday,2.0,1,Medium,1.0,1,2,-0.008599248664424526,0.7061230697122746,0.7851019708032475,-0.29039453614539973,0.5791793876590785,0.5603580146453168,0.8857614728420051,-0.3847097186386697,0.7902842204112065,82.0,26.263860776056067
65,34,Female,South,Post-Graduate,Self-Employed,0.8791218050291504,0.47659715895322813,Business,324.0,9,57,71.97383497454386,2020-03-05,1,0,2020,3,5,Thursday,2.0,0,High,1.0,3,0,1.6015613946555602,0.8355068466742678,0.8797140883721298,0.1273023998190321,0.6308045427204994,0.5321634804745865,0.9376149556343213,0.29807394963871525,0.5421286973281534,9.5,81.87015105620924
66,43,Male,North,High School,Self-Employed,0.982228815733501,0.18768738248151937,Education,356.0,4,200,31.185305742265506,2020-03-06,1,0,2020,3,6,Friday,1.0,1,High,1.0,3,0,0.9421738541696878,0.976602538405453,0.9828905644959879,0.5828095700202116,0.6842218761330663,0.5044826268605935,0.9910745762723918,1.2772920079756842,0.19108315646528828,33.333333333333336,31.74953253532599
67,41,Male,West,Graduate,Unemployed,0.9728622574348387,0.2313850212498416,Car,479.0,3,471,84.68745149610012,2020-03-07,1,0,2020,3,7,Saturday,0.0,1,Low,0.0,0,1,-1.1197133751733614,0.9637849713626091,0.9735176957447471,0.5414298962618296,0.679485410834929,0.5068777590688076,0.9863378008749532,1.1767560220059667,0.23783944693253714,78.5,87.04978618391145
68,36,Female,East,Post-Graduate,Self-Employed,0.7068246212839637,0.7073888285425359,Business,531.0,12,21,67.59676314955837,2020-03-08,1,0,2020,3,8,Sunday,2.0,0,Low,0.0,0,1,-1.600565939033911,0.5997285988345556,0.7073008242938303,-0.6338738001819936,0.5346346976342503,0.5858832756043484,0.8407286252316878,-0.8212891062915246,1.000798228077493,3.5,95.63442063855564
69,38,Female,North,High School,Unemployed,0.5870666134139161,0.809538628735353,Home,642.0,4,165,70.30509703826951,2020-03-09,0,0,2020,3,9,Monday,1.0,0,Low,1.0,1,1,-0.7864808824791529,0.4358470271999694,0.5874621328679386,-1.1629419101113434,0.46188741508927855,0.6300932749438376,0.7662027234445961,-1.3192839646350245,1.3789553182520724,27.5,119.75659223649349
70,44,Female,South,High School,Unemployed,0.7413797404137704,0.6710857475047509,Car,776.0,12,181,27.524733844790667,2020-03-10,1,0,2020,3,10,Tuesday,1.0,0,Medium,1.0,1,2,-0.15701036126339613,0.6470151839383934,0.7418792239535456,-0.4812158536150416,0.5546777532650936,0.5742572839180897,0.8610341110628373,-0.6397004939911338,0.9051849017754547,30.166666666666668,37.12636364925332
71,46,Female,West,High School,Unemployed,0.9719478910239985,0.23519629489854083,Home,754.0,3,486,45.44319813081287,2020-03-11,0,0,2020,3,11,Wednesday,1.0,0,High,1.0,3,0,0.8322135046352507,0.9625337163766295,0.972602713305512,0.5373903993015007,0.6790218314012912,0.5071127916472059,0.9858741760610217,1.1670740494250034,0.24198446961055609,81.0,46.75476797725859
72,45,Male,North,Post-Graduate,Self-Employed,0.9057144530430333,0.4238883456158696,Education,531.0,12,436,59.42505556714291,2020-03-12,1,0,2020,3,12,Thursday,2.0,1,High,1.0,3,0,0.948669897595246,0.8718972729008757,0.9063246524271964,0.2447836628506324,0.6448569792358511,0.5247375851105112,0.9516903136225741,0.5250687035493106,0.4680154370858089,72.66666666666667,65.61124796836982
73,49,Female,East,Post-Graduate,Salaried,0.9947822717521947,0.10202074204563857,Education,588.0,5,410,71.59788945652807,2020-03-13,1,0,2020,3,13,Friday,2.0,0,High,1.0,3,0,1.3915189302966353,0.9937811817244165,0.995452478049069,0.6382683520007746,0.6905349074196362,0.5013078440493713,0.9973877238828412,1.4159730030989168,0.10255585060431441,68.33333333333333,71.97342724093446
74,35,Female,North,Graduate,Salaried,0.7308755830347078,0.6825107194203445,Home,512.0,3,305,18.31675007299117,2020-03-14,1,0,2020,3,14,Saturday,0.0,0,Medium,1.0,1,2,-0.46759894354863446,0.6326408815381247,0.7313679896968397,-0.5276212238260389,0.5486273978365971,0.5777422766844518,0.85491261719237,-0.6969167253595815,0.933826133014945,50.833333333333336,25.061379115905346
75,21,Female,East,Post-Graduate,Self-Employed,0.7941122328679833,0.6077711424618859,Home,557.0,1,186,86.98922531636227,2020-03-15,0,0,2020,3,15,Sunday,2.0,0,Medium,1.0,2,2,0.5021367920733378,0.7191764021592483,0.7946472434265808,-0.2482537276510888,0.5845103218068822,0.5573787312076052,0.8911297508600996,-0.32390162399385614,0.7653466566896778,31.0,109.54273428353513
76,45,Male,South,Post-Graduate,Salaried,0.9009080419584183,0.43401002285045076,Car,829.0,8,350,81.21765364436447,2020-03-16,1,0,2020,3,16,Monday,2.0,1,High,1.0,3,0,1.1940884056692587,0.8653199907927486,0.9015150031596485,0.22354985249166157,0.6423316888267445,0.5260643744606108,0.9491617575305161,0.48280321081703276,0.481747306758399,58.333333333333336,90.15088095762952
77,27,Male,West,High School,Salaried,0.8615680152591945,0.5076421525861818,Home,528.0,1,66,31.627887239646743,2020-03-17,0,0,2020,3,17,Tuesday,1.0,1,Medium,1.0,2,2,0.3612727178775534,0.8114855498373571,0.8621484722349658,0.049753094007553934,0.6214191515407651,0.5371815543687054,0.9282068817129048,0.15713353163727847,0.5892072867090622,11.0,36.70968127818881
78,29,Female,West,Graduate,Unemployed,0.9939410270867578,0.10991466996593728,Business,525.0,8,352,75.82081944258655,2020-03-18,0,0,2020,3,18,Wednesday,0.0,0,High,1.0,3,0,1.0038694955160388,0.9926299894129126,0.9946106666189359,0.6345518930094577,0.6901130959201247,0.5015193460666424,0.9969659106944218,1.4065364423517885,0.11058469966583158,58.666666666666664,76.28301617130893
79,44,Male,West,Post-Graduate,Unemployed,0.7550711999834274,0.6556428013450518,Business,734.0,9,349,51.465913843185874,2020-03-19,1,0,2020,3,19,Thursday,2.0,1,Medium,1.0,1,2,-0.43860713528276135,0.66575111610822,0.7555799077551552,-0.4207295883078158,0.5625094258860242,0.5697774540482703,0.8689483298697498,-0.5623738197213806,0.8683191748797228,58.166666666666664,68.16034546717643
80,21,Female,South,Post-Graduate,Self-Employed,0.8440004699870872,0.5363424341421961,Home,701.0,5,457,46.944518524961495,2020-03-20,0,0,2020,3,20,Friday,2.0,0,Low,1.0,0,1,-0.8928382199759204,0.787445429429887,0.8445690913282716,-0.027856980997181247,0.6119373800080611,0.5422992110229791,0.9186949820191069,0.022846972374403217,0.6354764638346728,76.16666666666667,55.621436473465145
81,28,Male,East,High School,Self-Employed,0.424958847312164,0.9052126700898065,Business,387.0,8,212,35.15472846491243,2020-03-21,1,0,2020,3,21,Saturday,1.0,1,Low,0.0,0,1,-1.5466465424422515,0.21401237951816277,0.4252451512637607,-1.8791032002138803,0.35414293422442206,0.7017746525706726,0.6518886770854085,-1.7446898054530493,2.1301184239726165,35.333333333333336,82.72501840416717
82,44,Male,South,High School,Salaried,0.8478111627853427,0.5302982484004308,Home,841.0,8,194,56.4774869305274,2020-03-22,1,0,2020,3,22,Sunday,1.0,1,High,1.0,3,0,0.8776830134147491,0.792660131443571,0.8483823514725498,-0.011022064717660542,0.6140017833583205,0.5411808414949858,0.9207666168934139,0.051414714759526144,0.6254909957286054,32.333333333333336,66.61564439064472
83,31,Male,West,Post-Graduate,Unemployed,0.8031459629179264,0.5957823111243207,Car,608.0,2,130,68.39112941628782,2020-03-23,0,0,2020,3,23,Monday,2.0,1,Medium,1.0,1,2,-0.19987194899468214,0.7315385139264526,0.8036870596955245,-0.2083444258169961,0.5895328965284395,0.5545862734161343,0.8961841121766924,-0.2647395454563069,0.741810752506022,21.666666666666668,85.15404742596797
84,37,Male,South,Graduate,Self-Employed,0.6973432837113983,0.7167372912459655,Business,642.0,0,235,42.87463239702066,2020-03-24,1,0,2020,3,24,Tuesday,0.0,1,Low,1.0,1,1,-0.7439295618822201,0.5867539633156001,0.6978130989394111,-0.6757605469502147,0.5290642543692924,0.589156011984451,0.8350708255659506,-0.8678710202760872,1.0278112774405004,39.166666666666664,61.48282115636566
85,28,Female,South,Graduate,Self-Employed,0.9908315205467321,0.13510328601129865,Business,735.0,0,211,60.337535440663366,2020-03-25,1,0,2020,3,25,Wednesday,0.0,0,High,1.0,3,0,1.0362015670751743,0.9883748182736231,0.9914990651372104,0.6208146843066413,0.6885524009825719,0.5023026758815708,0.9954052041991402,1.371835472326684,0.1363534397217701,35.166666666666664,60.895857862262645
86,55,Female,South,High School,Self-Employed,0.8430318047147355,0.5378637153028788,Home,476.0,2,339,65.9450336924243,2020-03-26,0,0,2020,3,26,Thursday,1.0,0,Medium,1.0,2,2,0.4025969459341161,0.7861198697446167,0.8435997734452094,-0.03213636000416544,0.6114119355733677,0.5425842340006607,0.9181676343210621,0.015634019309823166,0.6380111785757369,56.5,78.22366051152571
87,55,Female,East,High School,Self-Employed,0.9972273185318997,0.07441555733633358,Business,438.0,4,372,66.88974536122288,2020-03-27,0,0,2020,3,27,Friday,1.0,0,High,1.0,3,0,1.155483906637252,0.9971270799746025,0.9978991721095856,0.6490701038120698,0.6917598779665004,0.5006941326714224,0.998612696961089,1.443517985166454,0.0746224616528625,62.0,67.07572498083664
88,53,Male,North,Post-Graduate,Self-Employed,0.8321225782800922,0.5545917550022645,Education,493.0,12,389,14.15728785049442,2020-03-28,0,0,2020,3,28,Saturday,2.0,1,High,1.0,3,0,0.9830732119161452,0.771191254905207,0.8326831972291535,-0.0803312482894739,0.6054751735551299,0.545815008152321,0.9122075302693419,-0.06424751581796302,0.6664784365646538,64.83333333333333,17.013464386167733
89,25,Female,North,High School,Self-Employed,0.889000641752028,0.4579059499116411,Car,485.0,2,463,78.77982445480535,2020-03-29,0,0,2020,3,29,Sunday,1.0,0,High,1.0,3,0,1.3931093987601217,0.8490254356760439,0.889599580680622,0.17094522225930672,0.6360479282504042,0.5293804448221419,0.9428683056249308,0.38046477071044704,0.5150794368485578,77.16666666666667,88.61616151316534
90,59,Female,South,Post-Graduate,Salaried,0.6764079875554737,0.7365271443546084,Car,517.0,11,365,46.66026518120383,2020-03-30,0,0,2020,3,30,Monday,2.0,0,Medium,1.0,1,2,-0.12924844073730166,0.5581052800443203,0.6768636982224091,-0.7682487050702567,0.5166534017648213,0.596513502335546,0.8224402638219226,-0.9660386207124415,1.0888800219766834,60.833333333333336,68.98242782412017
91,48,Female,North,Graduate,Unemployed,0.8137385881132119,0.5812310299833591,Business,463.0,8,225,30.993286535697155,2020-03-31,0,0,2020,3,31,Tuesday,0.0,0,High,1.0,3,0,1.1060899378880962,0.7460338791685265,0.8142868213711312,-0.16154822161375842,0.5953902333222899,0.5513473697663762,0.9020746022991734,-0.19337302140662035,0.7142724192680107,37.5,38.087522195008894
92,27,Male,North,Graduate,Unemployed,0.827632092648172,0.5612709855486989,Business,460.0,8,469,29.34116059837453,2020-04-01,1,0,2020,4,1,Wednesday,0.0,1,Medium,1.0,2,2,0.30197256242436227,0.7650462976213469,0.8281896862600997,-0.10016936006336835,0.6030211905485212,0.5471560737101288,0.9097428717215497,-0.09641621052705815,0.6781648398297386,78.16666666666667,35.45193674702935
93,29,Male,South,Post-Graduate,Self-Employed,0.6936596736223684,0.72030289267093,Education,824.0,2,52,48.64112902751604,2020-04-02,0,0,2020,4,2,Thursday,2.0,1,Low,0.0,0,1,-1.1723190280429847,0.5817131662831854,0.6941270071227238,-0.6920340359818169,0.5268916749971743,0.590437391628519,0.8328623377379771,-0.8856065352880698,1.038409641012325,8.666666666666666,70.12246909713897
94,28,Male,South,High School,Unemployed,0.7793205105216006,0.6266255196529676,Education,341.0,2,384,80.94652315751674,2020-04-03,0,0,2020,4,3,Friday,1.0,1,Medium,1.0,1,2,-0.46527613284009794,0.698934827099499,0.7798455555774547,-0.31360074471981314,0.5762315557623661,0.5620122929437003,0.8827913176519129,-0.4174802542738422,0.804066505619833,64.0,103.86807746576449
95,32,Female,West,Graduate,Unemployed,0.9329628577156686,0.3599726463538767,Business,509.0,11,32,40.26780653461175,2020-04-04,1,0,2020,4,4,Saturday,0.0,0,High,1.0,3,0,1.6227182589791618,0.9091850623498475,0.933591414938436,0.36516193412569087,0.6590539852023048,0.5173405148517841,0.9659000247001076,0.775423953931262,0.38583813211520435,5.333333333333333,43.16121076160123
96,54,Female,North,High School,Unemployed,0.7744569672082109,0.6326265928196982,Business,574.0,4,164,69.97805974268346,2020-04-05,1,0,2020,4,5,Sunday,1.0,0,High,1.0,2,0,0.7510576850063111,0.6922793630007967,0.774978735589916,-0.3350869544033174,0.573494442152831,0.5635526916008115,0.8800323671366929,-0.4473758327650869,0.8168647447258591,27.333333333333332,90.35758306228786
97,53,Female,East,Graduate,Self-Employed,0.5435202610023432,0.8393960482870674,Education,578.0,1,195,17.74549847897749,2020-04-06,0,0,2020,4,6,Monday,0.0,0,Low,1.0,0,1,-0.9633583058551831,0.3762564845791698,0.543886442338447,-1.355321415870227,0.4340656915356291,0.6478696945322974,0.7372382661001416,-1.4576512498586187,1.544369379605241,32.5,32.64919406362477
98,43,Male,South,Post-Graduate,Self-Employed,0.9978985292817797,0.06479602809787861,Home,550.0,5,258,48.08453617208494,2020-04-07,0,0,2020,4,7,Tuesday,2.0,1,Medium,1.0,2,2,0.20783863194134944,0.9980455911835374,0.9985708350686412,0.6520353852919404,0.6920958927914465,0.500525920282592,0.9989487120377,1.4511103876973634,0.06493248180705752,43.0,48.185797213964186
99,44,Male,West,Post-Graduate,Unemployed,0.911329254147854,0.4116782609445344,Education,609.0,6,246,89.33489123141885,2020-04-08,1,0,2020,4,8,Wednesday,2.0,1,High,1.0,3,0,1.5125566550873062,0.879580787730816,0.9119432363447622,0.26958878662473695,0.6477989445814366,0.5231960939382154,0.9546356656588177,0.5751512103739369,0.45173383721723886,41.0,98.02702022876703
100,57,Female,East,Post-Graduate,Unemployed,0.8366025767707631,0.5478103034267604,Home,439.0,12,302,71.63502422338695,2020-04-09,0,0,2020,4,9,Thursday,2.0,0,High,1.0,3,0,1.6227182589791618,0.7773218611722085,0.8371662139915446,-0.0605394667117643,0.6079174392077146,0.5444836093817675,0.9146598147785673,-0.03174199821192304,0.6548035096201544,50.333333333333336,85.62610995043063
101,55,Male,North,Graduate,Self-Employed,0.8197199323767044,0.5727645523811082,Car,845.0,8,143,26.84227907524904,2020-04-10,0,0,2020,4,10,Friday,0.0,1,Medium,1.0,2,2,0.105109463276929,0.7542189860839016,0.8202721953954095,-0.1351237798531986,0.5986826059379496,0.5495351137325387,0.9053838591319731,-0.15210393459298222,0.6987320056015093,23.833333333333332,32.7456708261592
102,42,Male,West,High School,Salaried,0.9393171549165723,0.343049970819757,Car,829.0,5,330,50.11531789583286,2020-04-11,1,0,2020,4,11,Saturday,1.0,1,Medium,1.0,2,2,0.21165128393466326,0.9178805327441727,0.9399499931665728,0.3932340110565257,0.6623359291132654,0.5156454154312986,0.9691837570433031,0.8365079479742513,0.3652120788214773,55.0,53.35292518987793
103,47,Male,South,High School,Unemployed,0.6630030300743945,0.7486167124184253,Education,356.0,2,399,28.68998109188532,2020-04-12,0,0,2020,4,12,Sunday,1.0,1,Low,1.0,1,1,-0.6389726192891552,0.5397614086092019,0.6634497095320209,-0.8274692586209946,0.5086250222622843,0.6013218147625774,0.814249980088667,-1.0256282537268815,1.1291301524435329,66.5,43.272775221956465
104,55,Male,East,High School,Salaried,0.31542094183885094,0.9489518583413451,Home,411.0,11,443,42.76487418100074,2020-04-13,1,0,2020,4,13,Monday,1.0,1,Low,0.0,0,1,-1.600565939033911,0.06411639826564702,0.3156334477382716,-2.363020840838562,0.2741567222683813,0.7602129236304249,0.5616234876132327,-1.9195387627494676,3.0085252196925025,73.83333333333333,135.58032618788317
105,21,Female,South,Graduate,Unemployed,0.9709450864176751,0.23930240107732662,Education,304.0,4,31,72.40672189879717,2020-04-14,0,0,2020,4,14,Tuesday,0.0,0,Low,0.0,0,1,-1.5575645913321958,0.9611614390830309,0.9715992330880717,0.5329601992077275,0.6785131670101029,0.5073708074828036,0.9853654583035043,1.1564824868979708,0.2464633730834753,5.166666666666667,74.57344695562907
106,55,Male,North,Graduate,Salaried,0.9902120492649037,0.13957111982999884,Education,709.0,3,370,71.6979852232323,2020-04-15,1,0,2020,4,15,Wednesday,0.0,1,High,1.0,3,0,1.6227182589791618,0.9875271093892312,0.9908791765042032,0.6180779779597213,0.688241190479112,0.5024590220772484,0.9950939901662073,1.3649560489058137,0.14095073871663266,61.666666666666664,72.40669842026078
107,57,Male,East,Graduate,Salaried,0.9313631530463152,0.3640915779685461,Home,713.0,4,97,28.24803023219081,2020-04-16,1,0,2020,4,16,Thursday,0.0,1,Medium,1.0,1,2,-0.24956220888114825,0.9069959635160619,0.9319906325135044,0.3580947430383248,0.6582260505217017,0.5177690163668662,0.9650715792345743,0.7602099560527031,0.39092332220538295,16.166666666666668,30.32977001483983
108,34,Male,North,Graduate,Salaried,0.8835909960472288,0.46825949184641874,Education,481.0,7,162,83.77786545238881,2020-04-17,1,0,2020,4,17,Friday,0.0,1,High,1.0,3,0,1.3485567153866402,0.8416226635703924,0.8841862903807006,0.14704643603758505,0.633180059192799,0.530900817692657,0.9399952106512186,0.3350689185832548,0.5299505019190913,27.0,94.81520955642559
109,23,Male,North,Graduate,Self-Employed,0.8642391312616899,0.503081230017618,Car,312.0,7,134,57.40545462118615,2020-04-18,0,0,2020,4,18,Saturday,0.0,1,Medium,1.0,2,2,0.3314451449885125,0.8151408101100751,0.8648213878259897,0.0615535766640108,0.6228529973385122,0.536411870789996,0.9296446263286257,0.178137596457707,0.5821088305538504,22.333333333333332,66.42311432644895
110,21,Female,West,High School,Salaried,0.494988575864144,0.8688994819678434,Business,638.0,5,88,40.39394327696116,2020-04-19,1,0,2020,4,19,Sunday,1.0,0,Low,1.0,0,1,-0.8857663654721932,0.3098438164329741,0.4953220603560225,-1.5697251737852351,0.4021185652510074,0.6689014325223005,0.703554245146843,-1.5896767942015317,1.755393001648434,14.666666666666666,81.60580919760014
111,25,Female,South,Graduate,Salaried,0.933595997604125,0.3583273827905964,Business,558.0,0,355,50.15484646246885,2020-04-20,0,0,2020,4,20,Monday,0.0,0,High,1.0,2,2,0.5512512408816348,0.9100514758935446,0.9342249813869068,0.3679590257779672,0.6593814804857371,0.5171711160134161,0.9662277151914682,0.7814635787335525,0.38381418055579414,59.166666666666664,53.72221666671726
112,46,Male,East,Graduate,Salaried,0.907595870071349,0.41984489591923235,Education,389.0,7,465,58.4057002750195,2020-04-21,1,0,2020,4,21,Tuesday,0.0,1,Low,0.0,0,1,-1.4832793718495652,0.8744718780148403,0.9082073370067896,0.2530954055796865,0.6458437424528771,0.5242200487478501,0.9526782615717381,0.5417649793477638,0.4625901348429748,77.5,64.35210009321443
113,34,Male,North,High School,Unemployed,0.9523544986036743,0.30499329335141784,Home,549.0,7,60,54.79124254766283,2020-04-22,1,0,2020,4,22,Wednesday,1.0,1,High,1.0,3,0,1.2761191227130861,0.9357213469943645,0.9529961203936329,0.4508305167575823,0.6690360793934105,0.5122020620308458,0.9758865193267475,0.9651446681204413,0.32025185348375396,10.0,57.53240272188225
114,59,Male,North,Graduate,Salaried,0.8488228830550758,0.5286773242745231,Home,554.0,1,225,48.91240284289425,2020-04-23,1,0,2020,4,23,Thursday,0.0,1,Medium,1.0,2,2,0.012300457313586786,0.7940446092818992,0.8493947533600748,-0.006552476918022817,0.6145491571488811,0.540884694345386,0.9213158432671588,0.059051040485532225,0.6228358528362388,37.5,57.62380329197673
115,47,Male,East,High School,Unemployed,0.8946526173082842,0.4467624585206739,Car,407.0,3,185,50.39462432715201,2020-04-24,0,0,2020,4,24,Friday,1.0,1,Medium,1.0,2,2,0.18553294066081846,0.8567598214885118,0.8952553640948538,0.19591457569210738,0.6390355063254678,0.5278012395859094,0.9458607811450288,0.4286232065130686,0.49936975522950505,30.833333333333332,56.32870608345492
116,29,Male,North,High School,Salaried,0.8916073510442787,0.4528093766297298,Home,784.0,11,367,24.112952834230896,2020-04-25,0,0,2020,4,25,Saturday,1.0,1,Medium,1.0,2,2,0.4235106279091704,0.8525925592714204,0.8922080461692097,0.18246116831514692,0.6374269179315862,0.5286509377582727,0.9442496232693337,0.4025824790228365,0.5078573837456423,61.166666666666664,27.044362976582736
117,35,Male,West,Post-Graduate,Salaried,0.8071888032326856,0.5902933473585694,Home,557.0,1,262,75.01863234437435,2020-04-26,1,0,2020,4,26,Sunday,2.0,1,High,1.0,2,0,0.7600190943102437,0.7370708957390272,0.807732623759101,-0.1904839259463165,0.5917724905087524,0.5533456151406027,0.8984368665814452,-0.23775812175756764,0.7312952620186526,43.666666666666664,92.93814785826382
118,35,Female,West,Post-Graduate,Self-Employed,0.5301728803861847,0.8478895664548635,Car,581.0,3,463,53.34082559528123,2020-04-27,0,0,2020,4,27,Monday,2.0,0,Low,0.0,0,1,-1.3686622201004206,0.3579914035922295,0.5305300693037566,-1.4142876057784741,0.42538072273749555,0.6535209274834489,0.7281297139838373,-1.4961727253550277,1.5992699698959514,77.16666666666667,100.61024916330517
119,46,Male,West,Post-Graduate,Unemployed,0.9134263806275251,0.40700398913732977,Education,387.0,11,255,20.486388936376247,2020-04-28,0,0,2020,4,28,Tuesday,2.0,1,High,1.0,3,0,1.4243373665528654,0.8824505781483215,0.9140417757038259,0.27885349269839127,0.6488955514709128,0.522622667965956,0.955733425505002,0.5940546171534815,0.4455794115095707,42.5,22.428067954750848
120,33,Female,West,Post-Graduate,Salaried,0.9694687745247385,0.2452147940510563,Business,503.0,12,236,71.29256812662223,2020-04-29,0,0,2020,4,29,Wednesday,2.0,0,Medium,1.0,1,2,-0.35288955021900653,0.9591411957812234,0.9701219265719347,0.5264381339466742,0.677763848784093,0.5077511321505032,0.9846160543708082,1.140940774006058,0.2529372791519435,39.333333333333336,73.53776624891493
121,52,Female,North,Graduate,Unemployed,0.9460334063304366,0.3240691193354142,Car,315.0,12,115,84.59551827018807,2020-04-30,1,0,2020,4,30,Thursday,0.0,0,Low,0.0,0,1,-1.1270032552309586,0.9270713155300009,0.946670769464039,0.4229051328841313,0.6657931502816459,0.5138657932320201,0.9726424863897508,0.9022149530032082,0.3425556826713382,19.166666666666668,89.42128016210877
122,59,Male,East,Post-Graduate,Unemployed,0.7915353001256366,0.6111234479669542,Education,450.0,9,202,85.78455193895697,2020-05-01,0,0,2020,5,1,Friday,2.0,1,Low,0.0,0,1,-1.600565939033911,0.715650025966763,0.7920685745490017,-0.25963812657068225,0.5830729617974013,0.5581804611552293,0.8896826963168591,-0.34049579373900724,0.7720735232780566,33.666666666666664,108.37741781742494
123,52,Female,East,High School,Self-Employed,0.8593654669751709,0.5113619013678538,Car,553.0,6,325,39.52141859289382,2020-05-02,1,0,2020,5,2,Saturday,1.0,0,High,1.0,3,0,1.5142589315271362,0.8084714960733822,0.8599444400466035,0.040022654445458286,0.6202352827337643,0.5378178834453708,0.9270196691414756,0.13993172064601625,0.595045904238817,54.166666666666664,45.98906997275897
124,24,Female,East,Graduate,Self-Employed,0.7266451176834506,0.6870130078439595,Education,487.0,8,311,20.84134988486032,2020-05-03,1,0,2020,5,3,Sunday,0.0,0,High,1.0,2,2,0.5611406563892186,0.6268517462407006,0.7271346741897268,-0.5463106154359926,0.5461802874192953,0.579157807101466,0.852434817263731,-0.7194545591350164,0.9454587819074067,51.833333333333336,28.68160726284473
125,50,Female,East,Post-Graduate,Self-Employed,0.7150484918600444,0.699074855998037,Car,628.0,7,45,51.47197013064521,2020-05-04,1,0,2020,5,4,Monday,2.0,0,Medium,1.0,1,2,-0.21103877063199059,0.6109824670217252,0.7155302354690966,-0.5975423035299121,0.5394413553552212,0.583073892514524,0.8456053996161829,-0.7797785818254083,0.9776607656070214,7.5,71.9838874098622
126,57,Female,South,High School,Self-Employed,0.8744069229880099,0.48519329450296456,Education,843.0,11,451,19.00873834793765,2020-05-05,0,0,2020,5,5,Tuesday,1.0,0,Medium,1.0,1,2,-0.24122133384592212,0.8290548165118067,0.8749960298131495,0.10647294737228756,0.6282923016468015,0.5335020841717178,0.9350972799596895,0.2595389363916844,0.5548827230747093,75.16666666666667,21.739007146674094
127,43,Female,East,Graduate,Self-Employed,0.34757614808627313,0.9376517590670372,Car,696.0,8,213,84.71899348100938,2020-05-06,1,0,2020,5,6,Wednesday,0.0,0,Low,0.0,0,1,-1.600565939033911,0.10811884812085865,0.347810317642472,-2.2209652531055686,0.29830753284351286,0.7420730928045329,0.5895558905534514,-1.875560287471873,2.697687295948453,35.5,243.7422531651423
128,59,Female,South,Graduate,Self-Employed,0.9926050622175393,0.12138859279238341,Education,816.0,7,431,24.68637018841168,2020-05-07,0,0,2020,5,7,Thursday,0.0,0,High,1.0,3,0,0.8314979335866521,0.9908018025024082,0.9932738016813375,0.6286498542158897,0.6894428591340435,0.5018555954520739,0.9962956700786867,1.3915929810173981,0.12229294148590579,71.83333333333333,24.870284394138437
129,35,Male,South,Post-Graduate,Self-Employed,0.7500611973247672,0.6613684300507068,Car,758.0,1,276,30.221268796093128,2020-05-08,0,0,2020,5,8,Friday,2.0,1,Medium,1.0,2,2,0.04272899807547406,0.6588952312768223,0.7505665297495224,-0.44286282753332684,0.5596507572238569,0.5714085893274194,0.8660607353556488,-0.591035877569027,0.8817526255318904,46.0,40.29173739940542
130,49,Female,West,Graduate,Self-Employed,0.9481259925110489,0.31789479757450967,Business,629.0,6,277,42.53092215079764,2020-05-09,1,0,2020,5,9,Saturday,0.0,0,High,1.0,3,0,1.6123173219798064,0.9299348928235683,0.9487647654651465,0.43214978077976235,0.6668678810092347,0.5133138225372395,0.9737176143580072,0.922930086730152,0.3352875040716755,46.166666666666664,44.85788016227391
131,56,Female,South,High School,Salaried,0.9984906053215611,0.054922773824548014,Business,468.0,1,179,40.65315748473006,2020-05-10,1,0,2020,5,10,Sunday,1.0,0,High,1.0,2,0,0.7718511734067961,0.9988558113404379,0.9991633100028353,0.6546510646679827,0.6923921982933239,0.5003776336687347,0.9992450176616149,1.4578186978802052,0.05500579928527248,29.833333333333332,40.71461190327156
132,33,Female,North,Graduate,Unemployed,0.9922913375023019,0.123927000762112,Home,665.0,12,48,73.57303139183112,2020-05-11,1,0,2020,5,11,Monday,0.0,0,High,1.0,2,0,0.7400334185388406,0.9903724892538986,0.9929598656029852,0.6272638780704876,0.6892854022345829,0.5019346222996086,0.9961382120480581,1.3880913672504833,0.12488973356761215,8.0,74.14458698896023
133,52,Male,South,High School,Self-Employed,0.9859532468511809,0.16702154059765523,Education,477.0,11,464,46.50534564407699,2020-05-12,0,0,2020,5,12,Tuesday,1.0,1,High,1.0,3,0,1.6227182589791618,0.9816991965401846,0.9866175048433337,0.5992633985953429,0.6860990239819214,0.5035365266456022,0.9929517847565313,1.3179616714518556,0.16940107569103158,77.33333333333333,47.167901513180446
134,27,Female,West,Graduate,Self-Employed,0.9017818043126584,0.4321915980333334,Car,661.0,10,148,23.66146080026695,2020-05-13,0,0,2020,5,13,Wednesday,0.0,0,Low,0.0,0,1,-1.600565939033911,0.8665156815895042,0.9023893541864538,0.22740996844972636,0.6427912384639436,0.5258226773083571,0.9496219270386812,0.49044538950849803,0.4792640480950395,24.666666666666668,26.23856534597281
135,42,Male,South,Post-Graduate,Unemployed,0.3131123446732984,0.9497160942161555,Education,339.0,1,301,31.376791638885926,2020-05-14,1,0,2020,5,14,Thursday,2.0,1,Low,0.0,0,1,-1.600565939033911,0.060957223038112796,0.3133232952209589,-2.3732197841968423,0.27240015500632514,0.7615494622806241,0.559564424059731,-1.9224874840018187,3.033148038947777,50.166666666666664,100.20937268258933
136,48,Female,North,High School,Salaried,0.8763873808353247,0.48160685077415505,Business,715.0,3,61,50.72907081500176,2020-05-15,1,0,2020,5,15,Friday,1.0,0,Medium,1.0,2,2,0.5447691734531196,0.8317649529807282,0.8769778219376801,0.1152222336096688,0.6293483222498739,0.5329389923496622,0.9361556392156833,0.27566392174818244,0.5495364964236633,10.166666666666666,57.884300851810046
137,22,Male,North,Graduate,Unemployed,0.8755646898646692,0.48310089408133555,Education,654.0,0,296,21.79631339409079,2020-05-16,0,0,2020,5,16,Saturday,0.0,1,Medium,1.0,2,2,0.3444344366402202,0.8306391502754352,0.8761545767023533,0.11158774131439785,0.6289097820082408,0.5331727587983941,0.935716137439485,0.26895475810039204,0.5517592242738861,49.333333333333336,24.894006857973817
138,26,Male,North,Graduate,Unemployed,0.8361622175482991,0.5484822202630737,Car,554.0,4,298,58.93245405168113,2020-05-17,0,0,2020,5,17,Sunday,0.0,1,High,1.0,2,0,0.720187502737867,0.7767192562796864,0.8367255580895636,-0.06248489003386728,0.6076776420798096,0.5446141906433687,0.9144190601405349,-0.03495546601904155,0.6559519298435555,49.666666666666664,70.47969020231056
139,48,Female,West,Graduate,Self-Employed,0.5606859054080036,0.8280285716548718,Education,442.0,5,150,55.25978452409167,2020-05-18,1,0,2020,5,18,Monday,0.0,0,Low,1.0,1,1,-0.6267967306653466,0.3997466280222093,0.5610636516094022,-1.2794868624825575,0.4451254075830682,0.640743916847621,0.7487896269367008,-1.4054914371274034,1.4768136021759395,25.0,98.55747039669184
140,48,Female,West,High School,Unemployed,0.8729713927937889,0.48777140892396753,Car,310.0,8,155,67.17618531058062,2020-05-19,0,0,2020,5,19,Tuesday,1.0,0,Medium,1.0,1,2,-0.05121765404716339,0.8270903804916859,0.8735595324712391,0.10013104790259042,0.6275261498769654,0.5339109843575163,0.934329381317846,0.2479061360659706,0.5587484457685862,25.833333333333332,76.95118747888776
141,40,Male,East,High School,Unemployed,0.5114085277999683,0.8593377203948801,Business,325.0,9,434,85.01636923034941,2020-05-20,0,0,2020,5,20,Wednesday,1.0,1,Low,0.0,0,1,-1.045162611746915,0.3323135249498963,0.5117530747680229,-1.4971849479554595,0.41304201590692396,0.661634483070978,0.7151283296024346,-1.5474480670750739,1.6803351404632823,72.33333333333333,166.23963936636312
142,50,Female,West,High School,Self-Employed,0.9457221967014634,0.3249761939991278,Business,720.0,7,323,82.98036488809245,2020-05-21,0,0,2020,5,21,Thursday,1.0,0,High,1.0,3,0,0.9588919418324517,0.9266454440245288,0.9463593501664188,0.42153026791166653,0.6656332175102282,0.5139479837847747,0.972482491719755,0.899144094040403,0.3436275421393257,53.833333333333336,87.74285427318452
143,31,Male,North,Post-Graduate,Self-Employed,0.713570918546684,0.7005830030798932,Business,520.0,1,193,85.68604944550651,2020-05-22,0,0,2020,5,22,Friday,2.0,1,Medium,1.0,1,2,-0.23056603370038525,0.6089604975425603,0.7140516666826896,-0.6040699415065718,0.53857944959785,0.5835766638991057,0.8447312700182728,-0.7873134991905909,0.9817987040541912,32.166666666666664,120.08063560104387
144,48,Male,North,Post-Graduate,Self-Employed,0.8175894584769002,0.5758015955061685,Home,795.0,0,161,29.577247761896075,2020-05-23,0,0,2020,5,23,Saturday,2.0,1,Low,0.0,0,1,-1.1670975955477425,0.7513035617441345,0.8181402861493356,-0.14453580848886446,0.59751114983427,0.5501792472090907,0.9042065352987116,-0.16688464257548274,0.7042673918262572,26.833333333333332,36.17616085338964
145,45,Male,West,High School,Self-Employed,0.5954171620442008,0.8034167057904821,Business,536.0,1,210,20.525224531148368,2020-05-24,0,0,2020,5,24,Sunday,1.0,1,Medium,1.0,1,2,-0.35142207052949787,0.44727424662254944,0.5958183074431495,-1.1260507739002938,0.46713524564162245,0.6267953133453225,0.7716327896377919,-1.2903970617456315,1.3493341425231549,35.0,34.47200692146774
146,59,Male,South,Graduate,Unemployed,0.9020120740374459,0.43171080400039225,Education,536.0,6,137,34.18213603971588,2020-05-25,1,0,2020,5,25,Monday,0.0,1,High,1.0,3,0,1.617664538448435,0.8668307917443004,0.9026197790489272,0.22842725631409572,0.6429123121774165,0.5257590178580078,0.9497431621430321,0.49246244305166226,0.47860867545601204,22.833333333333332,37.895430697191365
147,53,Male,West,Post-Graduate,Unemployed,0.9977547571844921,0.06697346127919034,Home,518.0,3,296,81.60681382130517,2020-05-26,0,0,2020,5,26,Tuesday,2.0,1,High,1.0,3,0,1.4438422680259912,0.9978488477867512,0.9984269661089872,0.651400227500613,0.6920239285407761,0.5005619415514926,0.9988767477444312,1.4494829904490034,0.06712417134264433,49.333333333333336,81.79045324883926
148,21,Female,West,High School,Salaried,0.9968622516863088,0.07915586625703898,Business,786.0,9,320,87.76427796987906,2020-05-27,1,0,2020,5,27,Wednesday,1.0,0,High,1.0,3,0,1.0102173933729417,0.9966275081340953,0.9975338593105778,0.6474573078961237,0.691577074431332,0.5007856696953036,0.9984298932255128,1.439394107993933,0.07940501922220206,53.333333333333336,88.04052698496261
149,47,Male,North,Graduate,Salaried,0.2924335734284789,0.9562858386130427,Education,760.0,4,262,78.74599608563808,2020-05-28,1,0,2020,5,28,Thursday,0.0,1,Low,0.0,0,1,-1.600565939033911,0.03265957855198831,0.29263059224143384,-2.464574664031098,0.25652693221395684,0.7737341559050256,0.5407712764454847,-1.9477243164778502,3.2700959311941777,43.666666666666664,269.2782335571916
150,33,Male,East,Post-Graduate,Unemployed,0.7249119898632423,0.6888414962475145,Education,443.0,11,498,18.80141769020349,2020-05-29,0,0,2020,5,29,Friday,2.0,1,Medium,1.0,2,2,0.39115339955535744,0.624480065915761,0.7254003787238824,-0.5539672446369273,0.5451760288126049,0.5797397234622295,0.8514176353959567,-0.728605098673236,0.9502415546713019,83.0,25.93613839074514
151,23,Female,North,Graduate,Salaried,0.6196510791077534,0.7848774045420066,Education,488.0,6,275,85.79423984478345,2020-05-30,1,0,2020,5,30,Saturday,0.0,0,Low,0.0,0,1,-1.600565939033911,0.4804368925772715,0.6200685514199122,-1.0189899357564998,0.4822107427791669,0.6174169318930643,0.7871791912314205,-1.2019797858972199,1.266644134102317,45.833333333333336,138.45572570989484
152,59,Male,East,Graduate,Unemployed,0.693923281376982,0.7200489424775248,Car,554.0,2,197,43.86864218806288,2020-05-31,1,0,2020,5,31,Sunday,0.0,1,Low,1.0,0,1,-0.9633247634622801,0.5820738975101779,0.6943907924755738,-0.6908694670400264,0.5270473067609701,0.5903455079660425,0.8330205768028675,-0.8843440004628558,1.0376492067663454,32.833333333333336,63.21828848430108
153,26,Female,North,Graduate,Salaried,0.7103573245473491,0.7038412260317892,Home,367.0,9,395,10.744823260988294,2020-06-01,1,0,2020,6,1,Monday,0.0,0,Medium,1.0,1,2,-0.24887179462722706,0.6045628890270783,0.7108359076156862,-0.6182669888151187,0.5367023104087044,0.5846731473288208,0.8428269837560667,-0.8035848522917292,0.9908270129829209,65.83333333333333,15.125941395529447
154,28,Female,West,Graduate,Self-Employed,0.5941187022404372,0.8043773788764442,Education,635.0,1,239,45.391499259855486,2020-06-02,0,0,2020,6,2,Tuesday,0.0,0,Medium,1.0,1,2,-0.37525394068711787,0.4454973831198096,0.5945189728389783,-1.1317871224452856,0.46632104575126554,0.627305857835154,0.7707909588471035,-1.294940786160353,1.3539001143090028,39.833333333333336,76.40139771510803
155,47,Female,North,Post-Graduate,Salaried,0.5640211469863244,0.8257603440177005,Car,708.0,12,280,13.685533574037407,2020-06-03,1,0,2020,6,3,Wednesday,2.0,0,Low,1.0,1,1,-0.8694451961254488,0.4043107038728142,0.5644011402119925,-1.2647523992981433,0.4472601631227105,0.6393775441763537,0.7510134133198451,-1.3950044657367358,1.4640591907411626,46.666666666666664,24.26422067179909
156,29,Male,North,Post-Graduate,Self-Employed,0.9987446134812036,0.050091885992457216,Business,599.0,6,268,53.5102336928894,2020-06-04,0,0,2020,6,4,Thursday,2.0,1,High,1.0,3,0,1.256622606838186,0.9992034061038325,0.9994174892932598,0.6557732244243016,0.6925192902186575,0.5003140437528459,0.9993721096174355,1.4606998239238218,0.050154849714641236,44.666666666666664,53.57749415676469
157,57,Male,North,Post-Graduate,Self-Employed,0.9533344082162153,0.3019163892719947,Education,656.0,4,308,37.0843221949641,2020-06-05,1,0,2020,6,5,Friday,2.0,1,High,1.0,3,0,1.1197864149901766,0.9370622938773264,0.9539766901924391,0.45515957112170674,0.669537865201999,0.5119451107776265,0.9763884514967469,0.9749956399008851,0.31669515614873345,51.333333333333336,38.89959480677153
158,53,Male,West,High School,Self-Employed,0.6930832374305289,0.7208575629018655,Car,555.0,0,424,47.8747946875239,2020-06-06,1,0,2020,6,6,Saturday,1.0,1,Low,1.0,1,1,-0.8264690052184106,0.5809243483097918,0.6935501825733749,-0.6945806214831581,0.5265512675835944,0.5906384151068841,0.832516208509197,-0.888363780033492,1.0400735784266035,70.66666666666667,69.07510108743992
159,44,Female,West,Post-Graduate,Self-Employed,0.8152483242538243,0.5791115348543242,Education,652.0,0,207,59.05362885944936,2020-06-07,1,0,2020,6,7,Sunday,2.0,0,High,1.0,3,0,1.267140942212702,0.7480998615264293,0.8157975746535814,-0.1548784943812162,0.5962222761288187,0.550888815948121,0.9029110278725276,-0.1830231050240297,0.7103498622758532,34.5,72.43636951170629
160,35,Male,West,Graduate,Salaried,0.8896396072642145,0.4566632995838118,Home,820.0,8,332,79.50408766542563,2020-06-08,1,0,2020,6,8,Monday,0.0,1,High,1.0,3,0,1.6227182589791618,0.8498998212325494,0.8902389766776713,0.17376805040963314,0.63638612690186,0.5292014393410083,0.9432070860973292,0.38587164511869654,0.5133126896048673,55.333333333333336,89.36662331156045
161,52,Female,West,Post-Graduate,Unemployed,0.9899451905736685,0.14145147457719606,Home,823.0,4,65,62.95212611775429,2020-06-09,0,0,2020,6,9,Tuesday,2.0,0,High,1.0,3,0,1.4421595579820214,0.9871619294526089,0.9906121380245054,0.616899046998017,0.6881070959318093,0.5025264036099991,0.9949598939523484,1.3619959352446394,0.14288818807759004,10.833333333333334,63.591526800866454
162,52,Male,East,Graduate,Self-Employed,0.7597058712007276,0.6502668600375876,Business,583.0,0,328,44.723909478254456,2020-06-10,1,0,2020,6,10,Wednesday,0.0,1,Medium,1.0,2,2,0.08368425981010316,0.6720933826222467,0.7602177014505312,-0.40025449203081553,0.565146676448235,0.5682767878234414,0.8716110779474568,-0.5354767448114591,0.8559455503612604,54.666666666666664,58.870032697743376
163,44,Female,East,High School,Salaried,0.8502050950705281,0.5264516087126283,Education,611.0,6,212,75.55422829362921,2020-06-11,1,0,2020,6,11,Thursday,1.0,0,Medium,1.0,2,2,0.28232231058198975,0.795936082607594,0.8507778966016081,-0.0004461270250743636,0.6152964951457592,0.5404806216696105,0.9220656674394335,0.06951903633860139,0.6192054267434811,35.333333333333336,88.86588510430141
164,32,Male,South,Graduate,Self-Employed,0.9330975869663335,0.35962326565116154,Car,398.0,8,280,82.44657100585057,2020-06-12,0,0,2020,6,12,Friday,0.0,1,High,1.0,3,0,1.326868763175407,0.9093694311593895,0.9337262349591063,0.36575714233989937,0.6591236836732146,0.5173044582655184,0.9659697650373605,0.7767082952767564,0.38540799019785366,46.666666666666664,88.35792971440326
165,59,Male,West,Graduate,Salaried,0.8747315698036859,0.4846077597281944,Business,496.0,10,118,19.580797314575776,2020-06-13,0,0,2020,6,13,Saturday,0.0,1,High,1.0,3,0,1.5817042980569522,0.8294990759924495,0.8753208953503954,0.10790717528087694,0.6284654864022389,0.5334096977439367,0.935270853712274,0.26217615045356235,0.5540073966199184,19.666666666666668,22.38492126101068
166,22,Male,East,Graduate,Salaried,0.9724381564610564,0.23316095697741102,Education,781.0,0,125,52.55463820422332,2020-06-14,0,0,2020,6,14,Sunday,0.0,1,Medium,1.0,2,2,0.3974202366294114,0.9632046148975063,0.9730933090449811,0.5395562987913232,0.6792704203749264,0.5069867446664069,0.9861227897483439,1.1722624265847335,0.23976944490325386,20.833333333333332,54.044195875121446
167,23,Female,North,High School,Salaried,0.8413622898076402,0.5404715508605837,Business,525.0,9,101,32.76095677939553,2020-06-15,1,0,2020,6,15,Monday,1.0,0,Low,1.0,1,1,-0.5751302647970088,0.7838352398337797,0.8419291337498713,-0.0395119594492921,0.6105056725740629,0.5430761808989072,0.9172580279330567,0.003248610206949104,0.6423767233306251,16.833333333333332,38.93799041894977
168,57,Female,West,Post-Graduate,Unemployed,0.9688050688633126,0.24782400720017445,Car,664.0,12,147,13.764895830155792,2020-06-16,0,0,2020,6,16,Tuesday,2.0,0,Low,1.0,1,1,-0.5809247131710115,0.9582329548307286,0.9694577737576734,0.5235060085206984,0.6774267946867385,0.5079223005949233,0.9842789588644637,1.133973434595463,0.25580378877553084,24.5,14.208117063534752
169,37,Male,South,Post-Graduate,Salaried,0.8761970342918428,0.4819530652440953,Business,667.0,3,431,63.48373560911882,2020-06-17,0,0,2020,6,17,Wednesday,2.0,1,Medium,1.0,1,2,-0.4738238526315596,0.8315044752786035,0.8767873471536217,0.11438131876996262,0.6292468740090946,0.5329930608154079,0.9360539697537973,0.2741102549753093,0.5500510117951014,71.83333333333333,72.45372116607018
170,22,Male,South,High School,Salaried,0.7068367517173021,0.7073767075764744,Business,374.0,2,312,79.02166219673805,2020-06-18,0,0,2020,6,18,Thursday,1.0,1,Medium,1.0,2,2,0.13950159680019383,0.5997451985969887,0.7073129628997036,-0.633820210233788,0.5346418046270143,0.5858791117509443,0.8407358394390607,-0.8212286400700456,1.0007639046185142,52.0,111.79619905834014
171,22,Female,South,Graduate,Unemployed,0.5644928456753385,0.8254379608313145,Business,341.0,4,66,23.03221235819152,2020-06-19,0,0,2020,6,19,Friday,0.0,0,Low,1.0,1,1,-0.6444791621240733,0.4049561949248822,0.5648731566945988,-1.2626685241711986,0.44756171120189114,0.6391847701728121,0.751327389142269,-1.3935118754456024,1.4622646985787584,11.0,40.80160188857066
172,48,Female,North,Post-Graduate,Unemployed,0.7048910213369085,0.7093156194802211,Education,721.0,6,59,74.99309260991204,2020-06-20,0,0,2020,6,20,Saturday,2.0,0,Medium,1.0,2,2,0.3335275685479105,0.5970825845606724,0.7053659216387385,-0.6424160771248272,0.5335011915882424,0.5865477543637008,0.8395778828297638,-0.8308988905428302,1.0062769960311324,9.833333333333334,106.38962667970837
173,43,Female,East,High School,Salaried,0.8077683490684384,0.5895000375260798,Car,480.0,7,80,78.27165868295533,2020-06-21,0,0,2020,6,21,Sunday,1.0,0,High,1.0,3,0,0.9523483800169475,0.737863969071547,0.8083125600473975,-0.18792360262938318,0.5920931282459655,0.5531682200959599,0.8987593387934494,-0.23386445198066733,0.7297884823116958,13.333333333333334,96.89864522820483
174,57,Male,North,Post-Graduate,Unemployed,0.3223368990496789,0.9466250173701501,Home,844.0,12,408,83.14723541331868,2020-06-22,1,0,2020,6,22,Monday,2.0,1,Low,0.0,0,1,-1.600565939033911,0.07358046632444365,0.3225540643788092,-2.3324674567687844,0.27940054939410963,0.7562369322966545,0.5677472140395573,-1.9105422540738708,2.93675660515756,68.0,257.9513411541009
175,52,Female,West,High School,Self-Employed,0.8073999663674961,0.590004486686132,Education,370.0,1,411,31.22280712688419,2020-06-23,0,0,2020,6,23,Tuesday,1.0,0,Low,1.0,1,1,-0.7228677343385108,0.7373598596840653,0.8079439291590751,-0.1895510473638489,0.5918893298774943,0.5532809663650682,0.8985543758546258,-0.2363401786387448,0.7307462363920705,68.5,38.670805582710194
176,53,Male,South,Graduate,Self-Employed,0.7951631175782132,0.6063955940170547,Home,404.0,6,91,82.31624521519115,2020-06-24,1,0,2020,6,24,Wednesday,0.0,1,Low,1.0,1,1,-0.8404086646690382,0.7206144741594617,0.7956988361405318,-0.24361111879942574,0.5850958911141395,0.5570524428716329,0.8917191921105059,-0.3170987114477223,0.762605282629207,15.166666666666666,103.52120639837702
177,21,Female,North,Post-Graduate,Unemployed,0.9981014950436216,0.06159062908988313,Home,499.0,0,381,35.653020378914576,2020-06-25,0,0,2020,6,25,Thursday,2.0,0,High,1.0,3,0,1.4171928368645148,0.9983233375207573,0.9987739375728995,0.6529320494391477,0.6921974772563018,0.500475077207311,0.9990502965534926,1.4534088537393082,0.06170778161913418,63.5,35.72083656417765
178,39,Male,North,High School,Unemployed,0.9897450105288926,0.1428454204136844,Education,400.0,6,114,54.187041076440224,2020-06-26,0,0,2020,6,26,Friday,1.0,1,Low,1.0,1,1,-0.748155903388005,0.9868879952002679,0.9904118231141109,0.6160146896191764,0.688006495113741,0.502576960720304,0.9948592918241718,1.3597768075105392,0.1443254766572167,19.0,54.748486226249476
179,22,Female,East,Post-Graduate,Salaried,0.5962585291605124,0.8027924802857476,Education,606.0,7,97,14.04059766658257,2020-06-27,0,0,2020,6,27,Saturday,2.0,0,Low,0.0,0,1,-1.0637367118169812,0.4484256065006498,0.596660241406655,-1.1223337739442936,0.46766247159889596,0.6264649376851941,0.7721777833896235,-1.2874425460502723,1.3463832230895207,16.166666666666668,23.54783534308631
180,46,Female,East,Post-Graduate,Unemployed,0.4469712355149791,0.8945483299532859,Car,676.0,1,11,13.510487069499488,2020-06-28,1,0,2020,6,28,Sunday,2.0,0,Low,0.0,0,1,-1.0602399173568378,0.24413499794066074,0.4472723696878229,-1.7818566542114458,0.36947256874753265,0.6910987416029031,0.668559074065246,-1.7000813811453783,2.0013554763152257,1.8333333333333333,30.226748381097376
181,52,Female,South,Post-Graduate,Salaried,0.6023441195601269,0.7982365323833128,Car,698.0,8,369,67.62985701857623,2020-06-29,0,0,2020,6,29,Monday,2.0,0,Low,0.0,0,1,-1.3344769313333913,0.4567533679318134,0.6027499317999282,-1.095448792574012,0.471467631795923,0.6240856678617316,0.7761083168992114,-1.2658295800990935,1.3252167763607288,61.5,112.27777415335972
182,26,Female,North,Post-Graduate,Self-Employed,0.7280872509260077,0.6854844673944178,Business,520.0,0,93,45.55839823822328,2020-06-30,0,0,2020,6,30,Tuesday,2.0,0,Low,1.0,1,1,-0.5865682207769503,0.6288252181320599,0.7285777790285893,-0.5399395449541432,0.5470151615411961,0.5786744850204427,0.8532802886074468,-0.7118038463853424,0.9414867057795531,15.5,62.57271800911287
183,52,Female,North,High School,Unemployed,0.9820426557822575,0.18865901045041675,Home,481.0,12,491,30.503390029537407,2020-07-01,0,0,2020,7,1,Wednesday,1.0,0,Medium,1.0,2,2,0.5135104584668818,0.9763477898009311,0.9827042791247655,0.5819871507490444,0.6841279572616076,0.5045300095246071,0.9909806535862632,1.2752696192724962,0.19210877382931826,81.83333333333333,31.061166080652146
184,24,Male,East,Graduate,Salaried,0.8452371708369654,0.5343913594319454,Car,606.0,5,52,25.233079681992816,2020-07-02,0,0,2020,7,2,Thursday,0.0,1,Medium,1.0,2,2,0.014818931980724434,0.7891377795493028,0.8458066253702164,-0.022393471768612182,0.6126078171100339,0.5419357553622326,0.919367810420272,0.03208452774800904,0.6322383561323786,8.666666666666666,29.85325368145686
185,31,Female,North,High School,Salaried,0.8716179820247753,0.49018577438666905,Business,821.0,0,163,63.59627926873745,2020-07-03,1,0,2020,7,3,Friday,1.0,0,High,1.0,3,0,1.6227182589791618,0.8252383199252326,0.8722052098801661,0.09415193644060728,0.6268032877991908,0.5342970678867749,0.9336048318345269,0.23698124780806057,0.5623860274749768,27.166666666666668,72.96347778530544
186,37,Female,North,High School,Self-Employed,0.969293374113886,0.2459072079035469,Car,695.0,2,336,10.03212352202719,2020-07-04,1,0,2020,7,4,Saturday,1.0,0,Medium,1.0,2,2,0.06294947059719853,0.9589011709552674,0.9699464079900381,0.5256632482793105,0.6776747850608474,0.5077963563707035,0.9845269798811438,1.1390982950703614,0.2536973990236462,56.0,10.349935107313007
187,58,Female,North,High School,Unemployed,0.7357189022228967,0.6772870122126481,Education,303.0,10,431,74.47129353574834,2020-07-05,1,0,2020,7,5,Sunday,1.0,0,Medium,1.0,2,2,0.13743035403843024,0.6392686701478821,0.7362145719337478,-0.5062243604825852,0.5514216804446024,0.5761301548996915,0.8577405797925715,-0.6707591220978647,0.9205785119375037,71.83333333333333,101.22248226971092
188,44,Male,East,Graduate,Self-Employed,0.8048945785981595,0.5934178269510373,Car,580.0,5,103,16.339968490394305,2020-07-06,1,0,2020,7,6,Monday,0.0,1,Low,1.0,1,1,-0.8666304303210008,0.733931388448651,0.8054368534558992,-0.2006193741950817,0.5905021848704177,0.5540489798449548,0.8971591712723889,-0.25310812448319725,0.7372615529161103,17.166666666666668,20.300756055349172
189,25,Female,South,Post-Graduate,Salaried,0.4213841575831204,0.9068822369734474,Home,514.0,2,307,25.319169192649557,2020-07-07,1,0,2020,7,7,Tuesday,2.0,0,Low,0.0,0,1,-1.1336893722163006,0.20912063339344955,0.42166805318905826,-1.894895499803409,0.35163115570560133,0.7035395706818418,0.649141092200394,-1.7516025202799979,2.152150764696368,51.166666666666664,60.085716885678615
190,54,Male,West,Post-Graduate,Salaried,0.9678605645759265,0.25148743018045416,Car,719.0,7,142,40.89891162392717,2020-07-08,0,0,2020,7,8,Wednesday,2.0,1,High,1.0,3,0,1.6227182589791618,0.9569404579882593,0.968512633137354,0.5193333681517154,0.6769469447866168,0.5081660855455477,0.983799046846421,1.1240794485335843,0.2598384926351915,23.666666666666668,42.2570286680161
191,26,Female,South,Post-Graduate,Unemployed,0.8390688286420039,0.5440252758846188,Home,400.0,4,404,48.78869917728829,2020-07-09,0,0,2020,7,9,Thursday,2.0,0,High,1.0,2,0,0.7921834539048641,0.7806967773042827,0.8396341274299249,-0.04964403483765534,0.6092593721333335,0.5437534389283379,0.916007002507079,-0.013670469912530814,0.6483678779547797,67.33333333333333,58.14624201479473
192,42,Female,West,Graduate,Salaried,0.9902186491850002,0.13952428751379928,Education,820.0,1,74,38.39960926511535,2020-07-10,0,0,2020,7,10,Friday,0.0,0,Medium,1.0,2,2,0.351570580730345,0.9875361409796636,0.9908857808708085,0.6181071351519064,0.6882445066630111,0.5024573558334923,0.9950973063901842,1.3650292843219747,0.14090250433945553,12.333333333333334,38.77891948078352
193,31,Male,North,Post-Graduate,Unemployed,0.9429798318683477,0.33284987109738084,Home,608.0,3,299,35.656973198743515,2020-07-11,1,0,2020,7,11,Saturday,2.0,1,High,1.0,3,0,0.8425725136434772,0.9228926840476418,0.943615137742899,0.4094150214676236,0.6642227904486614,0.5146733813692812,0.971071486487142,0.8721942124274601,0.35297665957276914,49.833333333333336,37.81308146123924
194,36,Female,South,Graduate,Self-Employed,0.9849601088621164,0.17278189705616728,Car,809.0,8,385,87.11328096585507,2020-07-12,0,0,2020,7,12,Sunday,0.0,0,Low,1.0,0,1,-0.8933721030629607,0.9803401474261203,0.9856236977557611,0.5948759037787661,0.6855988176460954,0.5037884618110803,0.99245156499555,1.3070779921407454,0.17542019773346462,64.16666666666667,88.44346099101763
195,53,Male,West,Post-Graduate,Unemployed,0.9444064365018999,0.32878029547675575,Business,362.0,3,266,61.32637449947154,2020-07-13,1,0,2020,7,13,Monday,2.0,1,High,1.0,3,0,1.5683628112797625,0.9248449059792344,0.9450427035107976,0.4157174895072471,0.664956756460325,0.5142957671951849,0.9718057606856938,0.8861890864715883,0.3481343230723463,44.333333333333336,64.93642157567841
196,29,Male,East,Post-Graduate,Unemployed,0.98735574944627,0.15852010609192269,Education,525.0,9,476,11.874636429391057,2020-07-14,0,0,2020,7,14,Tuesday,2.0,1,Low,1.0,1,1,-0.5543311859977067,0.9836184362936898,0.9880209523347054,0.6054593884114059,0.686804986017416,0.5031811744216538,0.993657762736381,1.3333799015742125,0.1605501423178263,79.33333333333333,12.026705102037036
197,26,Female,East,High School,Salaried,0.8918783362750169,0.4522753953989845,Car,404.0,9,395,44.41407267554506,2020-07-15,1,0,2020,7,15,Wednesday,1.0,0,High,1.0,3,0,1.3948200607981776,0.8529633861271185,0.8924792139685492,0.18365832954382239,0.6375701642676882,0.5285752158719327,0.94439310473712,0.4048908944910822,0.5071043627855563,65.83333333333333,49.798353507545755
198,36,Male,South,Graduate,Salaried,0.8631176812128957,0.5050028399699098,Education,724.0,7,222,80.00069597951762,2020-07-16,0,0,2020,7,16,Thursday,0.0,1,High,1.0,3,0,0.9101800017389914,0.8136061737231247,0.863699182232082,0.05659922356271681,0.6222512572105587,0.5367347484722471,0.9290412699191009,0.16930006962830146,0.5850915245534709,37.0,92.68805137567878
199,49,Female,South,High School,Unemployed,0.784097971596172,0.6206370686147973,Education,554.0,4,157,34.11649491285344,2020-07-17,0,0,2020,7,17,Friday,1.0,0,High,1.0,2,2,0.5953846443438283,0.7054724928744124,0.7846262353307121,-0.29249483000113047,0.5789129494639423,0.5605073353148504,0.8854930669385119,-0.3876963870923832,0.7915300014759371,26.166666666666668,43.5105001526827
200,23,Female,North,High School,Salaried,0.7974084460589154,0.6034399474296558,Car,728.0,10,70,17.56450758195106,2020-07-18,0,0,2020,7,18,Saturday,1.0,0,Medium,1.0,2,2,0.43571446852706486,0.7236870700283963,0.797945677347515,-0.23369168446193517,0.5863458752735542,0.5563565711470024,0.8929772931373537,-0.30249386176048493,0.7567513868357891,11.666666666666666,22.0269896422107
201,40,Male,South,High School,Salaried,0.9985374121005813,0.05406511477351839,Car,733.0,10,480,70.67078172719343,2020-07-19,0,0,2020,7,19,Sunday,1.0,1,High,1.0,3,0,1.29087777559043,0.99891986357916,0.9992101483165933,0.6548578481186142,0.6924156190843809,0.5003659145659628,0.9992684384591466,1.4583494674953352,0.05414430557968166,80.0,70.77429535516978
202,56,Male,North,Graduate,Salaried,0.9958568813287405,0.09093443742716494,Business,506.0,9,158,58.4811065548865,2020-07-20,1,0,2020,7,20,Monday,0.0,1,High,1.0,2,0,0.7147927678792925,0.9952517197655052,0.9965278116132906,0.6430157728011607,0.6910734725773958,0.5010379298009838,0.9979262905288849,1.4280575027695068,0.09131275701568078,26.333333333333332,58.72440874923413
203,39,Male,North,Graduate,Unemployed,0.9810365970614202,0.19382258698652394,Education,327.0,12,97,55.62500062612031,2020-07-21,0,0,2020,7,21,Tuesday,0.0,1,Low,0.0,0,1,-1.0302781748961847,0.9749710594489499,0.9816975426004442,0.5775425745960334,0.6836202415798044,0.5047862323610551,0.990472915864649,1.26435719497681,0.1975691707802713,16.166666666666668,56.70022993305088
204,46,Male,East,Post-Graduate,Salaried,0.7292946243641151,0.6841997887120429,Education,635.0,12,333,14.286124768592634,2020-07-22,0,0,2020,7,22,Wednesday,2.0,1,Medium,1.0,1,2,-0.006351908339919899,0.6304774354668841,0.7297859659002529,-0.5346055986549402,0.5477135937831287,0.5782704612105722,0.8539874848989972,-0.7053729336844199,0.9381665048040205,55.5,19.58896211671512
205,23,Female,East,High School,Unemployed,0.9797217329937637,0.20036298535332395,Car,368.0,0,392,21.239920783641388,2020-07-23,0,0,2020,7,23,Thursday,1.0,0,High,1.0,3,0,1.5782522267873462,0.9731717477058287,0.9803817926804733,0.5717337551320032,0.6829562959378899,0.505121494265654,0.9898089376206722,1.2501387076822728,0.20451009567897308,65.33333333333333,21.67954437301085
206,39,Female,West,Post-Graduate,Salaried,0.9276362059865891,0.3734850322875154,Home,812.0,6,405,59.8039516970491,2020-07-24,1,0,2020,7,24,Friday,2.0,0,High,1.0,3,0,1.4561495310220036,0.901895862467207,0.928261174529068,0.34162979950957395,0.6562944885432054,0.5187700858151225,0.9631387262417545,0.7250185181429236,0.4026201541910438,67.5,64.46918663922189
207,40,Male,East,High School,Self-Employed,0.9496460475968592,0.3133247265755832,Car,466.0,2,287,26.625907316706865,2020-07-25,0,0,2020,7,25,Saturday,1.0,1,Medium,1.0,1,2,-0.2564523754233173,0.9320149960322329,0.9502858446448909,0.4388650951503123,0.6676478420470933,0.5129136138493464,0.9744978438133454,0.9380504267495103,0.3299384306062998,47.833333333333336,28.03771719377493
208,52,Female,East,Graduate,Salaried,0.29798001002559454,0.954572110228005,Education,667.0,9,413,50.325606379873946,2020-07-26,0,0,2020,7,26,Sunday,0.0,0,Low,0.0,0,1,-1.514395531665965,0.04024954069876374,0.2981807655926495,-2.4400715616543183,0.2608092175666935,0.7704278897024626,0.5458754528512841,-1.9411590470461495,3.2034770055414574,68.83333333333333,168.88920292187152
209,27,Female,South,Graduate,Salaried,0.9563247625914069,0.29230625798037463,Car,550.0,7,91,53.59053488235148,2020-07-27,0,0,2020,7,27,Monday,0.0,0,Low,0.0,0,1,-1.1269026280522494,0.9411544125044377,0.9569690592339442,0.46837038821394117,0.6710675918751856,0.5111625733732317,0.9779185868933092,1.0052170960345055,0.3056558497850625,15.166666666666666,56.03800819413501
210,53,Female,East,Graduate,Unemployed,0.842587325060718,0.5385597456615413,Business,469.0,11,138,32.68057522167516,2020-07-28,0,0,2020,7,28,Tuesday,0.0,0,Low,0.0,0,1,-1.2679903182007208,0.7855116262913769,0.8431549943356513,-0.03409998660947997,0.6111707388351691,0.5427151193320227,0.9179255552934116,0.012330903411352434,0.6391738038816712,23.0,38.78598009923797
211,59,Female,West,High School,Unemployed,0.9868528477138669,0.16162133819218083,Home,389.0,2,295,85.87401244331943,2020-07-29,0,0,2020,7,29,Wednesday,1.0,0,Medium,1.0,2,2,0.5037496221320931,0.9829302457688992,0.9875177117865461,0.603237664171208,0.68655190331036,0.5033085369913681,0.9934046746990206,1.3278447944684402,0.16377450657065148,49.166666666666664,87.01805202493388
212,38,Male,South,Graduate,Salaried,0.8375213980679248,0.5464045275968609,Car,745.0,0,391,77.397128546846,2020-07-30,1,0,2020,7,30,Thursday,0.0,1,Medium,1.0,1,2,-0.10801890122907698,0.7785792123999743,0.8380856543184543,-0.05648028891064663,0.6084175972440837,0.5442113496209934,0.9151619518248805,-0.025024073181011196,0.6524066475881806,65.16666666666667,92.41212072359366
213,21,Male,West,High School,Self-Employed,0.6290763808562849,0.7773434936041842,Business,593.0,4,362,67.78988061062388,2020-07-31,1,0,2020,7,31,Friday,1.0,1,Low,0.0,0,1,-1.0133029288878308,0.4933348464690537,0.6295002031977528,-0.97735074460512,0.4880132167074839,0.61384475998257,0.7931433545433543,-1.1656806358015281,1.23569015982778,60.333333333333336,107.76096937282844
214,31,Female,East,Post-Graduate,Salaried,0.9758739624689347,0.21833462706400977,Education,449.0,1,289,16.239509312752727,2020-08-01,1,0,2020,8,1,Saturday,2.0,0,High,1.0,3,0,0.9028733504849428,0.9679063070717252,0.9765314298295565,0.5547350365058366,0.6810108131157386,0.5061051559940896,0.9878633318779145,1.2088118937027048,0.22373240342598044,48.166666666666664,16.64099047346976
215,48,Male,West,High School,Salaried,0.905963333760679,0.423356159611782,Car,431.0,10,279,18.49040154472156,2020-08-02,0,0,2020,8,2,Sunday,1.0,1,High,1.0,3,0,1.349126936065992,0.8722378510708263,0.9065737008211555,0.24588317054305753,0.6449875677755545,0.5246690648696206,0.9518210618391878,0.5272724242376494,0.4672994411974918,46.5,20.409657715359618
216,45,Male,South,Post-Graduate,Self-Employed,0.9591550897060442,0.2828807414635894,Education,732.0,3,301,49.422507669196456,2020-08-03,1,0,2020,8,3,Monday,2.0,1,High,1.0,3,0,1.6227182589791618,0.9450275435295469,0.9598012932010741,0.4808742352940286,0.6725133036215734,0.5104241135652217,0.9793646357236125,1.0340438210480938,0.2949270086762349,50.166666666666664,51.52712861518897
217,43,Male,North,High School,Unemployed,0.602352439896556,0.7982302538432541,Business,358.0,0,462,22.857067935278856,2020-08-04,0,0,2020,8,4,Tuesday,1.0,1,Low,1.0,1,1,-0.7562591864735012,0.4567647538076707,0.6027582577419476,-1.095412034909562,0.4714728243851586,0.6240824272496241,0.7761136771740051,-1.2657997363519775,1.3251880476824114,77.0,37.94633576848162
218,51,Female,West,Post-Graduate,Salaried,0.9586145064646846,0.2847072671982033,Education,498.0,8,212,88.26123708235792,2020-08-05,0,0,2020,8,5,Wednesday,2.0,0,Low,1.0,1,1,-0.549473129425581,0.944287788144759,0.9592603457571119,0.47848604131141015,0.6722373388250121,0.5105649920897442,0.979088610118964,1.0285212257613856,0.29699870519192056,35.333333333333336,92.07166852488005
219,50,Female,West,Graduate,Unemployed,0.8152629240122673,0.5790909813932246,Business,514.0,5,33,22.68161872219276,2020-08-06,0,0,2020,8,6,Thursday,0.0,0,Medium,1.0,1,2,-0.3059106337588706,0.7481198404105279,0.8158121842481969,-0.15481399542417584,0.5962303189401169,0.5508843852711455,0.9029191126630709,-0.18292279799233968,0.7103119304668771,5.5,27.821231720641165
220,55,Female,South,Post-Graduate,Unemployed,0.9985831853070463,0.053212987343630336,Business,771.0,7,453,48.99742683711792,2020-08-07,0,0,2020,8,7,Friday,2.0,0,High,1.0,3,0,1.6227182589791618,0.9989825014365162,0.9992559523614558,0.655060065442203,0.6924385221744186,0.5003544547716027,0.9992913415551273,1.4588685794603038,0.053288487255338975,75.5,49.0669456065917
221,27,Male,South,Graduate,Self-Employed,0.8709567824899485,0.4913596269889873,Business,546.0,10,360,39.12968454732044,2020-08-08,1,0,2020,8,8,Saturday,0.0,1,Medium,1.0,2,2,0.12523489901876148,0.8243335084570168,0.8715435648809353,0.09123088260547188,0.6264499484094344,0.5344858894437731,0.9332506536241743,0.2316589136554027,0.5641607446746739,60.0,44.927240173104714
222,36,Female,West,Graduate,Self-Employed,0.4541723376712035,0.8909138497600508,Car,681.0,3,320,61.15091371632784,2020-08-09,1,0,2020,8,9,Sunday,0.0,0,Low,0.0,0,1,-0.991911267813908,0.2539892695660193,0.45447832338206384,-1.7500435539857304,0.3744368986840317,0.6876764012726706,0.6739230947750667,-1.68470109906969,1.9616206797804248,53.333333333333336,134.64253245779543
223,46,Female,East,Post-Graduate,Unemployed,0.7726479914866309,0.6348346881288666,Education,538.0,8,470,20.322912711153997,2020-08-10,1,0,2020,8,10,Monday,2.0,0,Medium,1.0,2,2,0.40901751897564237,0.689803889422253,0.773168541122331,-0.34307866521202557,0.5724744690201072,0.5641277934494768,0.879003976945856,-0.45838696890245717,0.8216350720169459,78.33333333333333,26.302938640986092
224,22,Male,West,High School,Salaried,0.5648813510739122,0.8251721391375932,Education,666.0,1,217,44.42531424339127,2020-08-11,0,0,2020,8,11,Tuesday,1.0,1,Low,0.0,0,1,-1.2648037908749306,0.4054878410038306,0.5652619238376485,-1.2609521811844,0.4478100071078095,0.6390260829127665,0.7515858906831023,-1.3922807706583709,1.4607884249831131,36.166666666666664,78.64539014951197
225,21,Female,South,High School,Unemployed,0.9002320399428978,0.43541046641100484,Home,467.0,8,289,31.97640262457149,2020-08-12,1,0,2020,8,12,Wednesday,1.0,0,Medium,1.0,1,2,-0.3342539557619513,0.8643949230273272,0.9008385457069732,0.2205634041111242,0.6419760050013227,0.5262515203301436,0.9488055859568375,0.47690324469336,0.4836647076442904,48.166666666666664,35.5201783604589
226,32,Female,North,High School,Salaried,0.9984381455380732,0.05586832317595773,Home,350.0,11,214,81.02012197373504,2020-08-13,1,0,2020,8,13,Thursday,1.0,0,High,1.0,3,0,0.8619963543337541,0.9987840233079003,0.9991108148760586,0.6544193073183835,0.69236594824647,0.500390768777461,0.9992187676070107,1.4572239024848321,0.05595571786357327,35.666666666666664,81.14686156153628
227,25,Male,North,High School,Salaried,0.7593344474464617,0.6507005432003085,Home,679.0,4,161,13.246856970775609,2020-08-14,0,0,2020,8,14,Friday,1.0,1,High,1.0,3,0,0.8667426029295363,0.6715851117377013,0.7598460274600619,-0.4018953715606885,0.5649355826715159,0.5683967601790683,0.8713979845320172,-0.5376459259162817,0.8569353667392883,26.833333333333332,17.445352328375176
228,57,Male,East,High School,Self-Employed,0.6412884788632948,0.7672998676379409,Home,773.0,12,447,83.09819952051674,2020-08-15,1,0,2020,8,15,Saturday,1.0,1,Medium,1.0,1,2,-0.04319822694392487,0.5100463620490062,0.6417205287588865,-0.9234000174199141,0.495481591212012,0.6092774139818302,0.8008048943802072,-1.1169928728403598,1.1964971973268652,74.5,129.58005992531017
229,52,Male,West,Graduate,Salaried,0.8637560833941409,0.5039101392109647,Education,379.0,5,35,76.63953108424003,2020-08-16,0,0,2020,8,16,Sunday,0.0,1,Medium,1.0,2,2,0.5273327195423486,0.8144797883953973,0.8643380145186618,0.059419563024046974,0.6225938511527267,0.536550897893715,0.9293847875848522,0.17432756679729478,0.583394026275153,5.833333333333333,88.72820991672091
230,29,Female,North,High School,Salaried,0.2940076994540778,0.9558030511887482,Business,666.0,2,203,33.80565731526524,2020-08-17,1,0,2020,8,17,Monday,1.0,0,Low,0.0,0,1,-1.600565939033911,0.03481367456288703,0.29420577878972637,-2.457620474528732,0.25774414618007785,0.7727929288379696,0.5422247683886063,-1.9458759034290936,3.2509456485782913,33.833333333333336,114.9822177379592
231,55,Female,West,Graduate,Unemployed,0.9362399859523022,0.35136119407816374,Business,760.0,3,345,73.14325237416838,2020-08-18,1,0,2020,8,18,Tuesday,0.0,0,Low,0.0,0,1,-1.175368590597754,0.9136696136163515,0.9368707510471259,0.37963966361525675,0.6607479408581248,0.5164649047923516,0.9675949493214101,0.806796623516288,0.37528966862142144,57.5,78.12446965696545
232,39,Female,South,Graduate,Self-Employed,0.9494578064528624,0.31389468578763613,Car,838.0,5,431,12.497084827099805,2020-08-19,1,0,2020,8,19,Wednesday,0.0,0,Low,1.0,1,1,-0.7061412610775211,0.9317573994416318,0.9500974766787705,0.4380334815652448,0.6675512859402598,0.5129631411820863,0.9744012553629343,0.9361746138697026,0.3306041444435899,71.83333333333333,13.162338275766492
233,36,Male,North,Graduate,Salaried,0.28665147901040283,0.9580349312948607,Business,751.0,6,247,87.34924402347148,2020-08-20,0,0,2020,8,20,Thursday,0.0,1,Low,0.0,0,1,-1.600565939033911,0.024747132967538388,0.28684460230149517,-2.4901188578567344,0.2520430908610382,0.7772112466455376,0.535398430153099,-1.95441403363742,3.3421593867307164,41.166666666666664,304.7228094724099
234,23,Male,East,Post-Graduate,Salaried,0.7219129977945238,0.6919838319031189,Education,763.0,0,330,52.12759540718315,2020-08-21,1,0,2020,8,21,Friday,2.0,1,Low,0.0,0,1,-1.5038939674879006,0.6203761271288485,0.7223993661694498,-0.5672162214169333,0.5434358808003144,0.5807494346583301,0.8496546344218477,-0.744326383977957,0.9585418658718712,55.0,72.20758674027932
235,40,Female,South,Post-Graduate,Self-Employed,0.7759056089696064,0.6308490199481204,Education,777.0,6,84,34.26248208523562,2020-08-22,1,0,2020,8,22,Saturday,2.0,0,Low,0.0,0,1,-1.2393255482656524,0.6942617414055093,0.7764283533325468,-0.32868713052266385,0.5743104950548688,0.5630929903871453,0.8808550442437203,-0.4385157610379646,0.8130486655276027,14.0,44.1580543936727
236,44,Female,East,Graduate,Unemployed,0.8945202262701681,0.4470274765532508,Education,719.0,0,444,39.00665700757416,2020-08-23,1,0,2020,8,23,Sunday,0.0,0,Low,0.0,0,1,-1.3031623123589817,0.8565786523810538,0.8951228838620366,0.19532969725639032,0.6389656277299879,0.5278381228838858,0.9457907941348171,0.42748656001825375,0.4997399314459291,74.0,43.60623255017729
237,53,Male,South,Post-Graduate,Self-Employed,0.5428266991842301,0.8398447324671111,Car,513.0,4,172,15.312428276839787,2020-08-24,1,0,2020,8,24,Monday,2.0,1,Low,1.0,1,1,-0.5747920456685697,0.3753073872887285,0.5431924132527608,-1.3583854401200828,0.4336162528699608,0.6481609376663952,0.7367677376108634,-1.4596960825263021,1.5471691678564174,28.666666666666668,28.20868667633995
238,44,Male,North,High School,Self-Employed,0.9276976128017362,0.373332478096883,Home,668.0,5,308,89.14796112336313,2020-08-25,0,0,2020,8,25,Tuesday,1.0,1,Medium,1.0,2,2,0.41349263322879154,0.9019798939700215,0.9283226227153124,0.3419010831440004,0.6563263440545767,0.5187535603919691,0.9631706042035005,0.7255954821051497,0.4024290597982493,51.333333333333336,96.0959259711014
239,31,Male,East,High School,Salaried,0.9594705540536651,0.28180889961807987,Business,413.0,12,38,13.143355612055396,2020-08-26,0,0,2020,8,26,Wednesday,1.0,1,Medium,1.0,1,2,-0.09234062774630776,0.9454592373594818,0.9601169700838378,0.48226789680455556,0.6726743112691421,0.5103419379950592,0.9795256780981625,1.0372702732622296,0.29371292159771456,6.333333333333333,13.698550264545442
240,28,Male,East,Graduate,Salaried,0.9119846117049537,0.4102244117716118,Education,802.0,1,174,62.392569851828725,2020-08-27,1,0,2020,8,27,Thursday,0.0,1,High,1.0,3,0,1.6227182589791618,0.8804776048067701,0.9125990354303992,0.2724840317129726,0.6481417663253543,0.5230167616821354,0.9549788540616769,0.5810469768404483,0.44981505883602346,29.0,68.41405989864886
241,56,Female,South,High School,Unemployed,0.8564908020443784,0.5161622865082038,Education,610.0,12,346,45.41887421651666,2020-08-28,1,0,2020,8,28,Friday,1.0,0,High,1.0,3,0,0.9917551012792191,0.8045376914355137,0.8570678383919743,0.02732293132326911,0.6186880401623841,0.5386506622595675,0.9254678827730212,0.1176398286079646,0.6026477870820839,57.666666666666664,53.029027408239834
242,58,Male,East,Graduate,Salaried,0.8307958360056835,0.5565772892201202,Home,768.0,9,195,85.91329745509721,2020-08-29,1,0,2020,8,29,Saturday,0.0,1,Low,0.0,0,1,-1.600565939033911,0.7693756885564408,0.8313555610998262,-0.08619254341260624,0.6047507553823118,0.5462105497146738,0.9114800250173799,-0.07379479487519794,0.6699326899567087,32.5,103.41084263030595
243,40,Female,South,Graduate,Salaried,0.7651867875236891,0.6438083412003737,Education,343.0,8,63,29.67997922454361,2020-08-30,0,0,2020,8,30,Sunday,0.0,0,High,1.0,3,0,0.871329525159029,0.6795936842469971,0.7657023103851692,-0.3760408457682896,0.5682565134111257,0.5665122847440188,0.8747495570297187,-0.503188619998053,0.8413740954465216,10.5,38.787887752994905
244,55,Female,South,High School,Self-Employed,0.8620956223809452,0.5067456342896411,Business,714.0,9,304,52.5669459150409,2020-08-31,1,0,2020,8,31,Monday,1.0,0,Medium,1.0,1,2,-0.1713665054259033,0.812207548189333,0.862676434817027,0.05208396196080857,0.6217025321984316,0.537029349073579,0.9284910459347172,0.1612698921642348,0.5878067596377597,50.666666666666664,60.975771770956136
245,45,Female,South,Post-Graduate,Salaried,0.9026289196664655,0.4304196015305873,Car,545.0,5,51,48.58849668662024,2020-09-01,1,0,2020,9,1,Tuesday,2.0,0,Low,1.0,1,1,-0.757447146222151,0.8676749075820437,0.9032370402601666,0.23115236302610567,0.6432365717516814,0.5255885630999985,0.9500678500330729,0.49787199061798576,0.4768511091907332,8.5,53.829979992857304
246,55,Male,South,High School,Unemployed,0.3456110731334999,0.9383778482719585,Education,383.0,6,421,66.22931552400811,2020-09-02,0,0,2020,9,2,Wednesday,1.0,1,Low,0.0,0,1,-1.3756027002319442,0.10542976221029737,0.34584391877627113,-2.2296465806395185,0.2968482393447058,0.7431567857652347,0.5878869560838206,-1.8784089696160047,2.7151266878231337,70.16666666666667,191.62961106406905
247,45,Male,North,High School,Self-Employed,0.9768811160703552,0.21378326656952612,Business,506.0,9,294,15.44081855619364,2020-09-03,0,0,2020,9,3,Thursday,1.0,1,Medium,1.0,2,2,0.00599448744781261,0.969284535701391,0.9775392619721059,0.5591844496331017,0.6815204088803152,0.5058473126536815,0.9883729640527179,1.219588739181389,0.21884266473437428,49.0,15.8062412121411
248,49,Male,South,Graduate,Unemployed,0.8777840473072203,0.4790565376789631,Education,450.0,7,436,25.50313040186839,2020-09-04,0,0,2020,9,4,Friday,0.0,1,Medium,1.0,2,2,0.5006162035950661,0.833676206353546,0.8783754293739361,0.12139244054304801,0.6300923833898963,0.5325426006435724,0.9369013007287482,0.28708908686880386,0.545756714477286,72.66666666666667,29.053991673811332
249,38,Male,West,Graduate,Self-Employed,0.6866238922697732,0.7270128132050404,Home,827.0,10,396,27.165185607427983,2020-09-05,1,0,2020,9,5,Saturday,0.0,1,Low,1.0,1,1,-0.6526271684001068,0.5720851261525262,0.6870864856123073,-0.723116780328508,0.5227288339953226,0.5929004116348966,0.8286277163296997,-0.9189279775149855,1.0588224811137195,66.0,39.56341443002807
250,38,Female,East,Graduate,Salaried,0.9625860825671051,0.27097607578550953,Education,464.0,12,147,69.05206038733517,2020-09-06,0,0,2020,9,6,Sunday,0.0,0,Medium,1.0,1,2,-0.5086436516643383,0.9497226492042158,0.9632345975961111,0.49603170944099595,0.6742630334409024,0.5095317901633024,0.9811147142750969,1.0692804337638582,0.2815084081237159,24.5,71.73598459182098
251,22,Male,West,Graduate,Self-Employed,0.9469097329211339,0.3214995454106068,Education,444.0,9,196,25.13109570613921,2020-09-07,0,0,2020,9,7,Monday,0.0,1,High,1.0,3,0,0.8510727150449928,0.9282705153288525,0.9475476864548831,0.42677657715134165,0.6662433631792676,0.5136344962945996,0.9730928696281429,0.9108758567766394,0.3395250193688566,32.666666666666664,26.54011763994861
252,55,Male,North,Post-Graduate,Self-Employed,0.7630320066597428,0.6463607017856254,Car,336.0,0,499,55.87934111127814,2020-09-08,1,0,2020,9,8,Tuesday,2.0,1,Low,1.0,1,1,-0.7714343240627246,0.6766449973007777,0.7635460777988266,-0.38556025795020443,0.5670350579076284,0.5672046770691415,0.8735170328389383,-0.5159448849005098,0.8470951364348935,83.16666666666667,73.23328592190536
253,36,Female,West,Post-Graduate,Salaried,0.5818271741599054,0.8133124488221602,Home,632.0,7,407,27.219505640076296,2020-09-09,0,0,2020,9,9,Wednesday,2.0,0,Low,0.0,0,1,-1.600565939033911,0.42867717230088853,0.5822191636905669,-1.1860887565937688,0.4585806182196876,0.6321803142186448,0.7627759659034266,-1.3370087767214154,1.397859166678652,67.83333333333333,46.78280226319487
254,56,Male,East,Post-Graduate,Salaried,0.9881774635359694,0.1533143847119953,Home,702.0,3,213,78.92999600671827,2020-09-10,1,0,2020,9,10,Thursday,2.0,1,High,1.0,3,0,0.8830609770768721,0.9847429021966326,0.9888432200309304,0.6090895650323405,0.6872183716225054,0.5029732095551984,0.9940711561734247,1.3424396821576254,0.15514863510790305,35.5,79.87431298451712
255,53,Female,West,Graduate,Unemployed,0.8987220815582959,0.43851866564551556,Car,713.0,9,440,85.37483635917108,2020-09-11,1,0,2020,9,11,Friday,0.0,0,High,1.0,2,0,0.8025005349219618,0.8623286365420019,0.899327570030803,0.21389269504689057,0.6411810712296458,0.5266700217544699,0.9480095366388969,0.4637641587209242,0.48793578642817725,73.33333333333333,94.99581473634152
256,24,Female,North,Graduate,Unemployed,0.9972783780763663,0.0737281263926619,Education,344.0,7,51,51.47943799537924,2020-09-12,0,0,2020,9,12,Saturday,0.0,0,High,1.0,3,0,1.5423534807828527,0.9971969518649498,0.9979502660539697,0.6492956751718916,0.6917854428540472,0.5006813326458415,0.9986382618728197,1.4440950783827868,0.07392933408911848,8.5,51.61992792291063
257,53,Female,South,Graduate,Salaried,0.7370318628011276,0.6758579978189942,Business,701.0,12,359,38.18471073673426,2020-09-13,1,0,2020,9,13,Sunday,0.0,0,Medium,1.0,2,2,0.37988595073933984,0.6410653770811524,0.7375284170818711,-0.5004239502729384,0.5521778306722622,0.5756946786153972,0.8585055985846147,-0.6636023327859718,0.9169997010039173,59.833333333333336,51.80876521621643
258,34,Female,West,Post-Graduate,Salaried,0.9904793760709931,0.13766119852019454,Home,505.0,5,425,28.72462200139993,2020-09-14,0,0,2020,9,14,Monday,2.0,0,High,1.0,2,0,0.7919346811574998,0.9878929299126448,0.9911466834141343,0.6192589769638519,0.6883755022244484,0.5023915404609215,0.995228303491713,1.3679234290979934,0.1389844168853523,70.83333333333333,29.000727016996542
259,41,Female,North,Graduate,Salaried,0.931350241556007,0.36412460443310796,Home,361.0,10,297,13.9824801218435,2020-09-15,0,0,2020,9,15,Tuesday,0.0,0,High,1.0,2,0,0.7901317775389606,0.906978294924529,0.9319777123244464,0.3580377025289238,0.6582193653297191,0.5177724777637134,0.9650648898162273,0.7600874280820694,0.3909642024946114,49.5,15.01312771281722
260,40,Female,North,High School,Self-Employed,0.7707376881465959,0.6371525846062627,Education,719.0,8,435,31.48000609579963,2020-09-16,0,0,2020,9,16,Wednesday,1.0,0,Medium,1.0,1,2,-0.3429498211220681,0.6871897551423688,0.7712569507696867,-0.35151802217428174,0.571396232724188,0.5647363845554587,0.8779166749450633,-0.4699515020783704,0.8266789004939316,72.5,40.843994759747716
261,28,Female,East,High School,Self-Employed,0.855771599572334,0.5173538144881208,Education,767.0,10,425,62.33886239562543,2020-09-17,1,0,2020,9,17,Thursday,1.0,0,High,1.0,3,0,1.6227182589791618,0.8035535064650187,0.8563481513776947,0.024145631539241378,0.6183005662161839,0.5388594157979635,0.9250792396180632,0.1120907535338517,0.604546604195167,70.83333333333333,72.84521059915853
262,27,Female,East,Graduate,Self-Employed,0.8779377294436554,0.47877483561619966,Home,318.0,3,35,52.68935450473687,2020-09-18,0,0,2020,9,18,Friday,0.0,0,High,1.0,2,2,0.6050700102945852,0.83388651103796,0.8785292150493451,0.1220713790031959,0.6301742223256089,0.5324990197072471,0.9369833133218838,0.2883489609356207,0.5453403123699864,5.833333333333333,60.0149107820276
263,23,Male,West,High School,Salaried,0.9059670108883894,0.4233482906330873,Education,664.0,1,380,85.52330226247419,2020-09-19,1,0,2020,9,19,Saturday,1.0,1,High,1.0,3,0,1.536810600355623,0.8722428829971166,0.9065773804262264,0.24589941539417295,0.6449894970488508,0.5246680526405809,0.9518229934648508,0.5273049946995776,0.4672888588050826,63.333333333333336,94.40001814040691
264,37,Male,South,High School,Unemployed,0.8744688314900484,0.48508170729520345,Business,599.0,1,394,41.70218099933605,2020-09-20,1,0,2020,9,20,Sunday,1.0,1,High,1.0,3,0,1.548827162613142,0.8291395345427096,0.8750579800242826,0.10674644736401746,0.6283253294162443,0.5334844640788624,0.9351303820805141,0.2600416561468085,0.5547158341465984,65.66666666666667,47.68858477011439
265,53,Male,North,Post-Graduate,Salaried,0.7728538445291083,0.634584064562432,Home,306.0,4,65,65.50906738627157,2020-09-21,1,0,2020,9,21,Monday,2.0,1,High,1.0,3,0,0.9736953179003329,0.6900855868279377,0.7733745328524483,-0.34216924560791084,0.5725905897004676,0.5640622903494971,0.8791210636363506,-0.4571369014225929,0.8210919426157184,10.833333333333334,84.76255614175737
266,32,Male,West,Graduate,Self-Employed,0.7245244204113255,0.6892491307412966,Business,727.0,9,262,49.14581979800971,2020-09-22,0,0,2020,9,22,Tuesday,0.0,1,Medium,1.0,1,1,-0.5206518283236318,0.6239497006230567,0.725012548158057,-0.5556794527893417,0.5449513141592817,0.5798700141117658,0.8511900025325283,-0.7306448379451962,0.9513124904057719,43.666666666666664,67.8318334254472
267,42,Female,North,Graduate,Self-Employed,0.8822904285381838,0.4707054277463856,Business,416.0,8,131,51.00609727393693,2020-09-23,1,0,2020,9,23,Wednesday,0.0,0,High,1.0,2,0,0.6813006885655929,0.8398429158007864,0.8828848466512416,0.14130077605138527,0.6324893483529617,0.5312676433129481,0.9393031611456356,0.3242558449507995,0.5335039489505403,21.833333333333332,57.811006018104486
268,42,Male,North,Post-Graduate,Salaried,0.843670980550871,0.5368605746153575,Education,806.0,11,115,31.4219451683294,2020-09-24,1,0,2020,9,24,Thursday,2.0,1,Medium,1.0,2,2,0.06677889378696387,0.7869945431166919,0.8442393799079075,-0.029312602682620252,0.611758682181255,0.5423961273725801,0.9185156397965529,0.0203912855505329,0.6363387943778948,19.166666666666668,37.244311932849214
269,50,Female,South,High School,Salaried,0.7500514920665651,0.6613794366690875,Business,845.0,2,139,46.39606214735998,2020-09-25,0,0,2020,9,25,Friday,1.0,0,High,1.0,2,0,0.7050291363450951,0.6588819502195004,0.7505568179526784,-0.44290570351886366,0.5596452115405813,0.5714117581872636,0.8660551322326802,-0.5910909876011015,0.8817787094147822,23.166666666666668,61.85716932517275
270,58,Male,South,High School,Self-Employed,0.49294134919136556,0.8700625415781307,Education,624.0,7,346,47.66279976101658,2020-09-26,0,0,2020,9,26,Saturday,1.0,1,Low,1.0,1,1,-0.8466810921419093,0.3070423108752727,0.4932734544224287,-1.5787694319991759,0.4007482339216349,0.6698186774327326,0.7020978202439925,-1.5947749634942503,1.7650427236534427,57.666666666666664,96.69061002734693
271,58,Male,West,Graduate,Self-Employed,0.9038166782314346,0.4279198665062133,Car,354.0,3,167,66.53140173991471,2020-09-27,1,0,2020,9,27,Sunday,0.0,1,High,1.0,3,0,1.4637804254074482,0.8693002831524256,0.9044255990437283,0.23639965454503692,0.6438606492922484,0.525260657412119,0.9506927359727929,0.5083140382687198,0.4734586966723782,27.833333333333332,73.61161100733575
272,28,Male,South,High School,Self-Employed,0.8738891498631525,0.4861252449230104,Education,341.0,5,385,85.25119993488912,2020-09-28,1,0,2020,9,28,Monday,1.0,1,High,1.0,3,0,1.4704525663957475,0.8283462753882448,0.8744779078533574,0.10418552414763102,0.628016030446188,0.5336494957948973,0.9348203837439321,0.25533781431442826,0.5562779272395539,64.16666666666667,97.5537915171954
273,47,Female,South,Post-Graduate,Salaried,0.6555234738518012,0.755174797798011,Business,596.0,9,240,36.34570219860034,2020-09-29,0,0,2020,9,29,Tuesday,2.0,0,Low,0.0,0,1,-1.3280591534912736,0.5295260894794953,0.6559651141708939,-0.8605125159711988,0.5041172572171128,0.604038550823664,0.8096440414477224,-1.057806987790789,1.1520179336380847,40.0,55.44530996737009
274,47,Male,West,Post-Graduate,Self-Employed,0.5574119112752121,0.8302360876091299,Car,530.0,5,464,13.376037486503876,2020-09-30,1,0,2020,9,30,Wednesday,2.0,1,Low,1.0,1,1,-0.6747875093113913,0.3952663655867611,0.5577874517160679,-1.2939507460972166,0.44302541231129605,0.6420908898668933,0.746600235249904,-1.4156728912198506,1.4894480559444232,77.33333333333333,23.99668398887102
275,54,Female,South,Graduate,Self-Employed,0.6716438496421944,0.7408741723382003,Education,752.0,2,317,49.70361004005117,2020-10-01,1,0,2020,10,1,Thursday,0.0,0,Low,1.0,1,1,-0.8345694931044982,0.5515858462077174,0.6720963506065453,-0.7892957605954002,0.5138074833857543,0.5982135490248381,0.8195388030119101,-0.9875027962926417,1.1030759423061598,52.833333333333336,74.00292590564156
276,41,Female,East,Post-Graduate,Unemployed,0.965219646050832,0.261440308440582,Business,693.0,4,100,53.55690657193349,2020-10-02,1,0,2020,10,2,Friday,2.0,0,Low,0.0,0,1,-1.0515356663984954,0.953326521132187,0.9658699353684237,0.5076662922091586,0.6756040182351284,0.5088489737060843,0.9824559257548564,1.0965459546700818,0.27086094808602107,16.666666666666668,55.48675557015443
277,50,Male,North,Post-Graduate,Salaried,0.9777282411006302,0.20987493074273592,Home,821.0,11,402,23.47524409055322,2020-10-03,1,0,2020,10,3,Saturday,2.0,1,High,1.0,3,0,1.3985041336186963,0.9704437749355898,0.9783869577288058,0.5629268869582762,0.6819488330136351,0.5056306418739754,0.9888014164131391,1.2286754057222231,0.21465569052856587,67.0,24.00998877165203
278,53,Male,North,Graduate,Unemployed,0.978896347835901,0.20435738350628502,Home,657.0,2,31,70.83716850208533,2020-10-04,0,0,2020,10,4,Sunday,0.0,1,High,1.0,3,0,0.8264749602494198,0.9720422581687181,0.9795558514428071,0.5680873604298797,0.6825392892183881,0.5053321772479842,0.9893919081111897,1.2412383772892883,0.20876304621839578,5.166666666666667,72.36431993917323
279,48,Male,North,Post-Graduate,Unemployed,0.7241016503125229,0.6896932651655233,Education,743.0,10,299,88.79432867531933,2020-10-05,1,0,2020,10,5,Monday,2.0,1,Low,1.0,1,1,-0.7487317144661741,0.6233711653796593,0.72458949322991,-0.5575471707072184,0.5447061324015321,0.5800122050916968,0.8509416256785908,-0.7328671129150163,0.9524812778259117,49.833333333333336,122.62688344515666
280,53,Female,North,Post-Graduate,Self-Employed,0.9890402283893459,0.14764628890544643,Education,427.0,10,119,85.66197736067687,2020-10-06,0,0,2020,10,6,Tuesday,2.0,0,Medium,1.0,1,2,-0.08079086379002279,0.9859235435803458,0.9897065661476183,0.6129010961224762,0.687652225101867,0.5027550402083947,0.9945050167743479,1.3519730836791002,0.14928238980318193,19.833333333333332,86.61121651257561
281,25,Male,West,Post-Graduate,Salaried,0.9127535957239867,0.408510554934549,Home,704.0,0,58,25.768483105892173,2020-10-07,1,0,2020,10,7,Wednesday,2.0,1,High,1.0,2,0,0.7456014557607477,0.8815299128055617,0.9133685375305706,0.2758812569069417,0.6485438769994397,0.5228064933379435,0.9553813875746098,0.5879783941704266,0.447558417571089,9.666666666666666,28.231587612046468
282,39,Female,North,High School,Self-Employed,0.416967599701785,0.9089213501722424,Business,691.0,6,138,80.02905919206086,2020-10-08,0,0,2020,10,8,Thursday,1.0,0,Low,0.0,0,1,-1.3117855025344751,0.2030768417532799,0.41724851977731114,-1.9144070128306405,0.3485190950284842,0.705732438914242,0.6457302840209563,-1.7600190731679901,2.179836876587779,23.0,191.93112186485857
283,24,Female,North,Graduate,Salaried,0.8755828590705792,0.4830679630256909,Business,492.0,3,82,66.35949091293477,2020-10-09,1,0,2020,10,9,Friday,0.0,0,High,1.0,3,0,1.6227182589791618,0.8306640137319409,0.8761727581492497,0.11166800941171093,0.6289194692869592,0.5331675938302918,0.9357258461058876,0.26910276511845543,0.5517101642881198,13.666666666666666,75.78893330937815
284,55,Male,North,Graduate,Unemployed,0.7446518604929308,0.6674530745036814,Business,377.0,6,349,46.30772510455293,2020-10-10,0,0,2020,10,10,Saturday,0.0,1,Medium,1.0,2,2,0.4785564898624908,0.6514928818450901,0.7451535485306583,-0.46676024921302306,0.5565550288694033,0.573180255983828,0.8629321297141107,-0.6215062795210161,0.8963290228830602,58.166666666666664,62.187080381292546
285,37,Male,North,Graduate,Salaried,0.9803199221075548,0.1974154257372952,Education,384.0,2,62,53.248879545978326,2020-10-11,1,0,2020,10,11,Sunday,0.0,1,High,1.0,3,0,1.3228297000299978,0.9739903332338141,0.9809803848071871,0.5743764409067798,0.6832584084763124,0.5049689137782093,0.9901110655414143,1.2566012211716227,0.20137857171450604,10.333333333333334,54.317859246908355
286,48,Female,East,High School,Self-Employed,0.9403510089615954,0.34020579058109746,Car,329.0,11,476,77.96801399859665,2020-10-12,0,0,2020,10,12,Monday,1.0,0,Medium,1.0,1,2,-0.1737340393249772,0.9192952993117914,0.9409845437413901,0.39780138166723866,0.662868889163365,0.5153706702454641,0.9697169736379762,0.8465454999927486,0.36178595794434004,79.33333333333333,82.91373461139224
287,50,Female,North,High School,Self-Employed,0.5049729984979905,0.8631351405127405,Car,348.0,10,365,48.41079517106985,2020-10-13,1,0,2020,10,13,Tuesday,1.0,0,Low,1.0,1,1,-0.8769726681327759,0.32350689335117266,0.5053132097109916,-1.5256158928646883,0.40877495684254533,0.664463748517768,0.7106145217331197,-1.5642857387519224,1.709269887855549,60.833333333333336,95.8680866404038
288,49,Female,East,Graduate,Self-Employed,0.3464187336737482,0.9380799864403231,Car,444.0,4,389,39.85658952841015,2020-10-14,1,0,2020,10,14,Wednesday,0.0,0,Low,0.0,0,1,-1.5256238476902624,0.10653499668302469,0.34665212345486524,-2.226078489928145,0.2974482776967618,0.742710996950753,0.5885734734710257,-1.8772407608526398,2.7079366536908833,64.83333333333333,115.05321639431448
289,26,Male,West,High School,Salaried,0.6362011224874975,0.7715232541833384,Car,368.0,4,177,49.45979944207886,2020-10-15,0,0,2020,10,15,Thursday,1.0,1,Medium,1.0,1,2,-0.46091562176270096,0.5030846233464421,0.6366297449212474,-0.9458749906609584,0.4923771661304106,0.6111718090498017,0.7976221677508076,-1.137505783075264,1.2127033840599681,29.5,77.74239575166867
290,55,Female,South,Graduate,Unemployed,0.44936620999792626,0.8933476419133256,Car,357.0,12,54,56.33038432280393,2020-10-16,0,0,2020,10,16,Friday,0.0,0,Low,0.0,0,1,-0.982111298687399,0.24741237528912186,0.4496689577167941,-1.7712761122872944,0.3711263643247849,0.6899567501311009,0.6703478276222921,-1.6950102351057226,1.988016949288306,9.0,125.3551848570543
291,57,Male,North,High School,Unemployed,0.2685672776256627,0.9632609290263673,Education,778.0,1,461,25.12621230226791,2020-10-17,0,0,2020,10,17,Saturday,1.0,1,Low,0.0,0,1,-1.600565939033911,0.0,0.26874821719978886,-2.5700114213384886,0.23788813580147936,0.7882908676878915,0.518234770760958,-1.9743509663452155,3.5866652763595046,76.83333333333333,93.55649178262735
292,44,Female,South,Post-Graduate,Salaried,0.8608746905108968,0.5088170272679243,Education,744.0,10,402,82.07261842135925,2020-10-18,0,0,2020,10,18,Sunday,2.0,0,High,1.0,3,0,1.6091224090557905,0.8105367769625823,0.8614546803788142,0.04669011708707012,0.6210466409013184,0.5373816974884287,0.9278333312135842,0.15170724828689286,0.5910465633110442,67.0,95.33631238787173
293,49,Female,South,Post-Graduate,Self-Employed,0.45955449847986096,0.8881495723845862,Car,595.0,9,114,63.93495590636911,2020-10-19,0,0,2020,10,19,Monday,2.0,0,Low,0.0,0,1,-1.1140894339632827,0.2613544302579872,0.4598641102686754,-1.7262661908096317,0.37813125112867213,0.6851405692911836,0.6779044906768659,-1.6729437314684765,1.9326316581003016,19.0,139.123773388916
294,51,Male,West,Graduate,Unemployed,0.8924771021533418,0.45109269793688045,Education,470.0,11,159,60.66151338699911,2020-10-20,1,0,2020,10,20,Tuesday,0.0,1,High,1.0,3,0,0.9825784616208252,0.8537827609223935,0.8930783832483755,0.1863035633546526,0.6378866069977982,0.5284079785494668,0.9447100624812577,0.40999765508184166,0.505438959552573,26.5,67.96982605003181
295,55,Female,South,High School,Self-Employed,0.8391086108962199,0.5439639134352722,Education,446.0,1,155,17.95969809445105,2020-10-21,0,0,2020,10,21,Wednesday,1.0,0,High,1.0,2,2,0.5563776365969849,0.780751216906778,0.8396739364863046,-0.0494682844020802,0.6092810036369092,0.5437416768510958,0.916028717287957,-0.013377927916480828,0.6482640106079772,25.833333333333332,21.40330567608999
296,53,Male,East,High School,Salaried,0.8387935440032298,0.544449621671741,Car,783.0,3,213,58.33391505380735,2020-10-22,0,0,2020,10,22,Thursday,1.0,1,High,1.0,3,0,0.8452503146769044,0.7803200669694036,0.8393586573259454,-0.05086019003361397,0.6091096739601035,0.5438348439177701,0.9158567267882186,-0.015693894390399143,0.6490865667292792,35.5,69.5450215024339
297,41,Male,South,Post-Graduate,Self-Employed,0.6476184572177355,0.7619647851908381,Business,605.0,3,371,19.676852979079385,2020-10-23,1,0,2020,10,23,Friday,2.0,1,Medium,1.0,1,2,-0.5067093736735956,0.5187085535766436,0.6480547717564283,-0.8954353765291628,0.4993308860041349,0.6069366336722509,0.8047474493390678,-1.0910027931401938,1.1765643438643663,61.833333333333336,30.38340362258057
298,52,Female,South,Post-Graduate,Unemployed,0.6587161618870333,0.7523915324276422,Education,745.0,3,308,16.295814015631926,2020-10-24,0,0,2020,10,24,Saturday,2.0,0,Low,1.0,0,1,-0.9153451656138698,0.533895089450842,0.6591599531889952,-0.8464078272373379,0.5060439066895305,0.6028759006377277,0.8116133081012369,-1.0441637231875638,1.1422090058823755,51.333333333333336,24.738749340761707
299,43,Male,South,High School,Unemployed,0.47974972809349986,0.8774053785988623,Business,520.0,5,176,52.18487165139146,2020-10-25,0,0,2020,10,25,Sunday,1.0,1,Low,0.0,0,1,-1.1236825583335561,0.2889903773438458,0.4800729458445819,-1.637047505969188,0.39187297083703315,0.6757899535405852,0.6926396812871032,-1.6267644968998047,1.8288814505130102,29.333333333333332,108.77519797410076
300,53,Male,North,High School,Self-Employed,0.46615859896494366,0.8847011702326616,Education,677.0,1,210,42.2228427237196,2020-10-26,0,0,2020,10,26,Monday,1.0,1,Low,0.0,0,1,-1.2565160246284677,0.2703917412986193,0.4664726600788577,-1.6970905304628294,0.3826457824457429,0.6820544521622455,0.6827580823138922,-1.6582050581851449,1.8978544473856063,35.0,90.57613185184398
301,23,Female,North,High School,Salaried,0.987487762970093,0.15769564985858495,Education,565.0,5,143,57.10482161249786,2020-10-27,1,0,2020,10,27,Tuesday,1.0,0,High,1.0,3,0,1.1834107439284531,0.9837990887957305,0.98815305479889,0.6060425990607508,0.6868714105312158,0.5031477519668369,0.9937241885805603,1.334834096883046,0.15969377623908937,23.833333333333332,57.82838406092464
302,38,Male,East,High School,Self-Employed,0.8266621986650445,0.5626985065719247,Car,394.0,6,220,17.13777344457909,2020-10-28,0,0,2020,10,28,Wednesday,1.0,1,High,1.0,3,0,1.335170505418913,0.7637190565198891,0.8272191388384529,-0.10445416728095241,0.6024903663025335,0.5474465945213169,0.9092096560557661,-0.10331040892353337,0.6806873563114558,36.666666666666664,20.731289603243546
303,45,Male,East,High School,Salaried,0.7418995531581367,0.6705110387038806,Education,561.0,10,57,44.47864502778067,2020-10-29,1,0,2020,10,29,Thursday,1.0,1,Low,0.0,0,1,-1.4986166310044866,0.6477265161575706,0.742399386906982,-0.4789194197391751,0.5549762149756916,0.5740859156815088,0.8613359119171432,-0.6368220183947908,0.9037760379415681,9.5,59.952381475959726
304,51,Male,North,High School,Self-Employed,0.956955936546757,0.2902332432853257,Home,370.0,9,135,23.98293720361264,2020-10-30,1,0,2020,10,30,Friday,1.0,1,High,1.0,3,0,1.5185020442293726,0.9420181357878931,0.957600658424817,0.4711587947475243,0.6713901723437743,0.5109977089032466,0.9782412465985868,1.0116267678588868,0.30328799080619406,22.5,25.061694366155205
305,23,Female,East,Graduate,Unemployed,0.9762033800029538,0.21685700558388357,Home,518.0,2,248,88.96800687392933,2020-10-31,0,0,2020,10,31,Saturday,0.0,0,Medium,1.0,1,2,-0.08867891652105768,0.9683570949911237,0.9768610692992815,0.5561903405410391,0.6811775191319605,0.5060207922519114,0.9880300501517926,1.212333611796099,0.2221432644324868,41.333333333333336,91.13675356631128
306,44,Male,North,High School,Salaried,0.3878328618546433,0.9217297170351172,Car,832.0,10,16,54.89201699481395,2020-11-01,1,0,2020,11,1,Sunday,1.0,1,Low,0.0,0,1,-1.2770970778739,0.16320771974239667,0.3880941532281736,-2.0431187454339477,0.32774343830272334,0.7205478609748733,0.6227622835839075,-1.8122255049366098,2.3766158252483884,2.6666666666666665,141.53523951610643
307,52,Female,West,Post-Graduate,Salaried,0.7113581639703666,0.7028296824641865,Business,391.0,11,473,64.99494887526939,2020-11-02,0,0,2020,11,2,Monday,2.0,0,Medium,1.0,2,2,0.3978898301300542,0.6059324770864918,0.711837421325834,-0.6138454705275632,0.5372873032024759,0.5843312177738358,0.843420514316771,-0.7985343671555049,0.988010988081476,78.83333333333333,91.36740416741308
308,42,Female,South,Graduate,Salaried,0.6280452572030133,0.7781768146795436,Business,426.0,7,462,36.03346245460863,2020-11-03,0,0,2020,11,3,Tuesday,0.0,0,Low,1.0,1,1,-0.8034253812940124,0.4919238162769757,0.6284683848542109,-0.9819060528641872,0.48738006645870635,0.6142335390098449,0.7924930644510483,-1.1697053717258075,1.2390457626336326,77.0,57.373990236122346
309,43,Male,South,High School,Unemployed,0.6972373961080975,0.7168402984405939,Business,379.0,1,281,17.579113182347534,2020-11-04,0,0,2020,11,4,Wednesday,1.0,1,Medium,1.0,1,2,-0.4032786099576196,0.5866090625515161,0.6977071399973456,-0.6762283382498502,0.5290018681052306,0.5891927683735232,0.8350074227862274,-0.8683836447375788,1.0281151046141783,46.833333333333336,25.212521991035207
310,22,Male,East,Post-Graduate,Self-Employed,0.9386146906976688,0.3449673352746886,Home,537.0,10,394,88.06966902268293,2020-11-05,0,0,2020,11,5,Thursday,2.0,1,High,1.0,3,0,0.837745204264846,0.916919253058092,0.9392470556823566,0.3901306576925355,0.6619736410408842,0.5158322614588874,0.9688212893499342,0.8297037038533338,0.36752816538411054,65.66666666666667,93.82941679425566
311,47,Male,North,Graduate,Unemployed,0.9480261548295198,0.318192409964718,Business,671.0,7,380,32.90072283065466,2020-11-06,0,0,2020,11,6,Friday,0.0,1,Low,0.0,0,1,-1.0993251906871218,0.9297982710105611,0.9486648605208156,0.4317087168842803,0.6668166316340689,0.5133401302240289,0.9736663467685015,0.9219391271120438,0.3356367420284279,63.333333333333336,34.70444635208517
312,22,Female,North,Post-Graduate,Salaried,0.7463974335867188,0.6655004666678752,Business,785.0,12,46,43.90465481388594,2020-11-07,1,0,2020,11,7,Saturday,2.0,0,Medium,1.0,2,2,0.5008230483513015,0.6538815927722413,0.746900297654732,-0.4590486391595548,0.5575550567075784,0.5726073462821223,0.8639429573685515,-0.6117272558901568,0.8916167670484832,7.666666666666667,58.82208705207848
313,46,Male,East,High School,Self-Employed,0.903155708115709,0.42931313385221787,Car,324.0,10,496,61.989113736206,2020-11-08,1,0,2020,11,8,Sunday,1.0,1,Low,1.0,1,1,-0.6256367229107826,0.8683957856303378,0.9037641836181634,0.23347961423987243,0.6435134074132488,0.5254430815805857,0.9503450468728234,0.5024990033659368,0.4753478608333347,82.66666666666667,68.63613126637537
314,37,Male,North,High School,Unemployed,0.9940678929531873,0.10876131757022076,Business,455.0,4,220,11.975783814888905,2020-11-09,1,0,2020,11,9,Monday,1.0,1,High,1.0,2,0,0.677311939009538,0.9928035976579647,0.994737617957639,0.6351123622871301,0.6901767195824665,0.5014874385841566,0.9970295346443792,1.4079582173411684,0.10941035148727266,36.666666666666664,12.047249387877443
315,53,Male,West,High School,Salaried,0.8264942451753904,0.5629451684595594,Home,816.0,1,174,74.82073044138295,2020-11-10,1,0,2020,11,10,Tuesday,1.0,1,Low,1.0,1,1,-0.5726145853292798,0.763489222354011,0.8270510721949061,-0.1051961538662986,0.6023984165093317,0.5474969344368091,0.9091172890091742,-0.10450231988367269,0.6811241236653702,29.0,90.52782990098768
316,29,Male,South,High School,Salaried,0.8498724078636977,0.5269885106451191,Home,829.0,6,134,52.92625520228962,2020-11-11,0,0,2020,11,11,Wednesday,1.0,1,Low,1.0,1,1,-0.6712320156636675,0.7954808203392264,0.8504449852562227,-0.0019158758531147631,0.6151166679894562,0.5405778235023451,0.9218852465809927,0.06699574935998494,0.6200795622601709,22.333333333333332,62.275530670926216
317,59,Male,East,Graduate,Unemployed,0.8903637522714302,0.4552498090511839,Home,356.0,1,346,32.257374965505775,2020-11-12,0,0,2020,11,12,Thursday,0.0,1,High,1.0,2,0,0.6489490506105972,0.8508907697627103,0.8909636095570147,0.17696718537435369,0.636769272072484,0.5289987172037214,0.943590881829318,0.3920108267623191,0.5113076626151775,57.666666666666664,36.229434187109646
318,49,Female,East,Graduate,Unemployed,0.7690422336205595,0.6391979684791721,Car,318.0,5,201,14.92863882339754,2020-11-13,1,0,2020,11,13,Friday,0.0,0,Low,1.0,1,1,-0.5904172103625758,0.6848696284359918,0.7695603539793259,-0.359008217924153,0.5704382891835377,0.5652776293267904,0.8769505308856136,-0.48016109013630387,0.8311610735211563,33.5,19.411988276788495
319,46,Female,North,Post-Graduate,Unemployed,0.9207542187158835,0.39014313875410267,Car,683.0,9,227,22.999873237955317,2020-11-14,0,0,2020,11,14,Saturday,2.0,0,High,1.0,3,0,1.3544741525346207,0.8924782802115278,0.9213745507149349,0.3112264881767646,0.6527179311530864,0.5206288187504532,0.9595593878004026,0.6609606511734485,0.4237212611398188,37.833333333333336,24.97938404239055
320,55,Male,East,High School,Salaried,0.9370115319277452,0.34929842403655365,Education,492.0,2,223,81.60270870827495,2020-11-15,1,0,2020,11,15,Sunday,1.0,1,Medium,1.0,2,2,0.2872446567405129,0.9147254274971329,0.9376428168297526,0.38304820704555664,0.6611463379062309,0.516259187680098,0.9679935598586105,0.8142231389378642,0.37277921576688633,37.166666666666664,87.0882651149351
321,45,Male,West,Post-Graduate,Unemployed,0.505189635961013,0.8630083613254157,Business,536.0,8,71,64.88193791487129,2020-11-16,1,0,2020,11,16,Monday,2.0,1,Low,0.0,0,1,-1.549478079443151,0.3238033485824051,0.5055299931273508,-1.5246588297409802,0.4089188942238127,0.664368114228699,0.7107669350504516,-1.5637250078718272,1.7082859581704022,11.833333333333334,128.43085704133176
322,44,Male,North,Graduate,Salaried,0.9376288168973459,0.3476380326196826,Car,686.0,2,337,29.992137730951185,2020-11-17,1,0,2020,11,17,Tuesday,0.0,1,Medium,1.0,1,2,-0.1544192114116352,0.9155701445458196,0.9382605176775665,0.38577525468072443,0.6614649661758252,0.5160947191120244,0.9683123550266959,0.8201759227661463,0.3707629568916534,56.166666666666664,31.98721838583893
323,33,Male,North,High School,Unemployed,0.6944176563012722,0.7195721774895472,Home,725.0,10,454,15.248061195602364,2020-11-18,1,0,2020,11,18,Wednesday,1.0,1,Low,1.0,1,1,-0.6968500182433751,0.5827504196151324,0.6948855004709256,-0.6886854126169227,0.527339116196261,0.5901732647090625,0.8333172602924244,-0.8819734573906355,1.0362239078456867,75.66666666666667,21.95805515202369
324,27,Female,North,High School,Salaried,0.9412530233487704,0.3377021558071537,Home,576.0,11,390,65.24922499093091,2020-11-19,0,0,2020,11,19,Thursday,1.0,0,High,1.0,3,0,1.205255227306567,0.9205296513024129,0.9418871658351349,0.40178630973542756,0.6633336529032535,0.5151312002981167,0.9701819537327884,0.8553258276248156,0.35877935839789815,65.0,69.32166311539545
325,56,Male,North,Graduate,Salaried,0.9929964429742744,0.11814425182986552,Car,526.0,11,170,55.79261807742121,2020-11-20,0,0,2020,11,20,Friday,0.0,1,Low,1.0,0,1,-0.9747822858380817,0.9913373833346383,0.9936654461197395,0.6303788999883714,0.6896392564695438,0.5017570420284528,0.9964920686961208,1.3959653751295593,0.11897751765957362,28.333333333333332,56.18612077834667
326,40,Female,West,Graduate,Self-Employed,0.9794422748568645,0.20172463960361972,Car,622.0,2,75,42.3615619566588,2020-11-21,1,0,2020,11,21,Saturday,0.0,0,High,1.0,3,0,0.9049725452407922,0.9727893261918469,0.980102146266593,0.570499162214809,0.6828151256621402,0.5051928074398184,0.9896677598350189,1.2471230768001569,0.20595868157018207,12.5,43.25069791667866
327,21,Female,North,Graduate,Unemployed,0.9942136998580222,0.10742029144729892,Car,452.0,4,295,39.08891593520511,2020-11-22,1,0,2020,11,22,Sunday,0.0,0,Medium,1.0,1,2,-0.03558130855552299,0.9930031255654884,0.9948835230957342,0.6357565094713364,0.6902498372405389,0.501450772337586,0.9971026526180854,1.4095928450926225,0.10804547499460024,49.166666666666664,39.316412498426814
328,28,Male,East,Graduate,Unemployed,0.8968227047845913,0.44239014024145,Education,536.0,6,248,27.345142074328663,2020-11-23,1,0,2020,11,23,Monday,0.0,1,Medium,1.0,2,2,0.24824044419307814,0.8597294546055528,0.8974269136059525,0.20550160957728192,0.6401802257441238,0.5271974009366167,0.9470072358670716,0.44731362531669633,0.4932860618729631,41.333333333333336,30.491134901515146
329,36,Female,West,Graduate,Salaried,0.9977442282651461,0.06713013454171007,Home,354.0,7,29,63.56890052300141,2020-11-24,1,0,2020,11,24,Tuesday,0.0,0,High,1.0,3,0,1.143073221263122,0.9978344395991007,0.9984164300960808,0.6513537127367397,0.6920186581505773,0.5005645797151953,0.9988714773508882,1.4493638345935147,0.06728190716616257,4.833333333333333,63.71262165408213
330,34,Female,South,High School,Salaried,0.782364582878339,0.6228207281855692,Education,735.0,11,197,87.65344222350964,2020-11-25,1,0,2020,11,25,Wednesday,1.0,0,High,1.0,3,0,0.8391008759780111,0.7031004555268942,0.7828916787914707,-0.3001526117981684,0.5779409000856892,0.5610524410135557,0.8845137550532151,-0.3985508773305332,0.7960747991610204,32.833333333333336,112.03656727536212
331,32,Female,South,Graduate,Salaried,0.8940695946935123,0.44792807440991994,Education,408.0,10,91,24.057219666946068,2020-11-26,0,0,2020,11,26,Thursday,0.0,0,Medium,1.0,1,1,-0.5174988433907447,0.8559619903947365,0.8946719486851572,0.1933388926264863,0.6387277389111523,0.5279637046081268,0.9455525340738675,0.42362075177855596,0.500999113568413,15.166666666666666,26.90754702959438
332,43,Female,East,High School,Self-Employed,0.9775455817883903,0.21072407438638177,Business,483.0,6,372,57.76932960124027,2020-11-27,1,0,2020,11,27,Friday,1.0,0,High,1.0,3,0,1.304367407936275,0.9701938167432657,0.9782041753550431,0.5621199328446725,0.6818564706030668,0.5056773452957031,0.9887090480967545,1.2267143995411436,0.21556444866833563,62.0,59.09630269675304
333,35,Male,East,High School,Self-Employed,0.858346617737076,0.5130702523235214,Home,667.0,8,211,43.9348044596781,2020-11-28,1,0,2020,11,28,Saturday,1.0,1,High,1.0,2,0,0.7036343318402097,0.8070772626741521,0.8589249043877768,0.035521572218984006,0.6196871772105897,0.5381127451980451,0.9264699767057085,0.13201038297870496,0.5977424990339768,35.166666666666664,51.18538775804434
334,48,Male,West,Graduate,Salaried,0.7744117577613099,0.6326819338664874,Home,497.0,4,417,45.73509773957319,2020-11-29,0,0,2020,11,29,Sunday,0.0,1,Low,0.0,0,1,-1.2553923544662153,0.6922174966142175,0.7749334956844345,-0.33528668114433685,0.5734689639227768,0.5635670501088496,0.8800066805208412,-0.44765173356130494,0.8169838945827232,69.5,59.05785556741213
335,54,Female,South,Graduate,Unemployed,0.9677029396291784,0.2520932776435074,Car,670.0,9,141,30.331782410225152,2020-11-30,0,0,2020,11,30,Monday,0.0,0,Low,0.0,0,1,-1.51108042516738,0.9567247578070245,0.9683549019952757,0.518637011105227,0.6768668419262949,0.5082067927328776,0.9837189332472861,1.1224306838118774,0.26050688420984747,23.5,31.34410485706308
336,22,Male,South,High School,Unemployed,0.9483551980276693,0.3172103692723494,Car,672.0,10,46,76.01079005291352,2020-12-01,0,0,2020,12,1,Tuesday,1.0,1,Medium,1.0,2,2,0.44127132495133753,0.9302485466740219,0.9489941254024727,0.433162367174781,0.6669855284483864,0.5132534360327653,0.9738353033381308,0.925206114816804,0.33448476892630946,7.666666666666667,80.1501275165635
337,52,Male,South,Graduate,Self-Employed,0.6652359064358752,0.7466332357914692,Business,796.0,2,141,48.82044833177929,2020-12-02,0,0,2020,12,2,Wednesday,0.0,1,Medium,1.0,2,2,0.1124412713256549,0.5428169645080795,0.6656840902305209,-0.8176048353787813,0.5099667989430301,0.6005155162311581,0.8156199522056061,-1.0158747017616314,1.122358592745986,23.5,73.38817381843367
338,43,Male,South,Graduate,Self-Employed,0.5940883666990215,0.804399784033343,Education,500.0,5,86,53.47246817586112,2020-12-03,0,0,2020,12,3,Thursday,0.0,1,Low,0.0,0,1,-1.600565939033911,0.44545587077093207,0.5944886168598533,-1.1319211390997532,0.4663020159073686,0.6273177954812897,0.7707712804062056,-1.2950467096157494,1.3540069611241352,14.333333333333334,90.00760017061816
339,42,Male,South,Graduate,Salaried,0.53913537371097,0.8422191216147568,Car,808.0,4,98,34.38087302378606,2020-12-04,0,0,2020,12,4,Friday,0.0,1,Low,1.0,1,1,-0.6800760265924395,0.37025603222085623,0.5394986008538224,-1.3746930142523361,0.4312208131136879,0.6497154292470879,0.7342583834802092,-1.4704989808399296,1.5621663179279157,16.333333333333332,63.77038996186812
340,45,Male,North,Post-Graduate,Unemployed,0.8581479017703517,0.5134025503317478,Car,621.0,11,470,24.544677253355974,2020-12-05,0,0,2020,12,5,Saturday,2.0,1,High,1.0,2,2,0.6476269212903352,0.8068053319238427,0.8587260545418148,0.03464368285861925,0.6195802398986305,0.5381702926054752,0.9263627268896086,0.13046804299069664,0.5982681415087104,78.33333333333333,28.601919555732195
341,42,Female,East,High School,Salaried,0.87496339298545,0.4841890756051699,Home,574.0,3,411,16.87283105622564,2020-12-06,0,0,2020,12,6,Sunday,1.0,0,High,1.0,2,0,0.7603153854475541,0.8298163119589165,0.8755528747164427,0.10893132602281992,0.6285891354906901,0.5333437461985479,0.9353947792164814,0.26406078390718163,0.5533820951675194,68.5,19.284042271361884
342,42,Male,North,Post-Graduate,Self-Employed,0.9880179333182568,0.154339118312632,Home,510.0,11,262,67.12953127399328,2020-12-07,0,0,2020,12,7,Monday,2.0,1,High,1.0,3,0,0.9350740476718747,0.9845245947676186,0.9886835823342655,0.6083847908609684,0.6871381289775267,0.5030135710752225,0.9939909120903756,1.3406792606050661,0.1562108470989836,43.666666666666664,67.94363645661657
343,26,Male,South,Graduate,Unemployed,0.9970297351457184,0.07701757744345508,Car,803.0,1,353,25.69874253502845,2020-12-08,1,0,2020,12,8,Tuesday,0.0,1,High,1.0,3,0,1.2593451310621506,0.9968566990920863,0.9977014556072105,0.6481972179772131,0.6916609442305452,0.5007436706629871,0.9985137631228317,1.4412855512173475,0.07724702155668284,58.833333333333336,25.77530200869337
344,35,Male,West,Post-Graduate,Unemployed,0.5929086152883825,0.8052697522674082,Home,417.0,6,203,65.20602833510381,2020-12-09,0,0,2020,12,9,Wednesday,2.0,1,Low,1.0,1,1,-0.6482051629357208,0.4438414525056963,0.5933080706252145,-1.1371330565332045,0.4655616628595343,0.6277824040891126,0.7700055943227831,-1.299157943428514,1.3581684116290607,33.833333333333336,109.97652362225924
345,57,Male,West,Graduate,Self-Employed,0.7640937601342905,0.6451052051594696,Business,341.0,12,185,41.23011568375631,2020-12-10,1,0,2020,12,10,Thursday,0.0,1,Medium,1.0,1,2,-0.31422076160060225,0.6780979425458772,0.7646085465996166,-0.38086963296419557,0.5676371081756479,0.5668632941164509,0.8741245678587752,-0.5096694676242038,0.8442749290952087,30.833333333333332,53.95949795023854
346,53,Female,South,Post-Graduate,Salaried,0.9977083184344326,0.06766174197237841,Car,614.0,4,42,43.26198407917212,2020-12-11,1,0,2020,12,11,Friday,2.0,0,Medium,1.0,2,2,0.2759464607310009,0.9977852991733446,0.9983804960721391,0.6511950699319591,0.6920006827997028,0.500573577620021,0.998853501988371,1.4489574673900762,0.06781715730159565,7.0,43.361354495928474
347,28,Female,South,Graduate,Salaried,0.8767324304131966,0.48097842515207406,Home,628.0,3,67,47.53419968742173,2020-12-12,1,0,2020,12,12,Saturday,0.0,0,Medium,1.0,1,2,-0.29861236810304775,0.8322371324042107,0.8773231039829034,0.1167465970425899,0.6295321957184532,0.5328410080172333,0.9363399117912237,0.2784824161991432,0.5486034375680536,11.166666666666666,54.21745339683541
348,25,Female,West,Post-Graduate,Unemployed,0.9117858851441065,0.41066592219464493,Business,316.0,11,476,39.41668065020345,2020-12-13,1,0,2020,12,13,Sunday,2.0,0,High,1.0,3,0,1.608820527519663,0.8802056595590458,0.9124001749831768,0.271606095549787,0.648037823601182,0.5230711282945903,0.9548748007692456,0.5792580686641196,0.450397323412985,79.33333333333333,43.23019394402415
349,59,Female,North,Post-Graduate,Self-Employed,0.48725739220359926,0.873258400327731,Home,582.0,7,210,18.049598177807205,2020-12-14,1,0,2020,12,14,Monday,2.0,0,Low,1.0,0,1,-0.9095563076386843,0.29926416041313975,0.48758566803010567,-1.6038800733159588,0.3969337474575225,0.6723785709468535,0.6980382455163895,-1.6087400017654334,1.7921911792419607,35.0,37.04325160913152
350,24,Male,North,Post-Graduate,Unemployed,0.7513367211183284,0.6599190340482378,Home,557.0,8,37,34.77054480022766,2020-12-15,1,0,2020,12,15,Tuesday,2.0,1,High,1.0,2,2,0.5821577607423907,0.6606407082404416,0.7518429128910059,-0.43722780592072924,0.5603793369966764,0.5709924242103729,0.8667968165137251,-0.5837791133676004,0.8783266084292809,6.166666666666667,46.27824492389163
351,26,Female,South,High School,Self-Employed,0.8492925434524385,0.5279225091205031,Home,318.0,8,44,63.09874885551508,2020-12-16,1,0,2020,12,16,Wednesday,1.0,0,High,1.0,3,0,1.6114144725708326,0.7946873110554445,0.8498647301777886,-0.004477606576066188,0.6148031570086591,0.5407473271552283,0.9215706936814118,0.06260337920599962,0.6216026658781886,7.333333333333333,74.29565859487461
352,52,Male,North,Post-Graduate,Salaried,0.8185658190415905,0.5744127435013694,Car,828.0,2,496,63.26275211750968,2020-12-17,1,0,2020,12,17,Thursday,2.0,1,High,1.0,3,0,1.0922341344197262,0.752639651970327,0.8191173045092209,-0.14022243314338623,0.5980481789288151,0.5498838642678404,0.904746273295221,-0.16012208798020927,0.7017306735015086,82.66666666666667,77.28486903054446
353,50,Male,West,High School,Self-Employed,0.8234686904037827,0.5673617152440577,Education,722.0,2,134,32.897944579199546,2020-12-18,0,0,2020,12,18,Friday,1.0,1,High,1.0,3,0,1.6227182589791618,0.7593489341189593,0.8240234790417178,-0.11856247961746842,0.6007405610636836,0.5484053580204677,0.9074517565158947,-0.12587613790669713,0.6889900270110517,22.333333333333332,39.950449801641206
354,55,Male,North,Graduate,Salaried,0.7425840705367943,0.6697528635138528,Home,765.0,4,403,46.80821012461504,2020-12-19,1,0,2020,12,19,Saturday,0.0,1,Medium,1.0,2,2,0.48045443026092194,0.6486632366810726,0.7430843654597785,-0.47589535210327094,0.5553691095686283,0.5738604047332735,0.8617331782731789,-0.6330246539156869,0.9019219373096788,67.16666666666667,63.03422330454601
355,36,Male,South,Post-Graduate,Self-Employed,0.9831712585014376,0.1826862787860635,Business,672.0,4,330,25.475778240955,2020-12-20,1,0,2020,12,20,Sunday,2.0,1,High,1.0,2,0,0.7472841658047176,0.9778922141835663,0.9838336422079675,0.5869731029882107,0.6846972091476616,0.5042428865955023,0.9915499273871374,1.2875456346920258,0.18581328248398585,55.0,25.911841930555937
356,33,Male,West,Graduate,Unemployed,0.7459850804409777,0.6659626564301245,Car,380.0,9,51,26.829766522386866,2020-12-21,1,0,2020,12,21,Monday,0.0,1,Medium,1.0,1,2,-0.29951242231261305,0.6533173124974235,0.7464876666977726,-0.46087033695931645,0.5573189123871891,0.572742580221495,0.8637042783505114,-0.6140419324230463,0.8927291897533003,8.5,35.96555377022669
357,50,Female,North,Graduate,Salaried,0.9381466260294832,0.3462382244488567,Car,847.0,1,94,11.843767072528593,2020-12-22,1,0,2020,12,22,Tuesday,0.0,0,High,1.0,2,2,0.5996473234419248,0.9162787349431606,0.9387786756688971,0.3880628369786974,0.6617321690325662,0.5159568355509899,0.9685796952391079,0.8251770378145824,0.3690662150694293,15.666666666666666,12.624643892453095
358,39,Female,East,Post-Graduate,Unemployed,0.3073332528137743,0.9516019502475311,Business,723.0,0,402,81.73972399261957,2020-12-23,0,0,2020,12,23,Wednesday,2.0,0,Low,0.0,0,1,-1.600565939033911,0.05304888627296589,0.30754030986246084,-2.3987507132896537,0.2679893775153553,0.7649159063671787,0.554376454057867,-1.929751539686091,3.0963195213508032,67.0,265.964464451066
359,37,Female,West,High School,Unemployed,0.9114023206472922,0.4115164758776133,Home,728.0,7,197,26.8565332059925,2020-12-24,1,0,2020,12,24,Thursday,1.0,0,High,1.0,3,0,1.0113466539340112,0.8796807748045387,0.9120163520706787,0.2699115805275785,0.6478371719578649,0.5231760939064636,0.9546739342033448,0.5758080140809584,0.4515201097857068,32.833333333333336,29.467264453439803
360,39,Female,West,Post-Graduate,Salaried,0.9906279513313918,0.13658792787420634,Education,687.0,2,120,28.202710154917064,2020-12-25,0,0,2020,12,25,Friday,2.0,0,High,1.0,2,2,0.5598185270689566,0.9880962461468842,0.9912953587728941,0.6199153542166089,0.6884501423927479,0.5023540432712049,0.9953029445005133,1.3695735416305883,0.13788014732537462,20.0,28.46952795649766
361,48,Male,East,Graduate,Salaried,0.8456383229647315,0.533756336480792,Home,503.0,0,280,32.368114611610544,2020-12-26,0,0,2020,12,26,Saturday,0.0,1,High,1.0,2,2,0.5820207959713698,0.7896867319102524,0.8462080477628332,-0.020621257936684755,0.6128251921637411,0.5418179648511281,0.9195859519178898,0.03508787538534041,0.6311874970489636,46.666666666666664,38.27654652420536
362,46,Female,East,Graduate,Unemployed,0.7626175583507337,0.6468496422625317,Business,495.0,0,492,20.19264573563432,2020-12-27,1,0,2020,12,27,Sunday,0.0,0,Medium,1.0,2,2,0.3542819241566752,0.6760778499220789,0.7631313502670425,-0.3873912117829433,0.5667999532534216,0.5673380452057288,0.8732797709501428,-0.5183891145470017,0.8481966290697972,82.0,26.478076087447704
363,57,Male,West,Post-Graduate,Unemployed,0.9705460272895853,0.24091577140653048,Car,584.0,10,450,61.141030654509024,2020-12-28,1,0,2020,12,28,Monday,2.0,1,High,1.0,3,0,1.2213667566976676,0.9606153508652188,0.9711999051052304,0.5311972318504413,0.6783106755580401,0.507473556136856,0.9851629445373924,1.1522754503541774,0.2482270439860835,75.0,62.99652869143748
364,46,Female,East,High School,Unemployed,0.9907485926098171,0.1357100815771138,Education,495.0,1,334,16.011436254206927,2020-12-29,0,0,2020,12,29,Tuesday,1.0,0,Medium,1.0,2,2,0.06343304009488422,0.9882613364207119,0.9914160813299536,0.6204483244479205,0.6885107451903636,0.502323600133268,0.9953635479611542,1.3709138847602427,0.13697731451692308,55.666666666666664,16.160947765799808
365,43,Male,South,High School,Unemployed,0.8622461296581977,0.5064894983012568,Car,606.0,5,114,20.736194106108023,2020-12-30,1,0,2020,12,30,Wednesday,1.0,1,Low,0.0,0,1,-1.0386553875237226,0.8124135082714793,0.8628270434942822,0.05274887449670355,0.6217833557572534,0.5369859462044059,0.9285720917937378,0.1624509664371377,0.5874070997593621,19.0,24.049042834588356
366,29,Male,South,Graduate,Salaried,0.7834638055497836,0.6214374187264965,Business,313.0,5,415,61.58053812720743,2020-12-31,1,0,2020,12,31,Thursday,0.0,1,Low,0.0,0,1,-1.0863191278389623,0.7046046750958116,0.7839916420329647,-0.29529645502405316,0.5785574315541304,0.5607066411374313,0.8851349081071108,-0.39167391631379495,0.7931922500113613,69.16666666666667,78.60036123046456
367,32,Female,South,Graduate,Salaried,0.6483071943353855,0.7613788687460274,Home,445.0,2,329,37.172849638515416,2021-01-01,0,0,2021,1,1,Friday,0.0,0,Low,1.0,1,1,-0.6920115280671095,0.5196510485570714,0.6487439728911465,-0.8923926668886626,0.49974881844587576,0.6066830281616349,0.805175256907082,-1.088143383088293,1.1744106426684926,54.833333333333336,57.33832658856007
368,21,Male,West,High School,Unemployed,0.7119924226615945,0.7021871474702976,Education,356.0,11,50,66.63582613609512,2021-01-02,0,0,2021,1,2,Saturday,1.0,1,Medium,1.0,1,2,-0.1824466758815455,0.6068004216439372,0.7124721073308378,-0.6110434362173538,0.5376578516943317,0.5841147348335359,0.8437964343735961,-0.7953257641520359,0.9862283995177331,8.333333333333334,93.59063947196908
369,21,Male,East,Post-Graduate,Self-Employed,0.9687295852240119,0.24811890438197995,Car,509.0,3,224,54.59397957361136,2021-01-03,1,0,2021,1,3,Sunday,2.0,1,High,1.0,3,0,1.5440389860262311,0.9581296600476797,0.9693822392634148,0.5231725361534996,0.6773884541280177,0.507941774993042,0.9842406134802668,1.1331818095690178,0.25612813747667695,37.333333333333336,56.35626330229905
370,54,Female,East,Graduate,Self-Employed,0.8908305386424024,0.45433572545210144,Car,828.0,11,80,30.481693844921047,2021-01-04,1,0,2021,1,4,Monday,0.0,0,High,1.0,3,0,1.4747236310920697,0.8515295386054212,0.8914307104120444,0.17902935881413753,0.6370161709818921,0.5288681241196739,0.9438381951597437,0.3959746640684299,0.5100136397933717,13.333333333333334,34.21716311092589
371,52,Male,North,High School,Salaried,0.4605083546440372,0.887655369669469,Car,643.0,12,65,62.06623603914625,2021-01-05,1,0,2021,1,5,Tuesday,1.0,1,Low,0.0,0,1,-1.600565939033911,0.26265972457674513,0.46081860906634614,-1.7220522356270038,0.37878456322918574,0.6846931048495956,0.6786076588456965,-1.670836336945216,1.9275554085345683,10.833333333333334,134.77765476615963
372,45,Female,North,Graduate,Unemployed,0.9268206334138708,0.37550434548525724,Home,578.0,1,416,19.30189442343045,2021-01-06,0,0,2021,1,6,Wednesday,0.0,0,High,1.0,3,0,1.6227182589791618,0.9007798008578306,0.9274450524874966,0.33802675494301315,0.655871304359871,0.518989667568712,0.9627152400444644,0.7173646661327564,0.40515320003409566,69.33333333333333,20.825922220066943
373,21,Female,East,Post-Graduate,Unemployed,0.48448973438509446,0.8747969463112343,Education,508.0,1,245,52.91283064640243,2021-01-07,1,0,2021,1,7,Thursday,2.0,0,Low,0.0,0,1,-1.12217035545351,0.29547678851951664,0.48481614558076636,-1.6161070593606535,0.3950710999974268,0.6736321423025671,0.6960529680887041,-1.615439984216695,1.8056047099150834,40.833333333333336,109.21352278714106
374,36,Female,East,High School,Salaried,0.8940401619115802,0.44798681776266097,Home,634.0,6,290,44.97184840360277,2021-01-08,0,0,2021,1,8,Friday,1.0,0,Low,1.0,1,1,-0.5955939196672805,0.8559217134174687,0.8946424960737243,0.19320886419178077,0.6387121993498281,0.5279719089962377,0.9455369701453139,0.42336842504955563,0.5010813125048027,48.333333333333336,50.30182123747864
375,59,Male,East,Graduate,Self-Employed,0.9172308672430366,0.39835604197324137,Home,587.0,12,484,31.429886625395262,2021-01-09,0,0,2021,1,9,Saturday,0.0,1,High,1.0,3,0,1.6227182589791618,0.8876567873772637,0.9178488254841208,0.29566099124249146,0.6508818883422268,0.5215855936212797,0.9577217065740113,0.6286247554754523,0.43430291783637703,80.66666666666667,34.26605857679597
376,25,Male,West,Post-Graduate,Self-Employed,0.5152796061455389,0.8570221277717971,Home,551.0,0,114,58.32039981916001,2021-01-10,1,0,2021,1,10,Sunday,2.0,1,Low,0.0,0,1,-1.0520919110808042,0.3376108609232963,0.5156267611426634,-1.4800832598086267,0.4155999804444124,0.6599442082796384,0.7178297891182414,-1.5371384401226647,1.6632176347567968,19.0,113.18204548287055
377,42,Male,East,Graduate,Self-Employed,0.49888799682823864,0.8666664679221802,Business,564.0,6,399,79.7066873872226,2021-01-11,0,0,2021,1,11,Monday,0.0,1,Low,0.0,0,1,-1.2491590597850646,0.3151799375611254,0.49922410844422105,-1.552498273338368,0.4047234977353175,0.6671612569558741,0.7063200385294464,-1.579864987173194,1.737196471817628,66.5,159.7687013798103
378,49,Female,North,Post-Graduate,Salaried,0.9783441142222313,0.20698500952174698,Business,570.0,11,384,89.91237598104614,2021-01-12,1,0,2021,1,12,Tuesday,2.0,0,High,1.0,3,0,1.3546726116926304,0.9712865599559036,0.9790032457774276,0.565647697317408,0.682260188859161,0.5054732353239473,0.9891127914561774,1.235294296003129,0.21156667323163375,64.0,91.90260837059884
379,23,Male,West,Post-Graduate,Self-Employed,0.9076364426683602,0.4197571773541514,Business,718.0,11,171,58.62102149947396,2021-01-13,1,0,2021,1,13,Wednesday,2.0,1,High,1.0,3,0,1.5737156181472083,0.8745273991535244,0.9082479369384354,0.25327464759946794,0.6458650111954788,0.5242088993651336,0.9526995552997598,0.5421259792403224,0.46247281138261415,28.5,64.58645636476874
380,32,Female,East,High School,Salaried,0.8743891300369693,0.4852253592643238,Education,510.0,0,200,42.376469946333614,2021-01-14,0,0,2021,1,14,Thursday,1.0,0,Low,1.0,0,1,-0.8997954713038956,0.8290304679372736,0.8749782248746135,0.10639434149745239,0.628282809025283,0.5335071485291193,0.9350877659540677,0.2593944671025816,0.5549306854304198,33.333333333333336,48.46408594368268
381,46,Female,North,Post-Graduate,Salaried,0.7658816280700923,0.6429815952145946,Home,664.0,5,18,28.01656801729613,2021-01-15,1,0,2021,1,15,Friday,2.0,0,Medium,1.0,2,2,0.025879536040506534,0.6805445313995612,0.7663976190606523,-0.37297117233996446,0.5686500716623923,0.566289373027164,0.8751466323251734,-0.4990578431921241,0.8395312952405094,3.0,36.58080699480116
382,36,Male,West,Graduate,Unemployed,0.43360994922456747,0.9011006669254373,Home,375.0,2,69,30.56768715160894,2021-01-16,0,0,2021,1,16,Saturday,0.0,1,Low,0.0,0,1,-1.1372308898669814,0.22585088788174623,0.4339020816103264,-1.8408842767447446,0.3601957032427447,0.6975398019111788,0.6584906599372291,-1.7275821140296386,2.0781365107901513,11.5,70.49581589692231
383,57,Female,East,Post-Graduate,Self-Employed,0.9804385684067797,0.19682533775015965,Business,620.0,7,390,48.35639825198125,2021-01-17,0,0,2021,1,17,Sunday,2.0,0,High,1.0,3,0,1.6227182589791618,0.9741526934995818,0.9810991110409857,0.5749005976992768,0.6833183193744621,0.5049386615432755,0.9901709793802178,1.2578842211573755,0.2007523409345293,65.0,49.3211913629232
384,42,Male,East,Post-Graduate,Salaried,0.990502864211061,0.1374920942806682,Home,732.0,5,314,39.38221610245674,2021-01-18,1,0,2021,1,18,Monday,2.0,1,High,1.0,2,0,0.7547892762167759,0.987925072008005,0.9911701873786694,0.6193627431010189,0.6883873023976974,0.5023856121886825,0.9952401037996113,1.3681842513234281,0.13881039545522275,52.333333333333336,39.759820516849096
385,49,Male,East,High School,Self-Employed,0.3261677823835193,0.9453118944216333,Home,408.0,10,234,83.10516180999554,2021-01-19,1,0,2021,1,19,Tuesday,1.0,1,Low,0.0,0,1,-1.4379719846357648,0.0788227978617197,0.3263875286614721,-2.31554334254175,0.2822934164766679,0.7540524006718831,0.5711110070586272,-1.905452313908438,2.8982381016102416,39.0,254.79267511552575
386,34,Male,West,Post-Graduate,Self-Employed,0.9904660041109346,0.1377573762109246,Car,821.0,1,316,39.46363741245676,2021-01-20,1,0,2021,1,20,Wednesday,2.0,1,High,1.0,3,0,1.3983252408565467,0.9878746311961814,0.9911333024450975,0.6191999021866402,0.6883687842422701,0.5023949155296736,0.9952215854325782,1.3677749483696973,0.13908339674371645,52.666666666666664,39.84350522750172
387,48,Male,North,Post-Graduate,Unemployed,0.6504303596680273,0.75956589393029,Home,346.0,7,197,39.87556729163484,2021-01-21,1,0,2021,1,21,Thursday,2.0,1,Low,0.0,0,1,-1.4931492209612889,0.5225564715658692,0.6508685686461184,-0.8830129261131878,0.501036077945041,0.6059025721031592,0.8064926284027817,-1.0792894373213036,1.1677897297382678,32.833333333333336,61.30643611406285
388,25,Male,North,Graduate,Self-Employed,0.9333724619622902,0.3589092465379698,Car,678.0,4,79,40.68276099471816,2021-01-22,0,0,2021,1,22,Friday,0.0,1,High,1.0,3,0,1.6227182589791618,0.9097455809229137,0.9340012951442832,0.36697148781177336,0.6592658676254715,0.5172309111018593,0.9661120338564727,0.7793300588095435,0.38452950045623946,13.166666666666666,43.5868451798847
389,50,Female,South,High School,Unemployed,0.8440027147706054,0.5363389016842318,Home,395.0,7,302,76.92961682941265,2021-01-23,0,0,2021,1,23,Saturday,1.0,0,Medium,1.0,2,2,0.06653850663782532,0.787448501280008,0.8445713376241489,-0.027847063970384573,0.611938597351651,0.5422985508589125,0.91869620374235,0.02286371060190019,0.635470588302557,50.333333333333336,91.14854192183687
390,25,Female,East,High School,Salaried,0.9604856812207467,0.2783294022734898,Education,402.0,7,296,62.06306566775215,2021-01-24,0,0,2021,1,24,Sunday,1.0,0,Medium,1.0,2,2,0.37795726314741424,0.9468483773302369,0.9611327811640116,0.48675253562894716,0.6731922390871311,0.5100776861462841,0.9800437139335912,1.0476709990974205,0.2897798558743135,49.333333333333336,64.61633617366577
391,32,Female,South,High School,Self-Employed,0.5402562322752671,0.8415005665403515,Business,445.0,5,491,59.13350802551142,2021-01-25,1,0,2021,1,25,Monday,1.0,0,Low,0.0,0,1,-1.017635487971142,0.37178985919714014,0.5406202145647371,-1.3697412742170954,0.43194878717948565,0.6492426253798043,0.7350212461386861,-1.467232961004936,1.5575952969508675,81.83333333333333,109.45455969378281
392,36,Male,South,Post-Graduate,Salaried,0.8704310885206825,0.4922902803597686,Car,326.0,1,178,36.73144179070897,2021-01-26,0,0,2021,1,26,Tuesday,2.0,1,Medium,1.0,2,2,0.36459061957554717,0.8236141281382025,0.8710175167402909,0.08890846659615924,0.6261689329195416,0.5346361093639096,0.9329689643930726,0.2274343202609829,0.565570654417258,29.666666666666668,42.19913819155391
393,46,Male,North,High School,Self-Employed,0.8554097775166974,0.5179518438318702,Business,829.0,7,71,75.43233414659515,2021-01-27,0,0,2021,1,27,Wednesday,1.0,1,High,1.0,3,0,0.9607787014332485,0.8030583749227996,0.8559860855547264,0.022547170488402234,0.6181055759853012,0.5389644983645672,0.9248836562058481,0.10930331405084091,0.6055014303618477,11.833333333333334,88.1826887291135
394,46,Male,West,Post-Graduate,Salaried,0.3483315880859389,0.9373713803725435,Car,381.0,10,358,13.06910890845609,2021-01-28,1,0,2021,1,28,Thursday,2.0,1,Low,0.0,0,1,-1.600565939033911,0.10915262195045677,0.3485662665983778,-2.2176278628141244,0.29886796746766753,0.741657325865648,0.5901962284579078,-1.8744593857891512,2.691031799680709,59.666666666666664,37.519160924422785
395,41,Female,West,Post-Graduate,Self-Employed,0.46652499567589695,0.8845080148928016,Car,727.0,5,451,79.66377378704905,2021-01-29,1,0,2021,1,29,Friday,2.0,0,Low,0.0,0,1,-1.600565939033911,0.2708931329792318,0.46683930363918674,-1.6954718594545513,0.3828956537332757,0.6818840476286029,0.6830263506453443,-1.6573771685474086,1.8959498914122166,75.16666666666667,170.75992610349408
396,59,Male,North,Graduate,Self-Employed,0.6939743680929673,0.7199997058540836,Car,778.0,5,23,51.019991983514366,2021-01-30,1,0,2021,1,30,Saturday,0.0,1,Medium,1.0,1,2,-0.3619348155051968,0.582143806583101,0.6944419136097828,-0.690643775641601,0.5270774651195009,0.590327704383021,0.8330512397763822,-0.8840992050142336,1.0375018717660043,3.8333333333333335,73.51855389661819
397,56,Female,West,Graduate,Self-Employed,0.7221054495699953,0.6917830004425628,Education,461.0,7,173,41.860018789073024,2021-01-31,0,0,2021,1,31,Sunday,0.0,0,Low,1.0,1,1,-0.7057639091573618,0.6206394857132896,0.722591947603838,-0.5663660060625516,0.5435476408147354,0.58068453371987,0.8497678798177744,-0.7433217903759755,0.958008280999002,28.833333333333332,57.96939881010472
398,53,Female,South,Graduate,Self-Employed,0.8523693119667551,0.5229402987123106,Home,701.0,0,429,49.77338245741485,2021-02-01,1,0,2021,2,1,Monday,0.0,0,Medium,1.0,1,2,-0.07949668646384661,0.7988976821917878,0.8529435715774901,0.009114971753443125,0.6164655288530032,0.5398491507820592,0.9232384913806156,0.08599148653348433,0.6135137567372989,71.5,58.394151172063964
399,50,Male,East,Graduate,Self-Employed,0.7532100646489348,0.6577800532940685,Car,807.0,1,254,63.39324244270649,2021-02-02,0,0,2021,2,2,Tuesday,0.0,1,Low,1.0,1,1,-0.5757368230686725,0.6632042652623688,0.7537175185336001,-0.4289517303695911,0.5614484302766659,0.5703823062413467,0.8678767566013822,-0.5730711716963849,0.8733022620995572,42.333333333333336,84.16409368116128
400,57,Male,North,Graduate,Self-Employed,0.6020911078471602,0.7984273904691517,Education,337.0,11,344,11.021234121431789,2021-02-03,0,0,2021,2,3,Wednesday,0.0,1,Medium,1.0,1,2,-0.4547158694744531,0.4564071367452699,0.6024967496275072,-1.0965665502183652,0.4713097183443865,0.6241842271653131,0.7759452995199857,-1.2667367081276948,1.3260906531637917,57.333333333333336,18.30492757290398
401,43,Female,East,Post-Graduate,Self-Employed,0.7435870457890751,0.6686391443332315,Car,810.0,11,17,79.72414851665982,2021-02-04,0,0,2021,2,4,Thursday,2.0,0,Medium,1.0,2,2,0.4893096219873282,0.6500357474933159,0.744088016438144,-0.471464398128102,0.5559445117772328,0.5735302991698024,0.862314934225933,-0.6274465888316816,0.8992076289114063,2.8333333333333335,107.21562319857071
402,30,Male,West,Post-Graduate,Self-Employed,0.8975162111661081,0.44098146298232777,Home,692.0,8,163,45.73916202491142,2021-02-05,0,0,2021,2,5,Friday,2.0,1,Low,1.0,1,1,-0.5905961031247254,0.8606784760343739,0.8981208872176936,0.20856538891879559,0.640545773685202,0.5270047202313257,0.9473733219624184,0.4533101554524863,0.4913353736634769,27.166666666666668,50.96193411981305
403,25,Female,East,High School,Self-Employed,0.9922293613573167,0.12442224262748042,Car,793.0,10,45,37.437321576006255,2021-02-06,0,0,2021,2,6,Saturday,1.0,0,High,1.0,3,0,1.1833883823331846,0.9902876786577249,0.9928978477033328,0.6269900792450792,0.6892542937777952,0.5019502369539894,0.9961071033565199,1.3873999651001079,0.12539665471829764,7.5,37.73051174860821
404,56,Male,West,Post-Graduate,Salaried,0.7860821457680147,0.6181220430503621,Education,499.0,11,57,21.059645250724568,2021-02-07,1,0,2021,2,7,Sunday,2.0,1,Low,1.0,1,1,-0.6576054185468018,0.7081877149080921,0.7866117462835388,-0.28372912574854653,0.5800244756676082,0.5598846628467922,0.8866127372015443,-0.37520385117113697,0.7863326325093506,9.5,26.790641873883246
405,54,Male,West,Post-Graduate,Unemployed,0.9241807718055836,0.38195536522588047,Home,554.0,7,94,45.15722994867537,2021-02-08,0,0,2021,2,8,Monday,2.0,1,High,1.0,3,0,1.6227182589791618,0.8971673103283174,0.9248034123474412,0.326364348257966,0.654500304069812,0.5197016905338032,0.9613432122845532,0.6927059760458226,0.4132907509854912,15.666666666666666,48.86190161741964
406,51,Female,South,Graduate,Self-Employed,0.7330931361239695,0.6801282627327901,Education,478.0,11,37,49.70582170275031,2021-02-09,1,0,2021,2,9,Tuesday,0.0,0,Medium,1.0,1,2,-0.488090550412992,0.6356754684681755,0.7335870367995014,-0.5178244958871707,0.5499077520037317,0.5770030352993499,0.856208582136368,-0.6849875071726339,0.9277515082582594,6.166666666666667,67.80287422353499
407,30,Male,West,Post-Graduate,Unemployed,0.9824464146888463,0.1865450140449516,Home,846.0,6,205,42.29173555947823,2021-02-10,0,0,2021,2,10,Wednesday,2.0,1,High,1.0,2,2,0.6284602389456483,0.9769003093806242,0.9831083100524481,0.5837708808341999,0.6843316450008384,0.5044272534130283,0.9911843494975323,1.279657195690225,0.18987805467643024,34.166666666666664,43.047371263370714
408,39,Female,South,Graduate,Self-Employed,0.5673763468753644,0.8234586091640345,Home,688.0,6,455,64.29280750615177,2021-02-11,0,0,2021,2,11,Thursday,0.0,0,Medium,1.0,1,2,-0.4652509760454207,0.4089020914613647,0.5677586005716467,-1.2499297640915208,0.4494031048473531,0.6380088623855689,0.7532438827334507,-1.3843365255690072,1.4513446210772754,75.83333333333333,113.31598128865069
409,52,Male,South,High School,Self-Employed,0.7995896193014083,0.6005467847765311,Business,697.0,4,217,43.67172230073808,2021-02-12,1,0,2021,2,12,Friday,1.0,1,Medium,1.0,1,2,-0.36150994519509144,0.7266718733442207,0.8001283200935195,-0.2240556757694191,0.5875586496316175,0.5556822451488662,0.8941977517872701,-0.2882150053675172,0.7510687611242647,36.166666666666664,54.61767042310221
410,21,Female,South,High School,Salaried,0.9969280761370333,0.07832248087052268,Business,457.0,1,479,86.91340622772587,2021-02-13,0,0,2021,2,13,Saturday,1.0,0,High,1.0,3,0,1.4074767237202634,0.9967175849033113,0.9975997281086562,0.6477481078046334,0.6916100378296717,0.5007691623698609,0.9984628566636985,1.4401373855787651,0.07856382295301795,79.83333333333333,87.1812202987642
411,25,Female,North,Post-Graduate,Salaried,0.9040429636241142,0.42744159825843864,Business,303.0,10,213,57.94220142588735,2021-02-14,0,0,2021,2,14,Sunday,2.0,0,High,1.0,3,0,0.8288983981366654,0.8696099409903425,0.9046520368897631,0.2373993403876697,0.6439795010432208,0.5251982329729691,0.950811739317576,0.510307253701786,0.4728111555062793,35.5,64.09230949999268
412,24,Male,North,High School,Unemployed,0.9835507411164811,0.18063205598459192,Home,466.0,5,473,74.59823485215271,2021-02-15,1,0,2021,2,15,Monday,1.0,1,Medium,1.0,2,2,0.19300730387938234,0.9784115131303958,0.984213380488643,0.5886495850328183,0.6848885422515382,0.5041464174680653,0.9917412672247138,1.2916815198638778,0.18365301192244216,78.83333333333333,75.84584275486617
413,36,Female,West,Post-Graduate,Salaried,0.9379112545601647,0.3468753069467152,Car,767.0,9,316,18.748472248758308,2021-02-16,1,0,2021,2,16,Tuesday,2.0,0,High,1.0,3,0,1.072581087377945,0.9159566433603435,0.9385431456247373,0.3870230105769526,0.6616107201394592,0.5160195017428513,0.9684581842083656,0.8229029050701657,0.3698380899687392,52.666666666666664,19.989601529571623
414,44,Male,South,High School,Salaried,0.985663613988909,0.1687223756895425,Education,708.0,2,113,41.78330343567246,2021-02-17,0,0,2021,2,17,Wednesday,1.0,1,High,1.0,3,0,1.6227182589791618,0.9813028515315264,0.9863276768491485,0.5979838556759091,0.6859531726206578,0.5036099734894903,0.9928059296705016,1.3147846898143012,0.17117642702334857,18.833333333333332,42.39103771577655
415,36,Male,North,Graduate,Unemployed,0.6103783076060019,0.792110043872714,Education,711.0,3,239,36.94781611577221,2021-02-18,0,0,2021,2,18,Thursday,0.0,1,Low,1.0,0,1,-0.9552717939661385,0.4677476670787609,0.6107895326517724,-1.059955277277227,0.4764691250627071,0.6209721003300187,0.7812671166803336,-1.2366335516940454,1.297736230141422,39.833333333333336,60.53264943291852
416,22,Male,South,Graduate,Salaried,0.3888161235259695,0.921315376017484,Education,503.0,12,435,55.55859105092735,2021-02-19,0,0,2021,2,19,Friday,0.0,1,Low,0.0,0,1,-1.600565939033911,0.16455325371453688,0.3890780773441194,-2.0387748823114165,0.3284516745382745,0.7200377235405138,0.6235512196491716,-1.8105544654107175,2.3695400480375097,72.5,142.8916850132027
417,48,Female,East,Graduate,Self-Employed,0.9957547225163701,0.09204636107063989,Business,493.0,9,110,78.88908160491405,2021-02-20,1,0,2021,2,20,Saturday,0.0,0,High,1.0,3,0,1.039404865597416,0.9951119216256951,0.9964255839743223,0.6425644545909239,0.6910222858275155,0.5010635769605689,0.9978751036659699,1.426907219033534,0.09243878938181652,18.333333333333332,79.22541547737136
418,52,Female,East,Graduate,Unemployed,0.8296609796287635,0.5582675513420429,Home,534.0,11,38,16.267057420960533,2021-02-21,0,0,2021,2,21,Sunday,0.0,0,Medium,1.0,2,2,0.1711069165130966,0.7678227064224109,0.83021994014566,-0.0912061231226985,0.6041306926576632,0.5465493395409783,0.9108572773100974,-0.08193270415693292,0.6728863536427167,6.333333333333333,19.606872952177792
419,47,Male,East,Post-Graduate,Unemployed,0.8713197383560318,0.4907157156146278,Business,449.0,10,136,15.805983843576865,2021-02-22,1,0,2021,2,22,Monday,2.0,1,High,1.0,3,0,0.8218041820376695,0.8248301915500781,0.8719067652782231,0.09283435261530097,0.6266439243837909,0.5343822220774026,0.9334450912378466,0.23457931857051895,0.5631867315900462,22.666666666666668,18.140279793728656
420,40,Male,West,High School,Self-Employed,0.8221210108464598,0.5693127818034609,Car,458.0,1,347,78.02541665260792,2021-02-23,1,0,2021,2,23,Tuesday,1.0,1,Low,0.0,0,1,-1.42717412932039,0.7575047163681635,0.8226748915235766,-0.12451627167584109,0.6000012131232111,0.5488109703182961,0.9067088898022672,-0.13533742616623617,0.6924926796570905,57.833333333333336,94.90745963574457
421,44,Female,South,Post-Graduate,Salaried,0.36136690515596337,0.9324237018963004,Home,578.0,1,19,27.028006883068592,2021-02-24,0,0,2021,2,24,Wednesday,2.0,0,Low,0.0,0,1,-1.600565939033911,0.1269906628980722,0.3616103658429848,-2.160040310322008,0.30848927231649337,0.734555832239389,0.6011380084106838,-1.8549496462417308,2.5802686648736497,3.1666666666666665,74.79380789284923
422,32,Male,East,Graduate,Unemployed,0.9504519941519068,0.31087136698747864,Education,703.0,11,115,63.5002603559851,2021-02-25,1,0,2021,2,25,Thursday,0.0,1,Medium,1.0,1,2,-0.3542144747386771,0.9331178850201493,0.9510923341835354,0.44242561380093826,0.6680611375888426,0.5127016727396149,0.9749112750152739,0.9460923163823629,0.32707739991105045,19.166666666666668,66.81059195698433
423,55,Male,North,Post-Graduate,Unemployed,0.9359693492887761,0.3520814922598816,Business,610.0,7,176,53.43025058886441,2021-02-26,0,0,2021,2,26,Friday,2.0,1,High,1.0,3,0,1.1281356756236285,0.9132992637537457,0.9365999320498357,0.3784440422902534,0.6606081567501202,0.5165371034243768,0.9674550890293441,0.8041952604588635,0.3761677586209646,29.333333333333332,57.0854704050565
424,53,Female,East,High School,Self-Employed,0.8121544604503647,0.5834424842009512,Business,367.0,7,475,76.63148759097835,2021-02-27,0,0,2021,2,27,Saturday,1.0,0,Low,1.0,1,1,-0.86599871525466,0.7438660965235536,0.8127016264472713,-0.16854659644793926,0.5945164470619559,0.5518293400615948,0.9011961276272578,-0.2041847767708663,0.7183885733723785,79.16666666666667,94.35580461933785
425,53,Male,East,Post-Graduate,Self-Employed,0.9451434565370441,0.3266555472745085,Car,762.0,9,266,20.00711278691228,2021-02-28,1,0,2021,2,28,Sunday,2.0,1,Low,0.0,0,1,-1.600565939033911,0.9258534732043727,0.9457802200922539,0.41897350389750754,0.665335730924843,0.5141008991595452,0.9721848880419013,0.8934401792076594,0.34561477944454827,44.333333333333336,21.16833444545793
426,57,Female,East,High School,Salaried,0.876324034289259,0.48172210549963085,Car,387.0,5,304,20.382637257808906,2021-03-01,1,0,2021,3,1,Monday,1.0,0,High,1.0,3,0,1.6227182589791618,0.8316782670737771,0.8769144327136785,0.11494238061283257,0.6293145618355686,0.5329569848945598,0.9361218052632141,0.2751467766740519,0.5497077412584384,50.666666666666664,23.25924710525623
427,32,Male,West,Post-Graduate,Unemployed,0.9090379384110716,0.4167133625519449,Business,516.0,12,286,54.5454688222646,2021-03-02,1,0,2021,3,2,Tuesday,2.0,1,Medium,1.0,1,2,-0.1075772597225201,0.8764452610906065,0.9096503768990913,0.25946618933315285,0.6465994179935284,0.5238240581181529,0.9534348107820857,0.5546205491305513,0.45841140940754116,47.666666666666664,60.00351197399515
428,23,Female,North,High School,Salaried,0.9826253620790737,0.18560010182909237,Car,300.0,4,74,85.71029226866968,2021-03-03,1,0,2021,3,3,Wednesday,1.0,0,Medium,1.0,1,2,-0.386395605529749,0.9771451880327656,0.9832873780033963,0.5845614363820771,0.6844219068676713,0.504381724922228,0.9912746148666745,1.2816032747056878,0.18888185568138915,12.333333333333334,87.22580911948049
429,21,Male,South,High School,Salaried,0.947510028433336,0.3197260483887083,Education,434.0,7,280,43.19982066966034,2021-03-04,1,0,2021,3,4,Thursday,1.0,1,High,1.0,3,0,0.991626522106424,0.9290919833353314,0.9481483863991339,0.4294285685938217,0.666551648137614,0.5134761749106086,0.973401267943152,0.9168204252801437,0.33743816824541745,46.666666666666664,45.592995718566954
430,53,Male,North,Graduate,Self-Employed,0.9630432120307802,0.26934693568228646,Car,650.0,3,397,36.1553680203756,2021-03-05,1,0,2021,3,5,Friday,0.0,1,High,1.0,2,2,0.6113592089639078,0.9503482031548863,0.9636920350377768,0.49805122050034883,0.674495928312749,0.5094131366397655,0.9813476509529028,1.0739994823996264,0.2796831256557133,66.16666666666667,37.542830444891834
431,30,Female,South,High School,Unemployed,0.8661354314623448,0.4998093780288018,Car,439.0,10,197,58.53514585583086,2021-03-06,0,0,2021,3,6,Saturday,1.0,0,Medium,1.0,1,2,-0.025535361881058278,0.8177357819428693,0.8667189656050367,0.06993107041881515,0.6238696782814636,0.5358667881978845,0.9306639734417277,0.19314443739604306,0.5770568433910453,32.833333333333336,67.58197820980803
432,49,Male,West,Graduate,Unemployed,0.5942026891567082,0.8043153387813368,Business,432.0,3,326,84.43588804360249,2021-03-07,0,0,2021,3,7,Sunday,0.0,1,Low,0.0,0,1,-1.2577710691629236,0.44561231412175284,0.5946030163390483,-1.1314160842171073,0.4663737298479924,0.6272728096632267,0.7708454379165178,-1.2946474719144685,1.3536043398302695,54.333333333333336,142.09947141678848
433,33,Female,West,Graduate,Unemployed,0.2846454199365434,0.9586328728502632,Business,477.0,4,413,76.9542266275699,2021-03-08,0,0,2021,3,8,Monday,0.0,0,Low,0.0,0,1,-1.600565939033911,0.02200196277255112,0.28483719170232075,-2.4989812454455884,0.2504827424767723,0.7784249135838559,0.5335217145876477,-1.9566986668643267,3.3678141494915788,68.83333333333333,270.3511851507235
434,32,Male,West,Graduate,Self-Employed,0.3646413224809939,0.9311480580118887,Home,657.0,0,147,89.63868885865759,2021-03-09,1,0,2021,3,9,Tuesday,0.0,1,Low,0.0,0,1,-1.600565939033911,0.13147150444643713,0.36488698921367185,-2.1455745571244957,0.31089162669432613,0.7327932867971082,0.6038553820916014,-1.849893643744249,2.5535999367170534,24.5,245.82701776299587
435,51,Female,West,Post-Graduate,Self-Employed,0.7792801114505403,0.6266757597814308,Home,679.0,0,352,11.805486656190167,2021-03-10,1,0,2021,3,10,Wednesday,2.0,0,Medium,1.0,1,2,-0.44815274126308885,0.698879543420556,0.779805129288668,-0.3137792201349347,0.5762088507300493,0.5620250535958389,0.8827684359165434,-0.41773034136376114,0.8041726595780122,58.666666666666664,15.149221034546374
436,22,Female,South,Post-Graduate,Self-Employed,0.46243962249973086,0.8866507742861935,Business,749.0,1,114,19.02865157702098,2021-03-11,1,0,2021,3,11,Thursday,2.0,0,Low,0.0,0,1,-1.600565939033911,0.26530254752501825,0.46275117805889615,-1.7135202614204197,0.3801060155108088,0.6837889131386578,0.6800291335668869,-1.6665474912877882,1.917333055271901,19.0,41.148402193914634
437,55,Female,East,Post-Graduate,Self-Employed,0.7585463376233059,0.651619101683084,Car,762.0,7,43,58.75742106932976,2021-03-12,0,0,2021,3,12,Friday,2.0,0,Low,1.0,1,1,-0.6651832041434834,0.6705066312357578,0.7590573866703005,-0.4053770909210026,0.5644875232377308,0.5686514927730085,0.8709456571011224,-0.542240733018705,0.8590366459678012,7.166666666666667,77.46055600694059
438,43,Female,South,Post-Graduate,Self-Employed,0.47000746232754703,0.8826624413423398,Car,407.0,6,389,75.64611514670798,2021-03-13,0,0,2021,3,13,Saturday,2.0,0,Low,0.0,0,1,-1.600565939033911,0.275658677414947,0.47032411650381717,-1.6800869838871504,0.3852674771910573,0.6802686555186889,0.6855709024802227,-1.6494543893454268,1.8779753771807448,64.83333333333333,160.94662576652962
439,37,Male,North,High School,Unemployed,0.5208398500854687,0.8536544093267172,Home,421.0,9,119,32.81954738454132,2021-03-14,1,0,2021,3,14,Sunday,1.0,1,Low,0.0,0,1,-1.600565939033911,0.34521971758143455,0.5211907511389983,-1.4555191592163979,0.41926271521902514,0.657531429061253,0.7216923514112289,-1.5220880766745548,1.6389959585209048,19.833333333333332,63.01274255254413
440,46,Male,West,High School,Salaried,0.8542408880867943,0.5198773943158952,Home,316.0,8,441,29.1368870427375,2021-03-15,1,0,2021,3,15,Monday,1.0,1,Medium,1.0,2,2,0.2664567587388451,0.8014588206195296,0.8548164086187745,0.017383239220721967,0.6174753875530452,0.539304254600814,0.9242515285823413,0.10031764206481658,0.6085840675225014,73.5,34.10851370975007
441,28,Female,West,Post-Graduate,Unemployed,0.8552589936370791,0.5182007852202567,Home,495.0,4,42,72.95806395049607,2021-03-16,1,0,2021,3,16,Tuesday,2.0,0,High,1.0,3,0,1.6227182589791618,0.8028520363270889,0.8558352000887526,0.021881035975843878,0.618024305524907,0.5390083020374337,0.9248021375608293,0.10814252642770508,0.6058992528293133,7.0,85.30522858372316
442,49,Female,North,High School,Salaried,0.7166164388019935,0.6974674756852457,Education,626.0,1,363,14.510548308258526,2021-03-17,1,0,2021,3,17,Wednesday,1.0,0,Low,0.0,0,1,-1.2405805928001084,0.6131281073313495,0.7170992387707573,-0.5906154120443196,0.5403551666291886,0.5825413163920813,0.8465320069566145,-0.7717457301101985,0.9732786438045432,60.5,20.248695846995354
443,46,Female,South,High School,Self-Employed,0.9668403681682178,0.2553814842159568,Education,617.0,6,240,39.55061180660681,2021-03-18,0,0,2021,3,18,Thursday,1.0,0,High,1.0,3,0,1.6227182589791618,0.9555443810691052,0.9674917494012963,0.5148263343860165,0.6764283811407343,0.5084296703404214,0.9832804117687984,1.1134203206942275,0.2641402786064925,40.0,40.90707536502604
444,30,Male,East,Graduate,Salaried,0.8387269276663845,0.5445522388231522,Home,778.0,7,326,50.46473780738638,2021-03-19,0,0,2021,3,19,Friday,0.0,1,High,1.0,3,0,1.0831106035500955,0.780228906552051,0.8392919961082355,-0.05115448834444952,0.6090734450186928,0.5438545468353735,0.9158203577483875,-0.016183307293860336,0.6492604694811415,54.333333333333336,60.168257561249355
445,46,Male,East,Graduate,Unemployed,0.765721659605037,0.6431720920653412,Car,551.0,11,275,54.827893948025874,2021-03-20,0,0,2021,3,20,Saturday,0.0,1,Low,1.0,1,1,-0.8339852964281034,0.680325624255634,0.7662375428213879,-0.37367788260477564,0.5685594791172314,0.5663406769466053,0.8750552323168161,-0.5000095947578064,0.8399554642310791,45.833333333333336,71.6029033007978
446,54,Male,North,Graduate,Unemployed,0.9921935860172617,0.12470720855751136,Home,802.0,6,191,68.28921254342215,2021-03-21,1,0,2021,3,21,Sunday,0.0,1,High,1.0,2,0,0.7004282381185595,0.9902387222742793,0.9928620482606587,0.6268320305944579,0.6892363361761407,0.5019592508573287,0.9960891456176308,1.387000908563835,0.12568838411674813,31.833333333333332,68.82650070087642
447,27,Male,East,Graduate,Salaried,0.6613116795611065,0.7501112334021325,Education,418.0,6,349,38.38765787445266,2021-03-22,0,0,2021,3,22,Monday,0.0,1,Low,0.0,0,1,-1.0149520965388976,0.5374468979954031,0.6617572195193706,-0.8349413236228137,0.5076074587600528,0.6019340093149679,0.8132107227288057,-1.0329710605476217,1.134277915520802,58.166666666666664,58.047754275154254
448,24,Female,South,High School,Self-Employed,0.8243071106053148,0.5661429036961579,Car,797.0,11,74,59.01474757396858,2021-03-23,1,0,2021,3,23,Tuesday,1.0,0,Low,1.0,1,1,-0.8089850329176936,0.7604962613228851,0.8248624641050438,-0.11485849857068506,0.6012002495215457,0.5481533203410004,0.9079136030511465,-0.11997165852392873,0.6868106515306186,12.333333333333334,71.59315601515578
449,31,Female,South,Post-Graduate,Self-Employed,0.3148766446222604,0.9491326033128494,Education,785.0,4,342,56.83003382327651,2021-03-24,1,0,2021,3,24,Wednesday,2.0,0,Low,0.0,0,1,-1.600565939033911,0.06337156053097137,0.3150887838168932,-2.3654254424576355,0.27374285485873046,0.7605276160998976,0.5611387035504327,-1.9202364145053377,3.014299788577428,57.0,180.48348390987292
450,49,Female,North,High School,Unemployed,0.9721523183970089,0.2343498876366719,Car,344.0,1,10,53.80928805229977,2021-03-25,1,0,2021,3,25,Thursday,1.0,0,High,1.0,3,0,1.5959542246419332,0.9628134628401014,0.9728072784056578,0.5382935205689636,0.6791254937639792,0.5070602258616682,0.9859778488368838,1.169236645045102,0.24106293139648488,1.6666666666666667,55.350676055606606
451,56,Male,South,High School,Salaried,0.71964485249605,0.6943423408347918,Education,613.0,5,142,61.23866345137698,2021-03-26,0,0,2021,3,26,Friday,1.0,1,Medium,1.0,1,2,-0.43346396837095974,0.617272307828407,0.7201296927725123,-0.5772364561173201,0.5421177883982554,0.5815154207850002,0.8483188389373715,-0.7561220627634807,0.9648402797942656,23.666666666666668,85.09567356589007
452,45,Male,West,High School,Self-Employed,0.7806295953930107,0.6249939478079325,Car,478.0,3,89,30.755933685446102,2021-03-27,0,0,2021,3,27,Saturday,1.0,1,Medium,1.0,2,2,0.35472915606204924,0.7007262303630081,0.7811555224076099,-0.30781745664603677,0.5769670070420011,0.5615991122394467,0.8835324529370784,-0.40936044612726,0.8006280462544815,14.833333333333334,39.39888247506414
453,41,Male,North,Graduate,Self-Employed,0.6982418806305943,0.7158619113582246,Car,717.0,9,280,16.771900286770318,2021-03-28,1,0,2021,3,28,Sunday,0.0,1,Medium,1.0,2,2,0.17501181008689382,0.5879836387085279,0.6987123012627551,-0.6717907166058149,0.5295935280565552,0.5888442697153824,0.8356086886997971,-0.8635140091797928,1.025234852300348,46.666666666666664,24.020186631634477
454,56,Female,South,Graduate,Unemployed,0.8344443453772952,0.5510922195675217,Car,377.0,1,250,19.541733763179472,2021-03-29,0,0,2021,3,29,Monday,0.0,0,High,1.0,3,0,0.9775694642806357,0.774368452385579,0.835006528550984,-0.07007412267707827,0.6067416265919185,0.5451241966102424,0.9134792528444722,-0.04745310745561233,0.6604301684354331,41.666666666666664,23.418858155655247
455,30,Female,North,Graduate,Self-Employed,0.4983740015982717,0.8669621413481249,Car,625.0,11,37,27.96659061231209,2021-03-30,1,0,2021,3,30,Tuesday,0.0,0,Low,0.0,0,1,-1.0404666767404875,0.3144765662576293,0.498709766924569,-1.5547690065416657,0.40438052122190277,0.6673901168422097,0.7059560904180031,-1.5811659425027054,1.7395813958348572,6.166666666666667,56.11566920149125
456,57,Male,East,Post-Graduate,Salaried,0.8230232587823814,0.5680076720460996,Business,656.0,8,232,50.01583484182282,2021-03-31,1,0,2021,3,31,Wednesday,2.0,1,High,1.0,3,0,1.4899826246635508,0.7587393879560821,0.8235777473234149,-0.12053031183369303,0.6004962541353679,0.5485393536163174,0.9072062933987954,-0.12900729161428287,0.6901477764874305,38.666666666666664,60.77086438093932
457,29,Female,South,High School,Unemployed,0.6848450509295921,0.7286887238164484,Education,715.0,6,32,77.23542004368161,2021-04-01,1,0,2021,4,1,Thursday,1.0,0,Low,0.0,0,1,-1.1259634410509638,0.5696508896475755,0.6853064458283048,-0.7309753631694568,0.521673601670651,0.5935263895325344,0.8275536544113573,-0.9272386169031982,1.06401984336069,5.333333333333333,112.77794873284712
458,44,Male,West,Post-Graduate,Unemployed,0.9813022947005955,0.1924728718945754,Education,814.0,5,118,66.10346736707072,2021-04-02,0,0,2021,4,2,Friday,2.0,1,Medium,1.0,2,2,0.5046133387493467,0.9753346505562343,0.9819634192458562,0.5787163762504806,0.6837543530966795,0.5047185392530498,0.9906070334398982,1.267236335006753,0.19614024438137148,19.666666666666668,67.36300090609643
459,55,Male,South,Graduate,Salaried,0.96247469230539,0.27137145515260996,Business,513.0,11,116,73.12324833616377,2021-04-03,0,0,2021,4,3,Saturday,0.0,1,High,1.0,3,0,1.6227182589791618,0.9495702183857734,0.9631231322883714,0.4955396084426718,0.6742062749507113,0.509560711239167,0.9810579454371643,1.068131394831665,0.2819517825477584,19.333333333333332,75.97420370712668
460,55,Female,North,Post-Graduate,Unemployed,0.7170023909592202,0.6970707075747492,Car,373.0,4,154,38.07804991408731,2021-04-04,1,0,2021,4,4,Sunday,2.0,0,Medium,1.0,1,2,-0.1362560056546314,0.6136562594543432,0.7174854509522862,-0.5889103487923601,0.5405799744357552,0.5824103712758024,0.8467599370301008,-0.7697625623774923,0.9722013711030921,25.666666666666668,53.107284430594056
461,56,Male,North,High School,Self-Employed,0.785078589997901,0.6193961636359301,Car,808.0,2,378,42.372299331884015,2021-04-05,0,0,2021,4,5,Monday,1.0,1,High,1.0,2,0,0.789938908779768,0.7068144096923971,0.785607514396233,-0.28816264434113104,0.5794624422724266,0.5601994251699449,0.8860466071250999,-0.3815313685062356,0.7889607123760516,63.0,53.97204798566383
462,38,Female,South,High School,Self-Employed,0.6983117617334413,0.7157937436334139,Education,631.0,11,363,41.49455087924903,2021-04-06,0,0,2021,4,6,Tuesday,1.0,0,Medium,1.0,2,2,0.13781609155681535,0.5880792667601781,0.69878222944601,-0.6714819951794936,0.5296346762969276,0.5888200403083325,0.8356505021439533,-0.8631746742078661,1.025034637618843,60.5,59.421240129545865
463,59,Male,West,Graduate,Salaried,0.9814539901348152,0.1916978488362614,Business,392.0,9,406,25.349854752360123,2021-04-07,0,0,2021,4,7,Wednesday,0.0,1,High,1.0,2,0,0.7343256213465044,0.9755422365591403,0.9821152168805655,0.5793865378379596,0.6838309136638151,0.5046798991946119,0.9906835973885987,1.268881032107527,0.19532026031085703,67.66666666666667,25.82887736681166
464,52,Female,West,Graduate,Self-Employed,0.9589757627146506,0.2834880712232069,Car,818.0,9,407,14.897332651485762,2021-04-08,0,0,2021,4,8,Thursday,0.0,0,Medium,1.0,2,2,0.2630102778680563,0.9447821454162283,0.9596218453932142,0.48008200274036994,0.6724217666115686,0.510470838400905,0.9792730787245458,1.0322109373885813,0.29561547042723396,67.83333333333333,15.534628955912996
465,44,Female,West,Post-Graduate,Salaried,0.793387748066883,0.6087165852984132,Car,568.0,3,148,57.27328742617814,2021-04-09,1,0,2021,4,9,Friday,2.0,0,Medium,1.0,1,2,-0.22745777195803557,0.7181849886417612,0.7939222705244261,-0.25145436376058905,0.584106427833475,0.5576038985868581,0.8907231601720498,-0.3285795095310041,0.7672371886023858,24.666666666666668,72.18826805143703
466,43,Female,North,Graduate,Salaried,0.3604932573206039,0.9327618192370337,Car,675.0,2,293,89.13733467364689,2021-04-10,0,0,2021,4,10,Saturday,0.0,0,Low,0.0,0,1,-1.4431151515475664,0.12579512881346028,0.3607361294122139,-2.163899920357431,0.30784732319845565,0.7350275310951778,0.6004109070633243,-1.8562879724731398,2.587459821495313,48.833333333333336,247.2649151225949
467,52,Male,South,Graduate,Self-Employed,0.580896454548787,0.8139774622756142,Home,303.0,11,307,23.34637639602103,2021-04-11,1,0,2021,4,11,Sunday,0.0,1,Low,1.0,1,1,-0.690910219500126,0.4274035389519878,0.5812878170335495,-1.1902004988837949,0.45799206243850166,0.6325524971117832,0.762165634589219,-1.3401255246753552,1.4012436397255574,51.166666666666664,40.19025458531227
468,57,Male,East,High School,Salaried,0.8539481682673128,0.5203580747071205,Business,437.0,10,489,13.7347855919419,2021-04-12,1,0,2021,4,12,Monday,1.0,1,High,1.0,2,0,0.8120517313011065,0.8010582512971233,0.8545234915876299,0.01609005871123981,0.6173175100469951,0.5393894053330482,0.9240931599505067,0.09807201586921396,0.6093555722040404,81.5,16.08386328623458
469,32,Female,North,Graduate,Self-Employed,0.8911120722054175,0.4537832905360959,Car,530.0,7,108,72.36253454591463,2021-04-13,0,0,2021,4,13,Tuesday,0.0,0,Medium,1.0,1,2,-0.22613005223895635,0.8519148002141889,0.8917124336503002,0.18027312056932432,0.6371650540256103,0.5287893904848265,0.9439873262949124,0.3983678451015628,0.5092325698304428,18.0,81.20475168384179
470,33,Female,West,Graduate,Unemployed,0.9617562684924381,0.2739066994717384,Home,828.0,2,326,30.206880534777937,2021-04-14,1,0,2021,4,14,Wednesday,0.0,0,High,1.0,3,0,1.5736317621649507,0.9485870989630286,0.9624042244577838,0.4923657486264738,0.6738401273777703,0.5097473198179077,0.9806917295931674,1.0607286991950797,0.28479845512324,54.333333333333336,31.408041230786573
471,43,Male,South,High School,Unemployed,0.8343872374192194,0.5511786806761699,Business,351.0,6,132,76.37150442823427,2021-04-15,1,0,2021,4,15,Thursday,1.0,1,Medium,1.0,1,2,-0.16619538652001578,0.7742903036079837,0.8349493821180437,-0.07032641477827845,0.606710495177575,0.5451411673616361,0.9134479938229759,-0.04786752594118925,0.6605789925322676,22.0,91.53004864318545
472,45,Male,West,High School,Salaried,0.412390195102487,0.9110073144510602,Car,624.0,6,329,66.31493336276122,2021-04-16,0,0,2021,4,16,Friday,1.0,1,Low,0.0,0,1,-1.388910644616231,0.1968129411333368,0.4126680312816944,-1.9346291160770506,0.3452834430361653,0.7080196417870469,0.6421761402469629,-1.76859910687031,2.2090906264749024,54.833333333333336,160.80628043613083
473,55,Male,East,Post-Graduate,Self-Employed,0.7938754982877957,0.6080803345104198,Education,576.0,6,296,85.65388296406437,2021-04-17,1,0,2021,4,17,Saturday,2.0,1,Medium,1.0,2,2,0.17866513571391812,0.7188524452418662,0.7944103493531947,-0.24929957601749342,0.584378362280669,0.5574522874940162,0.890996912614065,-0.3254312651256896,0.7659643556475886,49.333333333333336,107.89334492473922
474,50,Female,West,Graduate,Self-Employed,0.8329611064679731,0.5533315417646549,Home,835.0,12,90,42.71417886053376,2021-04-18,1,0,2021,4,18,Sunday,0.0,0,High,1.0,2,0,0.716830468248153,0.7723387298819028,0.833522290351581,-0.07662679017953253,0.605932750120708,0.5455653131271024,0.912667029352969,-0.05819483611078438,0.6642945720610669,15.0,51.27991994927088
475,37,Male,West,High School,Unemployed,0.794870527652733,0.6067790736908005,Home,785.0,6,466,62.957587156050735,2021-04-19,0,0,2021,4,19,Monday,1.0,1,High,1.0,2,2,0.6171983805284479,0.7202140825891193,0.795406049090901,-0.24490372546190595,0.5849328898974145,0.5571432504982763,0.8915551175629766,-0.31899488034899176,0.7633684387350856,77.66666666666667,79.20483269390503
476,40,Male,East,Post-Graduate,Unemployed,0.4854795043470183,0.8742480488162232,Car,815.0,1,19,47.18838246506166,2021-04-20,0,0,2021,4,20,Tuesday,2.0,1,Low,0.0,0,1,-1.3224967066681839,0.29683122869267653,0.48580658237208574,-1.6117344438476422,0.3957376186843262,0.6731833034879713,0.6967635928684982,-1.6130514014072406,1.8007929088419665,3.1666666666666665,97.19953580436145
477,45,Female,South,Post-Graduate,Self-Employed,0.778949094675341,0.6270871613296405,Car,451.0,9,17,60.44709578468348,2021-04-21,0,0,2021,4,21,Wednesday,2.0,0,High,1.0,3,0,1.0752560932119637,0.6984265670365805,0.7794738895003196,-0.3152415893136175,0.5760227937016914,0.5621296320356488,0.8825809281167031,-0.41977835926286894,0.8050425446492171,2.8333333333333335,77.60082937111223
478,42,Male,North,Graduate,Salaried,0.850582192369562,0.5258421189138326,Home,782.0,2,414,45.967912480618985,2021-04-22,0,0,2021,4,22,Thursday,0.0,1,Medium,1.0,1,2,-0.48154139819867064,0.7964521173941103,0.851155247959235,0.0012198171469080439,0.6155002881611639,0.5403704867167011,0.92227012982616,0.07238201402686949,0.6182143520415533,69.0,54.04288132644892
479,33,Male,South,Graduate,Unemployed,0.8948009696912761,0.4464652558033513,Education,558.0,9,214,25.090579713925987,2021-04-23,0,0,2021,4,23,Friday,0.0,1,High,1.0,2,2,0.5839075555721667,0.8569628327285356,0.8954038164260495,0.19656996831485565,0.6391138038317766,0.5277599156828234,0.9459391997857347,0.4298973812461538,0.49895481892178833,35.666666666666664,28.040402909467932
480,39,Male,East,Post-Graduate,Salaried,0.8921617261043349,0.4517161215570393,Education,623.0,8,324,50.63179328027047,2021-04-24,1,0,2021,4,24,Saturday,2.0,1,Medium,1.0,1,2,-0.43126694163580964,0.8533511879237573,0.8927627947237144,0.18491029193061456,0.6377199458900686,0.5284960509474228,0.9445431308862158,0.40730682321793055,0.5063164091666188,54.0,56.751810572906464
481,56,Female,West,High School,Salaried,0.8296741230235708,0.5582480179857953,Business,467.0,2,443,52.286736114995385,2021-04-25,1,0,2021,4,25,Sunday,1.0,0,Medium,1.0,2,2,0.3511988192090028,0.7678406923611881,0.8302330923954562,-0.09114805810331128,0.6041378761456131,0.5465454134244853,0.9108644921301801,-0.08183860496727292,0.6728521506147247,73.83333333333333,63.02081101968988
482,32,Female,South,Post-Graduate,Unemployed,0.9002642769368924,0.43534380858270433,Car,609.0,1,206,74.84830786081288,2021-04-26,0,0,2021,4,26,Monday,2.0,0,Medium,1.0,1,2,-0.015165172075197374,0.8644390373987548,0.9008708044197267,0.22070582102157432,0.6419929696245231,0.5262425927471192,0.9488225740025857,0.47718435242228857,0.48357334588898887,34.333333333333336,83.14037308631282
483,39,Female,North,Graduate,Salaried,0.43847508060815743,0.8987433469493223,Education,778.0,8,207,68.84165646348649,2021-04-27,0,0,2021,4,27,Tuesday,0.0,0,Low,0.0,0,1,-1.3374230715100428,0.23250852515821674,0.4387704907379826,-1.8193910512690254,0.36358358068121627,0.6951806211180389,0.6621745091802896,-1.717722097059933,2.0497022218521077,34.5,157.00243755700845
484,32,Female,East,High School,Salaried,0.8958347714795305,0.44438728853131865,Business,355.0,12,39,63.10332991531553,2021-04-28,1,0,2021,4,28,Wednesday,1.0,0,High,1.0,3,0,1.6227182589791618,0.858377527785935,0.8964383147088917,0.20113710806509977,0.6396592541912809,0.5274721273413446,0.9464854840300143,0.43879098109862635,0.496059432698045,6.5,70.44081333335185
485,29,Female,South,High School,Self-Employed,0.7325569110214157,0.6807057896879986,Education,772.0,9,488,19.0709676442058,2021-04-29,0,0,2021,4,29,Thursday,1.0,0,Low,0.0,0,1,-0.992657586056001,0.6349416769320654,0.7330504504305173,-0.5201934364411307,0.5495983006168124,0.5771816173186817,0.8558953855591322,-0.6878794015764674,0.9292189855104631,81.33333333333333,26.033428061739052
486,27,Female,North,Post-Graduate,Salaried,0.9906714012535883,0.13627242838612585,Car,595.0,8,410,67.6493032530972,2021-04-30,0,0,2021,4,30,Friday,2.0,0,High,1.0,3,0,0.8240067991716367,0.9881557047306032,0.9913388379682414,0.6201073077120114,0.6884719693986322,0.5023430785062107,0.9953247717471863,1.3700562281786757,0.13755562966053902,68.33333333333333,68.28631892219182
487,48,Female,East,Graduate,Self-Employed,0.5407820455063456,0.8411627543216431,Business,760.0,3,468,50.02441250836118,2021-05-01,1,0,2021,5,1,Saturday,0.0,0,Low,1.0,0,1,-0.934618065536083,0.37250940271851285,0.5411463820475432,-1.3674183313317694,0.4322901092850726,0.6490210623342065,0.735378844886325,-1.4656965446273529,1.5554561422874993,78.0,92.50383389027326
488,34,Male,North,Post-Graduate,Unemployed,0.759967585957424,0.6499609744392699,Business,623.0,11,29,81.52796288849274,2021-05-02,1,0,2021,5,2,Sunday,2.0,1,Medium,1.0,2,2,0.5078725412597601,0.6724515233963809,0.7604795925301103,-0.39909828599391983,0.5652953918108187,0.5681922826186592,0.8717611977814933,-0.5339468506569762,0.8552482848599848,4.833333333333333,107.27821080129623
489,51,Male,East,Post-Graduate,Unemployed,0.9284805429162223,0.37138104613186323,Business,440.0,8,57,83.58967473044342,2021-05-03,1,0,2021,5,3,Monday,2.0,1,Medium,1.0,1,2,-0.1476548288428526,0.9030512863547483,0.9291060803067225,0.3453599195361971,0.6567324093833184,0.5185429553195354,0.9635769522545785,0.7329601072037933,0.39998796847741086,9.5,90.02846141277276
490,39,Female,West,Post-Graduate,Self-Employed,0.6602264053801853,0.7510666372824447,Education,561.0,2,466,14.412527248142837,2021-05-04,0,0,2021,5,4,Tuesday,2.0,0,Low,0.0,0,1,-1.4923218419363469,0.5359617660899292,0.6606712141657993,-0.8397358586177358,0.5069539818515916,0.6023274878410357,0.8125431713947175,-1.0376621864791806,1.13758951650828,77.66666666666667,21.82967407952052
491,36,Male,South,High School,Unemployed,0.87118369111288,0.49095720418274574,Car,719.0,6,139,75.6513248283583,2021-05-05,1,0,2021,5,5,Wednesday,1.0,1,Low,0.0,0,1,-1.3439163197361925,0.8246440191477408,0.8717706263771058,0.09223332176086693,0.6265712205128255,0.5344210751458899,0.9333722146672676,0.23348431340026524,0.5635518768212708,23.166666666666668,86.83739789907993
492,25,Male,North,High School,Salaried,0.9759676500598778,0.21791545616729355,Business,540.0,6,302,13.01579123381365,2021-05-06,0,0,2021,5,6,Thursday,1.0,1,High,1.0,3,0,1.354390296552363,0.9680345128587077,0.9766251805398527,0.5551489304703883,0.6810582277644756,0.5060811597647851,0.9879107500477348,1.2098131724008918,0.22328143371752532,50.333333333333336,13.3362937111851
493,55,Female,East,Graduate,Salaried,0.7818490085983675,0.6234678241527383,Home,654.0,10,394,39.37357005560181,2021-05-07,1,0,2021,5,7,Friday,0.0,0,Low,0.0,0,1,-1.156263402640056,0.7023949233892205,0.782375757157974,-0.3024303209441714,0.5776515940324266,0.5612147803626845,0.884222261989805,-0.4017688114845268,0.7974274026009682,65.66666666666667,50.35955743703941
494,32,Male,North,Graduate,Salaried,0.8401127030365148,0.5424118787385475,Car,479.0,7,141,53.383998049686326,2021-05-08,0,0,2021,5,8,Saturday,0.0,1,Medium,1.0,2,2,0.5019047905224251,0.7821252561125404,0.8406787051051557,-0.04503239622801202,0.6098268213953683,0.5434449739680735,0.9165766214760852,-0.0059833301121375955,0.6456418011274518,23.5,63.54385293393908
495,45,Male,North,Post-Graduate,Unemployed,0.8308256635289951,0.5565327634754355,Home,365.0,9,365,21.848063890170195,2021-05-09,0,0,2021,5,9,Sunday,2.0,1,Low,0.0,0,1,-1.5354629496084917,0.7694165057133492,0.8313854087185844,-0.08606077108553592,0.6047670473575015,0.5462016509384389,0.911496387008196,-0.07358055081855668,0.6698550464985883,60.833333333333336,26.296809125236795
496,41,Male,South,Post-Graduate,Salaried,0.7705578873676713,0.6373700198593212,Home,647.0,3,63,69.70510500552615,2021-05-10,0,0,2021,5,10,Monday,2.0,1,High,1.0,2,2,0.5602489877778791,0.6869437086795448,0.7710770288550948,-0.35231234783117404,0.5712946875268188,0.5647937337348076,0.877814267010779,-0.47103663232580395,0.8271539754614184,10.5,90.46056908670172
497,56,Male,West,Post-Graduate,Unemployed,0.9141611424322843,0.4053509660367184,Business,470.0,2,387,10.668376333771086,2021-05-11,1,0,2021,5,11,Tuesday,2.0,1,High,1.0,3,0,1.6227182589791618,0.8834560551221174,0.9147770325334788,0.28209953065615395,0.6492794809352859,0.5224220562378156,0.9561177450671462,0.6007033095819502,0.443413034334638,64.5,11.670126675244607
498,43,Male,North,Graduate,Salaried,0.8937988707617148,0.44846803523225987,Business,773.0,2,290,23.487923874722945,2021-05-12,1,0,2021,5,12,Wednesday,0.0,1,Medium,1.0,1,2,-0.20149875505048026,0.8555915211107935,0.8944010423608011,0.19214288576685173,0.638584796285384,0.5280391785204649,0.9454093667622058,0.4213006102566286,0.5017549807934594,48.333333333333336,26.278757607632716
499,36,Female,East,High School,Self-Employed,0.8367657386171596,0.5475610456163578,Education,833.0,11,396,56.46374638827805,2021-05-13,1,0,2021,5,13,Thursday,1.0,0,Medium,1.0,2,2,0.15269493800872846,0.7775451382648543,0.8373294857636001,-0.05981864869532512,0.6080062742128081,0.5444352423259304,0.9147490030697818,-0.03055032489086037,0.6543779463548042,66.0,67.47855915036641
500,59,Female,East,High School,Unemployed,0.9200263650982317,0.39185646290974374,Education,666.0,4,274,67.1510049629834,2021-05-14,0,0,2021,5,14,Friday,1.0,0,High,1.0,3,0,1.6227182589791618,0.8914822566728752,0.9206462067265843,0.3080109692762319,0.6523389177674053,0.5208261814409191,0.9591800483216025,0.654255337229799,0.42591873208753644,45.666666666666664,72.98813111275746
501,59,Female,West,Post-Graduate,Unemployed,0.6242230473348788,0.7812461757832533,Education,406.0,10,479,83.33144821551329,2021-05-15,1,0,2021,5,15,Saturday,2.0,0,Low,0.0,0,1,-1.600565939033911,0.48669335385155843,0.624643599880755,-0.9987918493687649,0.48502957672663394,0.615678986725905,0.7900778742218255,-1.1845090370832343,1.2515497130693667,79.83333333333333,133.49626959673634
502,34,Male,East,Post-Graduate,Salaried,0.9465453076825097,0.3225708922147552,Car,738.0,0,224,66.4397321547699,2021-05-16,1,0,2021,5,16,Sunday,2.0,1,High,1.0,3,0,1.4309703747494442,0.9277718214885721,0.9471830156951064,0.4251666157329896,0.66605616428477,0.5137306571047996,0.9729056006018825,0.907271704727576,0.3407875878699638,37.333333333333336,70.19181397395414
503,51,Female,West,Post-Graduate,Unemployed,0.4039057851772042,0.9148005884893091,Education,526.0,9,469,63.74234162038928,2021-05-17,0,0,2021,5,17,Monday,2.0,0,Low,0.0,0,1,-1.4896496313017369,0.18520254064591202,0.4041779052262406,-1.9721116260391913,0.3392581987773658,0.7122985107392928,0.6355358252507912,-1.7841241221718804,2.2648860750730813,78.16666666666667,157.81487653717022
504,25,Male,East,Post-Graduate,Unemployed,0.5331620487281168,0.8460131380753122,Home,743.0,2,467,41.547291708053145,2021-05-18,0,0,2021,5,18,Tuesday,2.0,1,Low,1.0,0,1,-0.9106604114050765,0.3620818992047462,0.5335212515129458,-1.401082028355687,0.4273323012359806,0.652246773802927,0.7301794633705585,-1.4876967228883964,1.5867842433524975,77.83333333333333,77.92619862416346
505,55,Male,South,Graduate,Self-Employed,0.44341004790534577,0.8963188770836966,Education,741.0,5,299,10.102754042144111,2021-05-19,1,0,2021,5,19,Wednesday,0.0,1,Low,0.0,0,1,-1.0202909274093004,0.23926172864759088,0.44370878282920007,-1.7975893040044935,0.3670084029075065,0.692803823453484,0.6658904173400799,-1.7075414647819886,2.021422115529129,49.833333333333336,22.78422442132104
506,43,Male,North,High School,Self-Employed,0.7240534868058313,0.6897438279856645,Business,695.0,2,52,19.612740698849755,2021-05-20,1,0,2021,5,20,Thursday,1.0,1,Medium,1.0,2,2,0.4104877938645596,0.6233052565413908,0.7245412972744238,-0.5577599479227562,0.5446781965896098,0.5800284084298966,0.8509133250841894,-0.7331201024823928,0.9526144691719887,8.666666666666666,27.087419722777035
507,49,Male,South,Post-Graduate,Salaried,0.9644526405438251,0.26425575518433553,Education,383.0,4,83,52.764363580483135,2021-05-21,1,0,2021,5,21,Friday,2.0,1,Medium,1.0,1,1,-0.5210766986337371,0.9522769206071259,0.9651024131132447,0.5042778077051587,0.6752136520871096,0.5090476498955796,0.9820654970743169,1.0885854095832725,0.2739955743553461,13.833333333333334,54.709128641849055
508,31,Female,North,Graduate,Self-Employed,0.8595089860957716,0.5111206343130932,Car,312.0,8,359,64.01039086755358,2021-05-22,0,0,2021,5,22,Saturday,0.0,0,High,1.0,3,0,1.6227182589791618,0.808667893286913,0.8600880558591348,0.04065669463388014,0.620312466904665,0.5377763740198974,0.9270970747962544,0.14104936996205142,0.5946658412901585,59.833333333333336,74.47320726489899
509,38,Female,North,Post-Graduate,Salaried,0.9125400491904719,0.4089873575349866,Car,792.0,1,287,43.395862711717,2021-05-23,1,0,2021,5,23,Sunday,2.0,0,Medium,1.0,1,2,-0.26131322719485156,0.8812376873239264,0.913154847126145,0.27493784892213924,0.6484322272524873,0.5228648678093166,0.9552696212015077,0.5860520860449199,0.4481856526711408,47.833333333333336,47.55502265376092
510,32,Male,North,Post-Graduate,Salaried,0.791037860341079,0.611767197148562,Home,567.0,10,335,68.45432092227122,2021-05-24,0,0,2021,5,24,Monday,2.0,1,High,1.0,3,0,1.0615037121217115,0.714969309786386,0.7915707996285201,-0.26183572096374436,0.5827952620740608,0.5583354892394979,0.8894030921584876,-0.3436847705494769,0.7733728406940986,55.833333333333336,86.53735093381643
511,29,Female,South,High School,Salaried,0.9888528115397871,0.1488963300751847,Car,824.0,1,251,51.7489836265743,2021-05-25,0,0,2021,5,25,Tuesday,1.0,0,Medium,1.0,2,2,0.32842073922842047,0.9856670749866979,0.9895190230312811,0.612073124113518,0.6875579958966991,0.5028024166483146,0.9944107861139616,1.3499003277393868,0.15057481592567,41.833333333333336,52.33234210660092
512,30,Male,North,Post-Graduate,Unemployed,0.30019422252312217,0.9538780995304055,Education,419.0,11,139,15.934095647544977,2021-05-26,1,0,2021,5,26,Wednesday,2.0,1,Low,0.0,0,1,-1.5131963911196809,0.04327955623159996,0.3003964698529483,-2.430289591814606,0.2625136552489957,0.7691158618282634,0.5478998289132077,-1.9384969732374775,3.177536501246069,23.166666666666668,53.07928818089651
513,37,Female,South,High School,Self-Employed,0.7612443857380577,0.6484650994327198,Business,652.0,5,359,25.361300077435907,2021-05-27,1,0,2021,5,27,Thursday,1.0,0,Medium,1.0,1,2,-0.2564328090274572,0.6741987464709333,0.7617572525183264,-0.39345762731303113,0.5660205965680756,0.5677803762485496,0.8724932009695306,-0.5264661033896358,0.8518487775827814,59.833333333333336,33.31558242343828
514,58,Female,West,High School,Salaried,0.8437330282080936,0.5367630549048626,Car,356.0,5,203,77.19985785951543,2021-05-28,0,0,2021,5,28,Friday,1.0,0,High,1.0,3,0,1.0057450743192011,0.7870794515730261,0.8443014693679766,-0.029038487929743458,0.6117923360239482,0.5423778739657826,0.9185494152238591,0.020853552414565407,0.6361764171361541,33.833333333333336,91.497968289177
515,27,Male,East,High School,Self-Employed,0.9871351011863603,0.1598883735791765,Home,339.0,10,41,67.99301972995517,2021-05-29,0,0,2021,5,29,Saturday,1.0,1,High,1.0,3,0,1.4579077114500052,0.9833164925301322,0.9878001554192986,0.6044846063495973,0.6866939538030123,0.5032370468434579,0.9935467282349433,1.330950473360301,0.16197212862456134,6.833333333333333,68.87914293417353
516,33,Female,East,Graduate,Salaried,0.72774493219923,0.6858478793860473,Education,635.0,10,115,81.5809589609996,2021-05-30,1,0,2021,5,30,Sunday,0.0,0,High,1.0,2,2,0.5660043033601615,0.6283567757127008,0.7282352296742938,-0.54145184400613,0.5468170508056291,0.5787891380049425,0.8530796751764925,-0.7136229066633583,0.9424289322268853,19.166666666666668,112.10103341353906
517,29,Male,North,Graduate,Self-Employed,0.8236779021694222,0.567057945432193,Home,472.0,7,409,19.404579929674924,2021-05-31,1,0,2021,5,31,Monday,0.0,1,High,1.0,2,0,0.7370816879633719,0.7596352277336179,0.8242328317578413,-0.11763822181299682,0.6008552873356108,0.548342445127187,0.9075670235136478,-0.12440411153496186,0.6884462287244353,68.16666666666667,23.558456380299493
518,47,Female,South,High School,Self-Employed,0.9599082242321294,0.2803144681451884,Car,846.0,11,213,89.21780276920592,2021-06-01,1,0,2021,6,1,Tuesday,1.0,0,High,1.0,2,2,0.6030993947115307,0.9460581624583541,0.960554935130152,0.48420144044151897,0.6728976477747682,0.510227972736728,0.979749061868461,1.0417510853799903,0.29202215489863487,35.5,92.94409665108866
519,22,Male,East,Post-Graduate,Salaried,0.9985008072732525,0.0547369881767635,Car,558.0,12,10,26.752537115994688,2021-06-02,0,0,2021,6,2,Wednesday,2.0,1,High,1.0,2,0,0.7502470771778207,0.9988697720926804,0.9991735188278019,0.6546961349509223,0.6923973031087405,0.500375079339796,0.9992501224784777,1.457934378295204,0.05481917268173427,1.6666666666666667,26.792704543776612
520,25,Male,South,High School,Unemployed,0.35406572250186646,0.9352205430534721,Home,816.0,10,254,10.94239010293136,2021-06-03,0,0,2021,6,3,Thursday,1.0,1,Low,0.0,0,1,-1.572773271314322,0.11699943718026495,0.3543042642244789,-2.1922955471596453,0.30311171282601307,0.7385165899867329,0.5950342196057857,-1.8659975727072342,2.641375551536317,42.333333333333336,30.904968788312114
521,49,Female,South,Post-Graduate,Self-Employed,0.9416918249601713,0.3364766066209981,Education,822.0,1,81,89.79383512428433,2021-06-04,1,0,2021,6,4,Friday,2.0,0,Medium,1.0,2,2,0.5083197731651341,0.9211301246986489,0.9423262630766566,0.40372485182799295,0.663559667760745,0.5150147861494511,0.9704080713597611,0.859604872459529,0.35731074402735663,13.5,95.3537375436833
522,57,Female,North,High School,Unemployed,0.9731451095668578,0.23019251883175573,Car,416.0,8,441,32.48591083560905,2021-06-05,0,0,2021,6,5,Saturday,1.0,0,Low,1.0,1,1,-0.583057450319764,0.9641720373531005,0.9738007384403553,0.5426794832041847,0.6796287720130498,0.5068050976846394,0.9864811754751622,1.1797558029454425,0.23654490637497352,73.5,33.38239129626656
523,58,Male,East,Post-Graduate,Unemployed,0.6970627236131249,0.7170101528911932,Business,483.0,1,315,63.44155620100479,2021-06-06,0,0,2021,6,6,Sunday,2.0,1,Low,0.0,0,1,-1.2646193077139638,0.5863700338343008,0.6975323498217414,-0.6770000081232509,0.5288989470381678,0.5892534118426418,0.8349028228561244,-0.8692289074741872,1.028616405098631,52.5,91.01269376759176
524,39,Female,North,Graduate,Salaried,0.8255974287220369,0.564259590691697,Car,415.0,12,406,24.134585134104416,2021-06-07,1,0,2021,6,7,Monday,0.0,0,Medium,1.0,1,2,-0.39011601594257944,0.7622619834206211,0.8261536515369431,-0.10915811845111484,0.6019072916683046,0.5477658898216266,0.908623920399434,-0.11085707580370466,0.6834560901735469,67.66666666666667,29.232873425324193
525,28,Female,North,Post-Graduate,Salaried,0.5602489969539299,0.8283242489581695,Education,461.0,0,24,56.418282575931336,2021-06-08,0,0,2021,6,8,Tuesday,2.0,0,Medium,1.0,1,2,-0.4951847665119879,0.3991487452969745,0.5606264488006689,-1.2814170409659849,0.4448454219565835,0.6409233410515228,0.7484978269533786,-1.4068565809014826,1.4784930512357235,4.0,100.70215722415776
526,21,Male,East,High School,Salaried,0.6577023780812103,0.7532778915289634,Car,842.0,9,62,82.32279891636475,2021-06-09,1,0,2021,6,9,Wednesday,1.0,1,Low,1.0,0,1,-0.8989457306836849,0.5325077877885077,0.6581454863751316,-0.8508865313470936,0.5054325340143493,0.603244595183304,0.8109885190810104,-1.0485107555300277,1.1453172690763052,10.333333333333334,125.16725141930362
527,42,Male,East,Graduate,Self-Employed,0.9584185359925742,0.2853662731751089,Home,536.0,1,437,35.61449339427509,2021-06-10,1,0,2021,6,10,Thursday,0.0,1,High,1.0,2,0,0.7174006889275049,0.9440196144373417,0.9590642432554629,0.47762028102426574,0.6721372781565675,0.5106160821201458,0.978988526997418,1.026521152812664,0.29774703061181185,72.83333333333333,37.15964587161431
528,37,Female,West,Post-Graduate,Salaried,0.9201318816206965,0.39160863170409876,Car,365.0,11,17,63.62031808354874,2021-06-11,0,0,2021,6,11,Friday,2.0,0,High,1.0,2,0,0.7234047772571516,0.8916266496353377,0.9207517943378087,0.30847712121128545,0.6523938720248667,0.520797560611277,0.9592350502461305,0.6552265823218112,0.42560054653723056,2.8333333333333335,69.14260809166785
529,27,Male,West,Post-Graduate,Salaried,0.9189933797936167,0.39427296115192234,Car,369.0,6,339,25.032287103873323,2021-06-12,0,0,2021,6,12,Saturday,2.0,1,High,1.0,3,0,1.3411913649450111,0.8900686789238247,0.9196125254774643,0.3034474365954741,0.6518007671986725,0.5211065397774054,0.958641423992108,0.6447617198212,0.42902698737662975,56.5,27.238811132126934
530,45,Male,South,Post-Graduate,Self-Employed,0.9948036950258827,0.1018116317659755,Education,746.0,7,55,59.98363189749802,2021-06-13,1,0,2021,6,13,Sunday,2.0,1,High,1.0,3,0,1.2650221810609925,0.9938104981753494,0.9954739157560791,0.6383629959508554,0.6905456470171116,0.5013024602338251,0.997398463516905,1.416213586952661,0.10234343948966391,9.166666666666666,60.29695325562434
531,24,Male,East,Post-Graduate,Self-Employed,0.9914067799722958,0.1308151238388122,Home,715.0,4,334,36.916028145400816,2021-06-14,0,0,2021,6,14,Monday,2.0,1,Low,0.0,0,1,-1.3104969156071162,0.9891620259137276,0.9920747121274708,0.6233560710783075,0.6888413135920911,0.5021575752664215,0.9956941196834979,1.3782339037079712,0.13194899054701617,55.666666666666664,37.236005332172944
532,56,Female,West,Post-Graduate,Salaried,0.9076084002956757,0.419817807760372,Education,831.0,5,123,26.89666068703613,2021-06-15,1,0,2021,6,15,Tuesday,2.0,0,High,1.0,3,0,0.8293568108396738,0.8744890248669975,0.908219875672999,0.2531507617284686,0.6458503110261113,0.524216605381378,0.9526848378638529,0.541876464358723,0.46255390278847797,20.5,29.63465375405724
533,26,Female,South,Graduate,Salaried,0.33871995942100397,0.9408872350552077,Car,740.0,11,156,35.054564056290815,2021-06-16,0,0,2021,6,16,Wednesday,0.0,0,Low,0.0,0,1,-1.4905552759101193,0.09599969097245625,0.33894816237166686,-2.260090210857004,0.2917139032533636,0.7469822145869102,0.5819965287018506,-1.8882289672398271,2.777773227959543,26.0,103.4912855924164
534,51,Male,South,Graduate,Salaried,0.6263612363234925,0.7795329381311004,Business,763.0,0,175,24.307285480623943,2021-06-17,0,0,2021,6,17,Thursday,0.0,1,Low,0.0,0,1,-1.0621406529546775,0.48961933582251793,0.6267832294134604,-0.9893457369375598,0.4863451490117451,0.614869549068061,0.7914298682280652,-1.1762500376415794,1.2445421155157506,29.166666666666668,38.80713567668821
535,39,Female,South,Graduate,Salaried,0.9183695514665814,0.39572385187030357,Car,695.0,5,388,82.15328862703062,2021-06-18,0,0,2021,6,18,Friday,0.0,0,High,1.0,2,2,0.5816658056464792,0.8892150076872786,0.9189882768638147,0.30069148165120746,0.6514756333274668,0.5212759967105953,0.9583159977098271,0.6390413261862711,0.4308982710046911,64.66666666666667,89.45558843478284
536,59,Male,West,Graduate,Unemployed,0.9970370067489168,0.07692338508646364,Education,694.0,11,148,41.774950905370304,2021-06-19,1,0,2021,6,19,Saturday,0.0,1,Medium,1.0,2,2,0.24834107137178732,0.9968666498401128,0.997708732109445,0.6482293425376395,0.6916645854331934,0.5007418473571271,0.9985174043294973,1.4413676904336867,0.07715198589999299,24.666666666666668,41.89909764893056
537,47,Female,East,High School,Unemployed,0.5116666709272673,0.8591840419038331,Business,625.0,7,126,29.622344397949387,2021-06-20,0,0,2021,6,20,Sunday,1.0,0,Low,1.0,0,1,-0.9092544261025568,0.33266677816578416,0.5120113918119209,-1.4960445206981898,0.4132127977174691,0.6615214975842477,0.7153087941073193,-1.5467648377351453,1.6791870385983476,21.0,57.89383221749881
538,30,Male,North,Graduate,Salaried,0.5484679011659518,0.8361716100123321,Education,390.0,12,308,45.87262728127463,2021-06-21,1,0,2021,6,21,Monday,0.0,1,Low,0.0,0,1,-1.3804132384141239,0.3830270301177565,0.5488374158340684,-1.333463682291263,0.4372659912307711,0.6457996315241852,0.7405861875338695,-1.4429245145795824,1.5245588816314863,51.333333333333336,83.63776108639546
539,46,Male,South,Post-Graduate,Unemployed,0.7865469441295021,0.6175304888671831,Education,369.0,2,285,35.64289334451964,2021-06-22,1,0,2021,6,22,Tuesday,2.0,1,High,1.0,2,2,0.6208293445602034,0.7088237632803761,0.7870768577897187,-0.28167573495669873,0.580284675286664,0.5597390000223317,0.8868748187481151,-0.3722669695344817,0.7851158706752396,47.5,45.31565930113279
540,39,Female,West,Post-Graduate,Self-Employed,0.7005174457641044,0.7136352767206335,Home,465.0,10,413,69.55354030506608,2021-06-23,1,0,2021,6,23,Wednesday,2.0,0,Low,1.0,1,1,-0.5804579148697773,0.591097611603277,0.7009893994936319,-0.6617377024849247,0.5309325846092561,0.5880563016221593,0.8369692023988125,-0.8524266610754232,1.018725916157906,68.83333333333333,99.2888053333191
541,59,Male,West,Graduate,Unemployed,0.7924952615786234,0.6098780700889558,Business,513.0,0,286,87.69759295083955,2021-06-24,0,0,2021,6,24,Thursday,0.0,1,Low,1.0,0,1,-0.8827391645126925,0.7169636750030329,0.7930291827487479,-0.2553971993828495,0.5836086500173625,0.5578815305315313,0.890222029371675,-0.33432863726003703,0.7695668348528666,47.666666666666664,110.66008492738361
542,23,Female,North,Post-Graduate,Unemployed,0.9310443742895748,0.36490597844339884,Car,634.0,10,347,45.04269253581175,2021-06-25,1,0,2021,6,25,Friday,2.0,0,Medium,1.0,1,2,-0.0867418433309063,0.9065597341182331,0.9316716389886321,0.3566864390984553,0.6580609831355141,0.5178544901993238,0.9649064070103249,0.7571860445283655,0.3919318869434522,57.833333333333336,48.37867429270617
543,33,Female,North,Graduate,Salaried,0.9872817740602159,0.15898018306856004,Education,668.0,3,322,78.88267199777923,2021-06-26,1,0,2021,6,26,Saturday,0.0,0,Low,0.0,0,1,-1.4833185046412853,0.9835172054637483,0.9879469271098363,0.605132579220296,0.6867677623029892,0.5031999050426049,0.9936205382640879,1.332565245506762,0.1610281757909405,53.666666666666664,79.89884354227738
544,48,Male,West,Post-Graduate,Unemployed,0.9393582304302535,0.34293747961245485,Car,348.0,0,187,55.26904588476956,2021-06-27,0,0,2021,6,27,Sunday,2.0,1,High,1.0,3,0,1.1458851918681614,0.9179367420938228,0.9399910963537145,0.3934154748665387,0.6623571092892802,0.515634494086297,0.9692049475886169,0.8369062132214585,0.365076355859872,31.166666666666668,58.837027338819105
545,40,Male,East,High School,Unemployed,0.941894847403136,0.3359078689691909,Home,351.0,7,339,22.57885320753868,2021-06-28,1,0,2021,6,28,Monday,1.0,1,High,1.0,3,0,1.0671248581323816,0.9214079486005481,0.942529422300225,0.4046217663816244,0.6636642218548222,0.5149609420599078,0.9705126724588072,0.861586384054935,0.3566299039593541,56.5,23.971734498590806
546,48,Female,North,High School,Unemployed,0.8437001033065945,0.5368148057574809,Home,588.0,4,363,65.24981936650732,2021-06-29,1,0,2021,6,29,Tuesday,1.0,0,High,1.0,3,0,1.6227182589791618,0.7870343958418934,0.8442685222842604,-0.029183943884760966,0.6117744781264213,0.5423875597807606,0.9185314928224261,0.02060824553430386,0.6362625815187393,60.5,77.33769275454979
547,28,Male,West,Graduate,Unemployed,0.7414341287073615,0.671025657324633,Business,538.0,0,163,51.07475977006561,2021-06-30,0,0,2021,6,30,Wednesday,0.0,1,High,1.0,2,2,0.6377235297857085,0.647089611020062,0.7419336488897044,-0.4809755764744622,0.554708985651112,0.5742393487730046,0.8610656936072656,-0.6393995271254318,0.9050374555788514,27.166666666666668,68.88644289832042
548,59,Male,North,Graduate,Self-Employed,0.767569695894454,0.6409654920075616,Home,432.0,7,423,62.04852186016828,2021-07-01,1,0,2021,7,1,Thursday,0.0,1,Low,0.0,0,1,-1.1642912153415204,0.6828545498526267,0.7680868241727578,-0.365513609633705,0.5696055499175124,0.565748554256563,0.8761105500417479,-0.48898706223926103,0.8350583607403107,70.5,80.83763883859788
549,21,Male,East,Graduate,Salaried,0.5846716909526173,0.8112700005538275,Home,465.0,8,210,81.1749930057332,2021-07-02,0,0,2021,7,2,Friday,0.0,1,Low,0.0,0,1,-1.2386071820176454,0.4325697210399795,0.5850655968956638,-1.1735222222137427,0.46037725082815023,0.6310455381447845,0.7646382745799594,-1.3274237871702919,1.3875650439514338,35.0,138.83858969377013
550,23,Male,South,Post-Graduate,Salaried,0.6669708018084111,0.7450838540292261,Car,673.0,9,375,45.23476565248369,2021-07-03,1,0,2021,7,3,Saturday,2.0,1,Medium,1.0,2,2,0.06868801498302937,0.545191063621195,0.667420154439531,-0.8099403974677168,0.5110080882033894,0.5998905313249346,0.8166828036688486,-1.0082492269287273,1.117116149626072,62.5,67.82120825954459
551,33,Male,North,Graduate,Self-Employed,0.9732747785959656,0.22964364861448763,Home,672.0,1,124,82.09420985738845,2021-07-04,1,0,2021,7,4,Sunday,0.0,1,Low,0.0,0,1,-1.0278575322083476,0.9643494815562935,0.9739304948302879,0.5432523363216216,0.679694486778751,0.5067717942006663,0.9865468962983795,1.1811317536042263,0.23594944990331382,20.666666666666668,84.34844060771468
552,48,Female,East,High School,Unemployed,0.6423998788606492,0.766369620770437,Home,777.0,8,168,70.05352114253239,2021-07-05,0,0,2021,7,5,Monday,1.0,0,Low,0.0,0,1,-1.0535538003714957,0.5115672455499973,0.6428326775304177,-0.9184900635351279,0.4961585129650641,0.6088651204076506,0.8014985208100195,-1.1124672629970487,1.1929790866860976,28.0,109.04971100987483
553,45,Female,West,Post-Graduate,Self-Employed,0.9341422856572277,0.3569008127576768,Education,778.0,7,51,49.08839407023878,2021-07-06,1,0,2021,7,6,Tuesday,2.0,0,High,1.0,2,0,0.7181498023690065,0.9107990379672627,0.9347716374860668,0.37037242253424607,0.6596639649853215,0.5170250438220458,0.9665103650024803,0.7866829962573271,0.3820625810837529,8.5,52.54916175398485
554,53,Male,North,Graduate,Unemployed,0.6979339946426156,0.7161620899783802,Home,599.0,6,256,58.25777085263709,2021-07-07,1,0,2021,7,7,Wednesday,0.0,1,Medium,1.0,2,2,0.16324961097555615,0.587562315404211,0.6984042078453381,-0.6731508983642689,0.5294122147205387,0.5889510447138917,0.8354244398164419,-0.8650082037188332,1.0261172195016786,42.666666666666664,83.47174847453674
555,58,Male,North,Post-Graduate,Self-Employed,0.7779333266858642,0.6283468303663706,Education,381.0,2,77,36.04649060152092,2021-07-08,1,0,2021,7,8,Thursday,2.0,1,Low,0.0,0,1,-1.0557648031036888,0.6970365501392372,0.7784574371660147,-0.31972905916951533,0.575451637336786,0.5624507876591966,0.8820052872210371,-0.42605058715245514,0.8077129604965518,12.833333333333334,46.336221068051486
556,26,Male,West,Post-Graduate,Salaried,0.9890261427473267,0.1477406137876266,Home,386.0,1,454,88.68778397910194,2021-07-09,0,0,2021,7,9,Friday,2.0,1,Medium,1.0,2,2,0.38766219549403125,0.985904268233397,0.9896924710157979,0.6128388684340503,0.6876451434492722,0.5027586005575361,0.9944979350141089,1.3518172667050927,0.1493798873478018,75.66666666666667,89.67182983934492
557,52,Female,South,Graduate,Salaried,0.9789904709294659,0.20390600243568746,Home,524.0,6,454,63.38809304403168,2021-07-10,0,0,2021,7,10,Saturday,0.0,0,Medium,1.0,1,2,-0.4461346072900884,0.9721710599146295,0.9796500379491326,0.5685031783622149,0.6825868515150846,0.5053081430606047,0.9894394731005358,1.2422523531052672,0.2082819072202986,75.66666666666667,64.74842700343163
558,41,Male,West,Post-Graduate,Salaried,0.9386095025442592,0.3449814512892225,Business,315.0,4,335,13.507748199730392,2021-07-11,0,0,2021,7,11,Sunday,2.0,1,High,1.0,3,0,1.6227182589791618,0.9169121533847612,0.9392418640335761,0.39010773741716326,0.6619709648203971,0.5158336419416006,0.9688186117866746,0.8296534978656939,0.3675452361755257,55.833333333333336,14.39123316258291
559,36,Female,North,High School,Unemployed,0.9278875822318601,0.3728600739418382,Business,657.0,5,343,36.1297524598407,2021-07-12,0,0,2021,7,12,Monday,1.0,0,Low,0.0,0,1,-1.0332550622663308,0.9022398556153838,0.9285127201319434,0.3427403319685887,0.6564248865173511,0.5187024436571808,0.963269215864319,0.7273809965142145,0.40183755131736215,57.166666666666664,38.937639808625676
560,41,Female,West,High School,Unemployed,0.9761872827769145,0.216929456147902,Education,462.0,3,205,59.8651547007246,2021-07-13,0,0,2021,7,13,Tuesday,1.0,0,High,1.0,3,0,1.371670219296253,0.968335066913426,0.9768449612281934,0.5561192260568621,0.681169373567712,0.5060249140935732,0.988021903996523,1.2121614494072817,0.22222114544538304,34.166666666666664,61.325481039282735
561,31,Female,East,Post-Graduate,Self-Employed,0.6507983259236162,0.7592506430520943,Home,813.0,1,99,14.506662223939184,2021-07-14,1,0,2021,7,14,Wednesday,2.0,0,Medium,1.0,1,2,-0.3524870415041699,0.523060011073138,0.6512367828085193,-0.8813873211551174,0.5012590047957126,0.6057675152054103,0.8067207236234955,-1.0777489134979203,1.1666450462584734,16.5,22.29056475114815
562,57,Male,West,Graduate,Self-Employed,0.7830467198448572,0.621962888394645,Car,649.0,8,120,11.91073530553142,2021-07-15,0,0,2021,7,15,Thursday,0.0,1,Medium,1.0,2,2,0.4993248214682985,0.7040339186007317,0.7835742753283927,-0.2971390603705232,0.5783235414793035,0.5608378001934856,0.8848992710161181,-0.39428589032736905,0.7942857975548032,20.0,15.210759465145655
563,56,Female,North,Post-Graduate,Salaried,0.8399521152171113,0.5426605238473687,Business,763.0,2,377,46.00193916222421,2021-07-16,0,0,2021,7,16,Friday,2.0,0,High,1.0,3,0,0.9830005367315219,0.7819055014197457,0.8405180090942709,-0.045741842682579296,0.6097395469437289,0.5434924048998969,0.9164890153281223,-0.0071673858422516045,0.6460612623221997,62.833333333333336,54.767335338317
564,55,Male,West,High School,Unemployed,0.7003368024162767,0.7138125546537725,Car,674.0,11,368,36.6152143754136,2021-07-17,0,0,2021,7,17,Saturday,1.0,1,Medium,1.0,1,2,-0.15914868881096583,0.5908504121360026,0.7008086344424802,-0.662535750451038,0.5308263505075776,0.588118776573525,0.8368612802706771,-0.853309647176229,1.019241816496009,61.333333333333336,52.282293675107624
565,39,Female,South,Post-Graduate,Self-Employed,0.9374442838889477,0.3481353394930454,Business,391.0,6,154,45.06388864265327,2021-07-18,1,0,2021,7,18,Sunday,2.0,0,Medium,1.0,1,2,-0.07610331438182097,0.9153176223139238,0.9380758603452959,0.3849600229337274,0.6613697251294046,0.5161438748539099,0.9682170644483332,0.8183953442599344,0.37136643262554314,25.666666666666668,48.071004770233
566,40,Male,West,Post-Graduate,Unemployed,0.8813060387999766,0.47254594059698996,Business,480.0,7,284,31.01546479040041,2021-07-19,1,0,2021,7,19,Monday,2.0,1,High,1.0,3,0,1.6214045152571255,0.8384958381375255,0.8818997937084117,0.13695192934384567,0.631966237137826,0.5315456280775388,0.9387790148911386,0.3160973508856429,0.5361882476607427,47.333333333333336,35.1926157599378
567,38,Female,South,High School,Unemployed,0.6562795295600822,0.7545178454353464,Home,600.0,1,188,23.17741975543847,2021-07-20,0,0,2021,7,20,Tuesday,1.0,0,Low,0.0,0,1,-1.5004418962182946,0.5305607058689966,0.6567216792502311,-0.8571724055961535,0.5045738397618091,0.6037628203166926,0.8101108131361303,-1.0545885127534833,1.1496897456806483,31.333333333333332,35.31638381434018
568,34,Male,East,Post-Graduate,Salaried,0.27922956732708804,0.9602243741596685,Business,488.0,5,250,65.13146855842702,2021-07-21,1,0,2021,7,21,Wednesday,2.0,1,Low,0.0,0,1,-1.600565939033911,0.014590696894264843,0.27941769031601754,-2.522907452592001,0.24625799619097272,0.7817205179907389,0.5284217703000966,-1.9627744939133753,3.438834874656618,41.666666666666664,233.25419718941282
569,35,Female,South,Post-Graduate,Salaried,0.8632445272087036,0.5047859806335966,Car,613.0,10,335,51.16568930142404,2021-07-22,1,0,2021,7,22,Thursday,2.0,0,High,1.0,3,0,1.6227182589791618,0.8137797547764359,0.8638261136867763,0.0571596050557609,0.6223193375466948,0.5366982086339916,0.929109534559141,0.17029828349988915,0.5847543363707376,55.833333333333336,59.27137408778948
570,51,Male,West,Graduate,Unemployed,0.935630071904968,0.352982107970226,Business,792.0,7,328,26.012336899949347,2021-07-23,1,0,2021,7,23,Friday,0.0,1,High,1.0,3,0,1.4020680128646459,0.9128349832278134,0.9362604260875281,0.3769451793132752,0.6604328920350677,0.5166276420865072,0.9672797278476212,0.800936797106002,0.3772667409583629,54.666666666666664,27.8019461762142
571,21,Male,North,Graduate,Unemployed,0.8743825019948342,0.48523730298200857,Education,427.0,6,486,35.56715410079987,2021-07-24,1,0,2021,7,24,Saturday,0.0,1,High,1.0,3,0,1.3116013840057004,0.8290213978635369,0.8749715923670234,0.106365060067448,0.6282792729111711,0.5335090350746114,0.9350842218724654,0.2593406527557851,0.5549485515492112,81.0,40.676882279387144
572,23,Male,South,High School,Unemployed,0.9775879046234093,0.21052764363382742,Home,818.0,10,340,57.34463261306608,2021-07-25,0,0,2021,7,25,Sunday,1.0,1,Low,0.0,0,1,-1.5781819821699397,0.9702517329765287,0.9782465267038699,0.5623069070832104,0.6818778720729115,0.5056665231730517,0.9887304509437389,1.2271686879043322,0.2153541821028645,56.666666666666664,58.65931067872268
573,36,Male,East,High School,Unemployed,0.8112711591293736,0.5846700833503304,Home,725.0,2,473,15.778347861798228,2021-07-26,0,0,2021,7,26,Monday,1.0,1,Low,1.0,1,1,-0.8791724900673344,0.7426573522292431,0.8118177300271072,-0.1724488537475256,0.5940288966435258,0.5520984502843138,0.900705922668089,-0.21019200972840138,0.720683925184493,78.83333333333333,19.448919987160608
574,43,Female,South,High School,Salaried,0.6645151529036056,0.7472747898607967,Education,486.0,0,423,21.79624074129436,2021-07-27,1,0,2021,7,27,Tuesday,1.0,0,Low,0.0,0,1,-1.5620061631924418,0.5418306570057229,0.6649628511110334,-0.8207889874519898,0.5095338815683186,0.6007755461135844,0.8151779884808015,-1.0190305201497534,1.1245413841890166,70.5,32.80021628710115
575,31,Female,South,Graduate,Self-Employed,0.8358181882025981,0.5490063353639247,Education,849.0,5,162,15.85964832859121,2021-07-28,1,0,2021,7,28,Wednesday,0.0,0,High,1.0,2,0,0.6549755005355126,0.7762484729820628,0.8363812969638638,-0.0640047462750279,0.6074902612614541,0.5447162504578267,0.9142309271746379,-0.03746318614127921,0.656848993133957,27.0,18.97499785533132
576,32,Male,South,High School,Salaried,0.6979645887763979,0.7161322732667437,Education,752.0,7,113,74.9853866171295,2021-07-29,1,0,2021,7,29,Thursday,1.0,1,Medium,1.0,2,2,0.19930209294752216,0.5876041816210612,0.6984348225910488,-0.67301573929789,0.5294302330052617,0.5889404329218837,0.8354427501489242,-0.864859791169929,1.026029521815993,18.833333333333332,107.43437105969291
577,30,Female,East,High School,Self-Employed,0.7671137931263382,0.6415110508754479,Business,770.0,5,84,70.19273865696074,2021-07-30,1,0,2021,7,30,Friday,1.0,0,High,1.0,3,0,0.9594509817141693,0.6822306745604422,0.7676306142531027,-0.3675277013853006,0.5693475903168524,0.5658945133526587,0.8758503257556842,-0.4917118583764477,0.8362658273435524,14.0,91.50238111466273
578,52,Male,West,High School,Unemployed,0.6997821318151543,0.7143563312466952,Home,523.0,4,137,70.26503455034057,2021-07-31,0,0,2021,7,31,Saturday,1.0,1,Low,1.0,1,1,-0.5687795717406973,0.590091379053638,0.7002535901477968,-0.6649861797107471,0.5305000850934719,0.5883106906954748,0.8365298152577434,-0.8560178290036282,1.0208267670306717,22.833333333333332,100.40987238139557
579,36,Male,South,Graduate,Self-Employed,0.983843547491195,0.1790303718924272,Education,453.0,10,208,67.30602747808224,2021-08-01,1,0,2021,8,1,Sunday,0.0,1,High,1.0,3,0,1.6227182589791618,0.9788122008983887,0.984506384133334,0.5899431479268606,0.6850361486420028,0.5040720077269291,0.9918888786004181,1.2948755613141076,0.181970367492835,34.666666666666664,68.4113115847666
580,28,Female,South,Post-Graduate,Salaried,0.7258264215289119,0.6878779003649808,Business,650.0,11,163,63.550833893589534,2021-08-02,0,0,2021,8,2,Monday,2.0,0,Low,1.0,1,1,-0.7678201312274205,0.6257314101990173,0.7263154264619105,-0.5499274593931689,0.5457060207030683,0.579432547517785,0.8519544715117774,-0.72378306396338,0.9477168093660814,27.166666666666668,87.55651765848278
581,58,Male,North,High School,Salaried,0.9202728410893264,0.39127726480512437,Education,446.0,7,65,48.159353230254,2021-08-03,1,0,2021,8,3,Tuesday,1.0,1,Low,0.0,0,1,-1.154432547027431,0.8918195441203637,0.9208928487738763,0.3090998533439508,0.652467280677793,0.5207593309671157,0.9593085223687562,0.6565245020693112,0.42517528208478883,10.833333333333334,52.33160328109629
582,32,Male,East,Post-Graduate,Unemployed,0.9971480058955932,0.07547088404439213,Car,648.0,1,287,61.3822530805692,2021-08-04,0,0,2021,8,4,Wednesday,2.0,1,Medium,1.0,2,2,0.5260525182132154,0.9970185454413417,0.9978198060386433,0.6487197156640825,0.6917201658063377,0.500714016711828,0.9985729847615512,1.4426217178247143,0.0756867421868909,47.833333333333336,61.557815607762706
583,44,Female,South,High School,Salaried,0.31208355403521704,0.9500546591121733,Car,481.0,11,354,13.068924383037972,2021-08-05,1,0,2021,8,5,Thursday,1.0,0,Low,0.0,0,1,-1.5874564538076341,0.05954938543584842,0.31229381146440993,-2.3777647856383606,0.27161637297218877,0.7621465850437443,0.5586443896032762,-1.9237928640990247,3.0442317348288226,59.0,41.87636360217562
584,48,Male,East,Post-Graduate,Unemployed,0.7189297367129894,0.6950827531091474,Home,478.0,0,28,59.71715381254277,2021-08-06,0,0,2021,8,6,Friday,2.0,1,Medium,1.0,2,2,0.22687114471442407,0.6162937152439693,0.719414095200507,-0.5803957016863937,0.5417018510528131,0.5817573450746407,0.8478972441947134,-0.7598243120348823,0.9668298828298957,4.666666666666667,83.06396406076468
585,28,Male,South,Graduate,Salaried,0.9835995802423673,0.1803659218007629,Business,338.0,0,168,72.23021644295017,2021-08-07,0,0,2021,8,7,Saturday,0.0,1,High,1.0,3,0,1.6227182589791618,0.9784783465125625,0.9842622525185029,0.588865347005506,0.6849131640187677,0.5041340046451382,0.9917658898360879,1.2922141046494404,0.18337332124147432,28.0,73.43457428596302
586,48,Male,West,Graduate,Salaried,0.9586476249130986,0.2845957330117146,Car,302.0,3,35,50.028668830751215,2021-08-08,0,0,2021,8,8,Sunday,0.0,1,High,1.0,3,0,0.9045420845318697,0.944333108733108,0.9592934865181397,0.4786323523199,0.6722542478024072,0.5105563590308226,0.9791055228692659,1.0288593353601956,0.29687209941975623,5.833333333333333,52.186713376863906
587,56,Male,West,High School,Unemployed,0.9418521460843565,0.3360275805886948,Car,363.0,5,435,38.60106627417896,2021-08-09,1,0,2021,8,9,Monday,1.0,1,High,1.0,3,0,0.9543245859988192,0.9213495144352098,0.9424866922126449,0.4044331200737911,0.6636422321017035,0.514972266048395,0.9704906728476872,0.8611695269052599,0.35677317505267825,72.5,40.98421013813953
588,46,Female,South,Post-Graduate,Self-Employed,0.6098089218663594,0.7925484709544195,Business,328.0,12,178,32.19413878407833,2021-08-10,0,0,2021,8,10,Tuesday,2.0,0,Low,0.0,0,1,-1.2669253472260489,0.4669684972216589,0.6102197633046623,-1.0624707152212203,0.4761154898825132,0.6211917367439068,0.7809026327695145,-1.238727806776893,1.2996668998032597,29.666666666666668,52.79381397954314
589,28,Female,West,Graduate,Salaried,0.8931268156189053,0.44980494797460135,Education,671.0,8,493,61.4241640129666,2021-08-11,1,0,2021,8,11,Wednesday,0.0,0,Medium,1.0,1,2,-0.45643491711073464,0.8546718544013384,0.8937285344399301,0.18917387391955734,0.6382298618580822,0.5282266310685995,0.9450538691624437,0.41554846877509943,0.5036294287759151,82.16666666666667,68.77429155500367
590,48,Female,South,High School,Self-Employed,0.964643169398175,0.26355939697427594,Business,822.0,0,32,65.42409589039269,2021-08-12,0,0,2021,8,12,Thursday,1.0,0,Medium,1.0,1,2,-0.45008142885501445,0.9525376477906181,0.9652930703309979,0.5051195279596179,0.675310635649596,0.5089982830349431,0.982162496432324,1.0905613465180402,0.2732195752121547,5.333333333333333,67.82206930590688
591,48,Male,West,High School,Salaried,0.6764569148245656,0.7364822077864681,Education,396.0,11,56,79.6774079890034,2021-08-13,0,0,2021,8,13,Friday,1.0,1,Low,1.0,1,1,-0.5957784028282472,0.5581722340451188,0.6769126584548587,-0.7680325536976442,0.5166825871155705,0.5964960931338017,0.8224700084650902,-0.9658165312436052,1.088734835355286,9.333333333333334,117.7863752189852
592,57,Male,North,Graduate,Salaried,0.8322923906864665,0.5543368798893018,Car,741.0,0,22,37.38672659687926,2021-08-14,1,0,2021,8,14,Saturday,0.0,1,High,1.0,3,0,1.6227182589791618,0.7714236328858918,0.8328531240418129,-0.07958104936348198,0.6055678554200029,0.5457644233436734,0.9123006032478914,-0.06302293768356268,0.6660362224771637,3.6666666666666665,44.9201831174295
593,56,Female,North,Graduate,Salaried,0.9769059380902784,0.2136698109793545,Car,502.0,12,226,71.58178459084684,2021-08-15,0,0,2021,8,15,Sunday,0.0,0,Low,1.0,1,1,-0.8195033682922097,0.9693185031304464,0.9775641007151599,0.5592941085978669,0.6815329649535602,0.5058409612376477,0.9883855209837294,1.2198547036370455,0.21872096652114806,37.666666666666664,73.27397838401897
594,47,Male,North,High School,Salaried,0.9773566163699396,0.2115987817495709,Car,710.0,12,331,54.90846593514704,2021-08-16,1,0,2021,8,16,Monday,1.0,1,Medium,1.0,2,2,0.46506406231723724,0.9699352290269946,0.9780150826265097,0.5612851195527697,0.6817609105061914,0.5057256701807359,0.9886134817864561,1.2246866846919173,0.2165010991949724,55.166666666666664,56.180584461673725
595,37,Male,East,Post-Graduate,Self-Employed,0.7950685596608711,0.6065195672348813,Home,320.0,4,203,80.62691925424633,2021-08-17,1,0,2021,8,17,Tuesday,2.0,1,High,1.0,2,2,0.5584712409540172,0.7204850773835788,0.795604214517479,-0.24402885770053828,0.5850432160079821,0.5570817864410273,0.8916661705262071,-0.3177116830361987,0.7628519073796434,33.833333333333336,101.40876314947855
596,29,Male,East,Post-Graduate,Self-Employed,0.9342544904819542,0.35660699237999255,Home,401.0,9,153,52.22496866364966,2021-08-18,1,0,2021,8,18,Wednesday,2.0,1,Low,0.0,0,1,-1.3105500243958794,0.9109525834657909,0.9348839179056067,0.37086812211708675,0.6597219760070709,0.5169950515409335,0.9665684096234235,0.7877559895790229,0.38170219786262904,25.5,55.9001526839955
597,53,Male,North,Post-Graduate,Salaried,0.7860452792578023,0.6181689242889225,Home,345.0,4,82,51.41038627183738,2021-08-19,1,0,2021,8,19,Thursday,2.0,1,Low,1.0,1,1,-0.8641930164367122,0.7081372653244545,0.7865748549355625,-0.28389199498146606,0.5800038344609393,0.5598962196611016,0.8865919463077715,-0.3754366260575618,0.7864291544026679,13.666666666666666,65.40384838947188
598,40,Female,East,High School,Salaried,0.5850827576325782,0.8109735918764913,Business,365.0,4,165,56.23016651527273,2021-08-20,0,0,2021,8,20,Friday,1.0,0,Medium,1.0,1,2,-0.42547528846121563,0.4331322408643884,0.5854769405201233,-1.1717062077752105,0.4606366189835913,0.6308818862515188,0.7649070254825604,-1.326031210151543,1.386083560482855,27.5,96.10634697695927
599,33,Female,West,Graduate,Self-Employed,0.8485644006704809,0.5290921072126737,Car,463.0,9,86,69.94522841139475,2021-08-21,0,0,2021,8,21,Saturday,0.0,0,Medium,1.0,2,2,0.32623768849031337,0.7936908918129745,0.849136096830316,-0.007694402949525106,0.6144093382090834,0.5409603255571169,0.9211755536652505,0.057097979421873585,0.6235143812238874,14.333333333333334,82.42771951796297
600,48,Female,South,High School,Unemployed,0.584991392501098,0.8110395000859245,Car,410.0,5,428,87.17523830627687,2021-08-22,1,0,2021,8,22,Sunday,1.0,0,Medium,1.0,1,2,-0.49041895152034565,0.4330072132223468,0.5853855138339812,-1.1721098415554094,0.4605789767158218,0.6309182527622511,0.7648473001201599,-1.32634089189348,1.386412707062869,71.33333333333333,149.0196940053494
601,49,Male,South,Graduate,Unemployed,0.9543126222599686,0.29881000484472175,Business,637.0,7,178,15.885068337261252,2021-08-23,0,0,2021,8,23,Monday,0.0,1,Low,0.0,0,1,-0.9969398315499575,0.9384009204772218,0.9549555632801163,0.45948113478529495,0.6700385317445797,0.5116888611421847,0.9768892579304824,0.9848552791444639,0.313115427664669,29.666666666666668,16.64556034021934
602,33,Female,South,Post-Graduate,Self-Employed,0.8322274177030909,0.5544344192266972,Home,422.0,2,470,14.274768191281373,2021-08-24,0,0,2021,8,24,Tuesday,2.0,0,Low,1.0,1,1,-0.7578776069310735,0.7713347212981095,0.8327881072847354,-0.07986808765112868,0.6055323948484794,0.5457837768051828,0.9122649931369124,-0.06349155099666486,0.6662054234609459,78.33333333333333,17.152484870877085
603,55,Female,North,Post-Graduate,Salaried,0.8191557712975353,0.5735711135944176,Business,746.0,8,296,85.00402699258709,2021-08-25,1,0,2021,8,25,Wednesday,2.0,0,Medium,1.0,1,2,-0.43541781275756264,0.7534469658578334,0.8197076542287394,-0.13761613624055266,0.5983725315470494,0.5497055369187751,0.9050722464519256,-0.1560267308698228,0.7001978545373442,49.333333333333336,103.77028395703235
604,26,Male,East,Graduate,Salaried,0.9166969452412959,0.3995831710486275,Home,590.0,12,94,52.39005004145649,2021-08-26,0,0,2021,8,26,Thursday,0.0,1,High,1.0,3,0,1.6227182589791618,0.886926147494956,0.9173145437675985,0.29330222535004946,0.6506033635335677,0.5217308883821008,0.9574429200956556,0.6237515772608314,0.4358945157643653,15.666666666666666,57.15089410237559
605,38,Male,West,Graduate,Unemployed,0.8069713799457541,0.5905905450889352,Car,711.0,0,425,59.192241165354886,2021-08-27,1,0,2021,8,27,Friday,0.0,1,High,1.0,3,0,1.1054079092324007,0.7367733651554277,0.8075150539894063,-0.1914444606906512,0.5916521730484441,0.5534121962850459,0.8983158575611109,-0.23921719962765636,0.7318605836165287,70.83333333333333,73.35110344227311
606,25,Female,West,High School,Unemployed,0.9978776425353808,0.06511689894359737,Education,580.0,3,191,48.59388812757831,2021-08-28,0,0,2021,8,28,Saturday,1.0,0,Medium,1.0,1,2,-0.013091134114025193,0.9980170089376644,0.9985499342503903,0.6519431116174165,0.6920854383788362,0.5005311530144373,0.9989382576192488,1.450873926793343,0.06525539421661969,31.833333333333332,48.69724108069228
607,45,Female,North,Post-Graduate,Self-Employed,0.823480451605676,0.5673446446590571,Home,342.0,8,491,17.49259620859796,2021-08-29,0,0,2021,8,29,Sunday,2.0,0,Medium,1.0,2,2,0.46604517730965156,0.7593650286105499,0.8240352481673868,-0.11851052086358763,0.6007470109490181,0.5484018208801988,0.9074582368382998,-0.12579340873255127,0.6889594568429784,81.83333333333333,21.242272569421353
608,22,Female,West,High School,Unemployed,0.8926820150392969,0.4506870533145815,Car,785.0,7,465,71.44715027349332,2021-08-30,1,0,2021,8,30,Monday,1.0,0,Medium,1.0,2,2,0.1120751002031299,0.8540631717808885,0.8932834341885666,0.18720882952599788,0.6379948787400478,0.5283507699941015,0.9448185090477943,0.4117472525614739,0.5048685262184225,77.5,80.0365069193739
609,30,Female,West,High School,Self-Employed,0.4685638532922332,0.8834296323918134,Car,350.0,9,324,69.77797160708695,2021-08-31,0,0,2021,8,31,Tuesday,1.0,0,Low,0.0,0,1,-1.3981599594592482,0.2736831859906922,0.46887953487792433,-1.6864645741408157,0.38428495269435836,0.6809373645948016,0.6845172410481953,-1.6527505526896427,1.8853985986854118,54.0,148.91881035383224
610,50,Male,West,High School,Unemployed,0.9022017727809307,0.4313142255837915,Education,509.0,8,306,34.93626571942496,2021-09-01,0,0,2021,9,1,Wednesday,1.0,1,Medium,1.0,1,2,-0.5107316656225535,0.8670903829714119,0.9028096055965517,0.22926530929657693,0.6430120430291933,0.5257065860779041,0.949843025336782,0.4941250700647182,0.4780684749203232,51.0,38.72333969344577
611,25,Female,West,Post-Graduate,Unemployed,0.992828796885199,0.11954488728292925,Car,425.0,0,121,34.49913961827203,2021-09-02,1,0,2021,9,2,Thursday,2.0,0,Low,0.0,0,1,-0.986790462497375,0.9911079698278115,0.9934976870838739,0.629638271440338,0.6895551353256976,0.5017992521801194,0.996407947020295,1.3940919331162276,0.1204083600898537,20.166666666666668,34.74832692857636
612,53,Female,East,High School,Unemployed,0.7632252769053952,0.6461324761166883,Car,791.0,8,459,77.02731047244148,2021-09-03,0,0,2021,9,3,Friday,1.0,0,Medium,1.0,2,2,0.20672893777614007,0.6769094759120292,0.7637394782548168,-0.3847064267501743,0.5671446756866525,0.5671425047598466,0.8736276534687963,-0.5148040400422778,0.846581600044123,76.5,100.9234269398933
613,21,Male,West,High School,Salaried,0.8074894665164843,0.5898819894393483,Home,808.0,2,239,15.78858061930613,2021-09-04,1,0,2021,9,4,Saturday,1.0,1,Medium,1.0,2,2,0.26842737432189956,0.7374823352106591,0.8080334896062462,-0.18915565272172208,0.5919388473804045,0.5532535699515125,0.8986041767744485,-0.23573893200345514,0.730513540918501,39.833333333333336,19.552676875672677
614,38,Female,South,High School,Salaried,0.9244921616904238,0.3812010532159731,Home,557.0,10,105,80.48841186852526,2021-09-05,0,0,2021,9,5,Sunday,1.0,0,Low,0.0,0,1,-0.9837576711390572,0.8975934285030128,0.9251150120223708,0.3277400095665803,0.654662120826341,0.5196176008956181,0.9615051542713766,0.6956054828569088,0.4123356249110335,17.5,87.06229777151715
615,52,Male,North,High School,Salaried,0.8780189539477974,0.4786258627659141,Education,487.0,11,447,30.532935191673158,2021-09-06,1,0,2021,9,6,Monday,1.0,1,High,1.0,3,0,1.6227182589791618,0.8339976618464177,0.8786104942761893,0.12243021341978837,0.6302174733591013,0.532475989072364,0.9370266559430406,0.2890150500359495,0.5451201942895311,74.5,34.77480190420638
616,31,Male,East,High School,Unemployed,0.9817946142980083,0.18994561151925862,Education,529.0,9,177,57.43877982043952,2021-09-07,1,0,2021,9,7,Tuesday,1.0,1,High,1.0,3,0,1.3609394487666844,0.9760083600709925,0.9824560705296124,0.5808913506302065,0.6840028050579865,0.5045931565185025,0.9908554961738912,1.2725765044822062,0.19346776683540007,29.5,58.50386525241713
617,41,Male,West,High School,Self-Employed,0.9253639976274498,0.3790797698307639,Car,488.0,8,387,84.87953432014221,2021-09-08,1,0,2021,9,8,Wednesday,1.0,1,Medium,1.0,2,2,0.27307579093838114,0.8987864831146289,0.9259874353340932,0.3315916149796509,0.6551150395411452,0.5193823096475578,0.961958417826597,0.7037365953832276,0.4096547637499302,64.5,91.72556371089183
618,46,Female,East,Post-Graduate,Self-Employed,0.991393219215366,0.13091785551937954,Home,714.0,0,165,64.24980012293172,2021-09-09,1,0,2021,9,9,Thursday,2.0,0,High,1.0,3,0,1.6227182589791618,0.9891434688401947,0.9920611422343663,0.6232961622324138,0.6888345039320867,0.5021609948004204,0.9956873099599924,1.3780829607725376,0.13205441895496714,27.5,64.80758479847375
619,45,Female,West,High School,Self-Employed,0.37947957326586085,0.9252001153663785,Education,309.0,0,430,43.154384997362925,2021-09-10,1,0,2021,9,10,Friday,1.0,0,Low,0.0,0,1,-1.600565939033911,0.15177675085276376,0.37973523684849586,-2.080021986260709,0.3217063072193331,0.7249110602142091,0.6160191338472052,-1.8261753213347383,2.4380761984208026,71.66666666666667,113.71991547784643
620,42,Male,South,Graduate,Self-Employed,0.8168685541575444,0.5768238597947929,Education,413.0,8,114,65.16273671243322,2021-09-11,0,0,2021,9,11,Saturday,0.0,1,Medium,1.0,2,2,0.056408703981102974,0.750317047898794,0.8174188961411734,-0.14772062671075195,0.5971144445614046,0.5503975495154549,0.9038078081968226,-0.171865702409627,0.7061403659854244,19.0,79.77138596017699
621,47,Female,North,High School,Salaried,0.9683845287458438,0.24946223057948094,Business,375.0,10,202,37.51837090530962,2021-09-12,0,0,2021,9,12,Sunday,1.0,0,Medium,1.0,2,2,0.2969579746853557,0.9576574711815603,0.9690369503132467,0.5216481422363817,0.6772131701666881,0.5080308168430636,0.9840653071548878,1.1295650868309406,0.2576065841350851,33.666666666666664,38.74325724090173
622,33,Female,West,High School,Salaried,0.8983332924006788,0.43931457495120335,Education,801.0,5,498,32.18067330793489,2021-09-13,1,0,2021,9,13,Monday,1.0,0,Medium,1.0,1,2,-0.2073351314156117,0.8617966021560098,0.8989385189375353,0.21217509846658755,0.6409762866686187,0.5267778866878405,0.9478044589474555,0.460389864576268,0.48903294430644145,83.0,35.82264353348881
623,53,Male,West,Post-Graduate,Unemployed,0.27467234294583687,0.961537884859793,Car,384.0,3,339,89.73466223477438,2021-09-14,0,0,2021,9,14,Tuesday,2.0,1,Low,0.0,0,1,-1.600565939033911,0.00835441167898876,0.2748573956342963,-2.543040403471819,0.2426891596590145,0.7845153348890789,0.5240919222291418,-1.9677842734986986,3.500672381308519,56.5,326.6971158158043
624,54,Male,West,Post-Graduate,Unemployed,0.9424301535537118,0.3344030587071941,Home,348.0,6,448,70.06321849438302,2021-09-15,1,0,2021,9,15,Wednesday,2.0,1,High,1.0,3,0,1.5589653508680903,0.9221404826066016,0.9430650890981133,0.4069866471804603,0.6639398456266914,0.5148190261412908,0.9707884185308928,0.8668161823820264,0.35483060197748173,74.66666666666667,74.34314174922027
625,55,Female,West,Graduate,Self-Employed,0.9531987526393545,0.3023444029030116,Education,794.0,4,141,61.57759819054541,2021-09-16,0,0,2021,9,16,Thursday,0.0,0,Low,1.0,1,1,-0.5520698696761591,0.9368766574465578,0.9538409432214869,0.45456027057448156,0.6694684145810369,0.5119806669181524,0.9763189809889771,0.9736303664571678,0.3171892557201074,23.5,64.6010058448361
626,21,Male,North,Graduate,Salaried,0.8805170264049633,0.47401452109715053,Business,686.0,9,364,38.4231714575455,2021-09-17,0,0,2021,9,17,Friday,0.0,1,Medium,1.0,1,2,-0.03616550523191785,0.8374161225207274,0.8811102497387107,0.13346622259266558,0.6315467530776205,0.5317686497695412,0.9383586874990626,0.3095741564298617,0.538336575991597,60.666666666666664,43.63705675791679
627,41,Female,North,Post-Graduate,Self-Employed,0.9900081735177768,0.1410099867668792,Home,688.0,6,391,13.932866332403853,2021-09-18,1,0,2021,9,18,Saturday,2.0,0,Medium,1.0,1,2,-0.4152364730275584,0.9872481177923303,0.9906751634015832,0.6171772936705346,0.6881387460233314,0.5025104988550274,0.9949915444453671,1.3626943832575413,0.14243315412824437,65.16666666666667,14.07348616415607
628,26,Female,South,Post-Graduate,Unemployed,0.8787791530372157,0.47722866656058477,Education,517.0,7,147,12.484550082812447,2021-09-19,1,0,2021,9,19,Sunday,2.0,0,Medium,1.0,1,2,-0.05370258632139799,0.8350379482017504,0.8793712055281492,0.12578862846494318,0.630622179216667,0.5322605365209689,0.9374322125024378,0.2952564136869683,0.5430587024182337,24.5,14.206698053388774
629,48,Female,North,High School,Unemployed,0.8363413791508082,0.548208990732662,Business,645.0,7,440,54.33450043590391,2021-09-20,0,0,2021,9,20,Monday,1.0,0,Low,0.0,0,1,-1.2415728885901571,0.7769644280683455,0.836904840397113,-0.06169338813685635,0.6077752112709262,0.5445610556695274,0.9145170196069662,-0.03364854043286351,0.6554847152119799,73.33333333333333,64.96689245613229
630,37,Female,West,Post-Graduate,Self-Employed,0.8067000943142657,0.5909610459525695,Education,529.0,0,340,70.96261768312408,2021-09-21,0,0,2021,9,21,Tuesday,2.0,0,Low,1.0,1,1,-0.5583283211519873,0.736402127219519,0.80724358558693,-0.19264294903272758,0.5915020290002481,0.5534952940706801,0.8981648480731506,-0.2410364532065268,0.7325659809856786,56.666666666666664,87.96654194449519
631,25,Male,South,Graduate,Unemployed,0.8233219115857953,0.5675746910343271,Home,554.0,7,279,52.9903352355084,2021-09-22,1,0,2021,9,22,Wednesday,0.0,1,Medium,1.0,1,2,-0.5092669811324535,0.7591480762072232,0.8238766013356713,-0.11921092052919878,0.6006600635336161,0.5484495050741047,0.9073708787402179,-0.1269083572909175,0.6893715362696045,46.5,64.36162391626871
632,51,Male,South,High School,Self-Employed,0.6177510704705246,0.7863737120049987,Home,535.0,5,47,77.26280575512916,2021-09-23,0,0,2021,9,23,Thursday,1.0,1,Medium,1.0,1,2,-0.43248285337854536,0.47783684597390597,0.6181672627058374,-1.027383812679026,0.4810369566583263,0.6181420728154109,0.7859714183547164,-1.2091650473117528,1.2729621195250034,7.833333333333333,125.0710997494187
633,25,Male,South,Graduate,Salaried,0.6841883716103226,0.729305335338509,Home,325.0,3,405,12.67412264745773,2021-09-24,0,0,2021,9,24,Friday,0.0,1,Medium,1.0,2,2,0.13983981592863295,0.5687522638202438,0.6846493240899981,-0.7338764475516603,0.5212837691903958,0.5937578105018373,0.8271567998936614,-0.93029505150106,1.06594231296565,67.5,18.52431753206738
634,58,Male,West,High School,Self-Employed,0.840427797780381,0.5419235340138117,Car,560.0,12,54,39.34016611407521,2021-09-25,1,0,2021,9,25,Saturday,1.0,1,High,1.0,3,0,1.1490521527980915,0.7825564441621499,0.8409940121351548,-0.04364036755660248,0.6099980433909237,0.5433519322007819,0.9167484921069579,-0.0036584896606677865,0.644818669069566,9.0,46.8096917045996
635,23,Female,East,Post-Graduate,Salaried,0.8494467241360227,0.5276743909406443,Education,570.0,11,410,28.965631293934244,2021-09-26,0,0,2021,9,26,Sunday,2.0,0,Medium,1.0,2,2,0.32378629860898184,0.7948982979714,0.8500190147362285,-0.00379646562939964,0.6148865263258881,0.5407022472989345,0.9216543409196437,0.0637705704533075,0.6211977466595624,68.33333333333333,34.099409028147534
636,43,Female,West,Graduate,Salaried,0.9089750219532793,0.41685058410062864,Car,422.0,7,473,45.78183745256976,2021-09-27,1,0,2021,9,27,Monday,0.0,0,Medium,1.0,1,2,-0.4681747546268036,0.8763591637333769,0.9095874180531228,0.2591882363845387,0.6465664602961863,0.5238413224374154,0.9534018155810693,0.5540586129754901,0.4585941021843112,78.83333333333333,50.366441702864435
637,57,Male,North,High School,Unemployed,0.9105440979995748,0.4134119562834884,Home,556.0,2,172,15.790111455529798,2021-09-28,1,0,2021,9,28,Tuesday,1.0,1,High,1.0,2,2,0.5630385967876498,0.8785063491538302,0.9111575512198319,0.2661201160384638,0.6473880695539406,0.5234111063162817,0.9542243436422982,0.5681015957898509,0.4540273855947628,28.666666666666668,17.341402234356334
638,57,Female,North,High School,Unemployed,0.7501771523855784,0.6612369016008292,Business,720.0,12,459,86.3305313256858,2021-09-29,1,0,2021,9,29,Wednesday,1.0,0,Medium,1.0,1,2,-0.06234813809216019,0.6590539087460178,0.7506825629317619,-0.44235056012047297,0.5597170127466349,0.5713707316067693,0.8661276767229982,-0.5903773188416594,0.8814410029658762,76.5,115.08019279333286
639,30,Female,West,Post-Graduate,Unemployed,0.9622642774314261,0.2721166301044015,Education,558.0,3,340,27.860432085548872,2021-09-30,0,0,2021,9,30,Thursday,2.0,0,Low,1.0,1,1,-0.7829924736172353,0.9492822783903291,0.9629125756533634,0.4946100355343624,0.6740990500494948,0.5096153517654537,0.9809507008160125,1.065961800952577,0.28278783332866,56.666666666666664,28.952994243864875
640,30,Female,West,Post-Graduate,Self-Employed,0.49754783230171107,0.8674365421008434,Car,346.0,5,262,83.78462203868678,2021-10-01,0,0,2021,10,1,Friday,2.0,0,Low,0.0,0,1,-1.2114797717573003,0.313346003674261,0.4978830410199137,-1.558418865419473,0.40382899193421934,0.6677583035615051,0.7053707055879986,-1.583252164492438,1.7434234173787602,43.666666666666664,168.39511017682437
641,39,Male,South,Post-Graduate,Self-Employed,0.6591047096152387,0.752051182941036,Education,824.0,10,178,44.07145240293454,2021-10-02,1,0,2021,10,2,Saturday,2.0,1,Medium,1.0,1,2,-0.3151823101971565,0.5344267934553244,0.659548762690195,-0.8446912972462742,0.506278125319788,0.6027347124051676,0.8118526403327384,-1.0424939853176798,1.141019282626665,29.666666666666668,66.86563115087108
642,37,Male,West,Graduate,Unemployed,0.6211809741945237,0.7836671470074158,Business,507.0,6,460,88.84193066041745,2021-10-03,1,0,2021,10,3,Sunday,0.0,1,Low,0.0,0,1,-1.3871832113817237,0.4825304612305512,0.6215994772300375,-1.0122311501325265,0.4831548800718455,0.6168342806372037,0.7881503499932762,-1.1961621796240793,1.2615762226516767,76.66666666666667,143.0210105446605
643,41,Male,South,High School,Self-Employed,0.9975482204214919,0.06998248305050785,Car,610.0,3,294,54.32467067681686,2021-10-04,0,0,2021,10,4,Monday,1.0,1,Medium,1.0,2,2,0.27382769957929126,0.9975662147509919,0.9982202901977101,0.6504877873492203,0.6919205387531471,0.5006136972197824,0.9987733578853072,1.4471462097276624,0.07015448638757361,49.0,54.458190155322185
644,34,Female,North,Post-Graduate,Unemployed,0.6458937860622167,0.763427283456791,Home,448.0,3,283,84.46662913406459,2021-10-05,0,0,2021,10,5,Tuesday,2.0,0,Low,0.0,0,1,-1.0200197930666675,0.5163484456845187,0.6463289386527111,-0.903054645793312,0.49828357165655207,0.6075726200974908,0.8036751744717617,-1.0981357934517422,1.181970317613882,47.166666666666664,130.77479758557115
645,29,Male,South,Graduate,Self-Employed,0.6866878569230755,0.7269523967595084,Car,737.0,6,29,10.427919095537828,2021-10-06,0,0,2021,10,6,Wednesday,0.0,1,Low,1.0,1,1,-0.6229673074755813,0.5721726579017485,0.6871504933599778,-0.7228341966514172,0.5227667579454734,0.5928779269355983,0.8286663121685807,-0.918628286855842,1.058635869894148,4.833333333333333,15.18582131663643
646,21,Male,West,Graduate,Salaried,0.8465293268508346,0.5323420881176624,Education,454.0,5,248,69.859104494472,2021-10-07,1,0,2021,10,7,Thursday,0.0,1,Medium,1.0,1,2,-0.32482015775796735,0.7909060166978344,0.8470996519374939,-0.016684972168873782,0.6133078375839423,0.5415565219889852,0.9200702836473063,0.04177082462749075,0.6288525054389112,41.333333333333336,82.52413977712287
647,33,Male,North,Graduate,Salaried,0.9036168975740584,0.4283415721344749,Education,389.0,12,279,82.24405224820123,2021-10-08,1,0,2021,10,8,Friday,0.0,1,Medium,1.0,1,2,-0.19237801938025811,0.8690268954375219,0.9042256837898094,0.2355170615837947,0.6437557068665529,0.5253157824320562,0.9505876590688828,0.5065553131013473,0.47403005995620945,46.5,91.01650541175354
648,24,Male,East,Post-Graduate,Unemployed,0.8390362647808266,0.544075496951148,Education,657.0,10,427,21.17764535831633,2021-10-09,0,0,2021,10,9,Saturday,2.0,1,Low,0.0,0,1,-1.0603964485237187,0.7806522156349368,0.8396015416297712,-0.049787895785173696,0.6092416652650678,0.543763067184093,0.9159892274371062,-0.013909906339490203,0.6484528974361694,71.16666666666667,25.240441024141386
649,21,Male,South,Post-Graduate,Self-Employed,0.9427554142892923,0.3334849754160219,Education,473.0,7,442,17.69006813857212,2021-10-10,0,0,2021,10,10,Sunday,2.0,1,High,1.0,3,0,1.5103288811586617,0.9225855821994052,0.9433905689688747,0.4084235872704669,0.6641072820235691,0.514732833914569,0.9709559280880324,0.8699975624070059,0.3537343518386724,73.66666666666667,18.76421802563499
650,52,Male,North,High School,Self-Employed,0.7815800228670339,0.6238049918485479,Home,516.0,0,319,43.96580857487645,2021-10-11,0,0,2021,10,11,Monday,1.0,1,Medium,1.0,2,2,0.18460772965657588,0.7020268327272076,0.782106590205145,-0.30361864876462963,0.5775006238688738,0.5612995134457869,0.8840701458973909,-0.4034457495616793,0.7981332347265899,53.166666666666664,56.25247228504985
651,54,Female,South,High School,Salaried,0.8409477877259103,0.5411162706100209,Car,755.0,9,40,84.69431249063481,2021-10-12,1,0,2021,10,12,Tuesday,1.0,0,High,1.0,3,0,1.1150010336026743,0.783268018870373,0.8415143524091386,-0.04134315083968813,0.6102805410263372,0.5431984582437734,0.9170320538159559,0.0001826515099340716,0.6434600084665264,6.666666666666667,100.71292620873056
652,48,Female,North,Post-Graduate,Salaried,0.8750439098157217,0.48404354751862494,Home,498.0,12,323,53.390924815235095,2021-10-13,1,0,2021,10,13,Wednesday,2.0,0,Low,0.0,0,1,-1.600565939033911,0.8299264943585959,0.8756334457926416,0.10928703407079911,0.6286320777165486,0.5333208437226835,0.9354378171828001,0.2647156389239917,0.5531648664586001,53.833333333333336,61.01513788774196
653,51,Male,North,Graduate,Unemployed,0.9719811377073945,0.23505886058823466,Home,785.0,10,113,52.19651709773857,2021-10-14,0,0,2021,10,14,Thursday,0.0,1,Low,1.0,1,1,-0.7445249393562494,0.9625792124467752,0.9726359823879165,0.5375372768277603,0.6790386910775961,0.5071042419617614,0.9858910374414581,1.167425679806583,0.24183479644745623,18.833333333333332,53.70116257693452
654,28,Male,South,Graduate,Salaried,0.8504070625782164,0.5261252967849859,Home,832.0,6,179,21.290089463945748,2021-10-15,0,0,2021,10,15,Friday,0.0,1,High,1.0,3,0,1.6227182589791618,0.796212462894539,0.8509800001791674,0.0004461270250743636,0.6154056487124044,0.5404216295017141,0.9221751799838339,0.07105202506888537,0.6186746558641091,29.833333333333332,25.035174801347075
655,59,Female,East,Graduate,Unemployed,0.6830561106077371,0.7303659012860819,Education,499.0,11,195,10.063160887457505,2021-10-16,1,0,2021,10,16,Saturday,0.0,0,Medium,1.0,1,2,-0.3671310912057616,0.567202833298607,0.6835163002587261,-0.7388785613913853,0.520611254289123,0.5941572557785424,0.8264720870106486,-0.9355504625188427,1.069261939017355,32.5,14.732553784642942
656,46,Female,North,High School,Salaried,0.9445921730878662,0.32824628945525436,Education,670.0,6,137,74.8112072596369,2021-10-17,1,0,2021,10,17,Sunday,1.0,0,Low,0.0,0,1,-1.185601815632594,0.9250990752340472,0.9452285652315124,0.41653803843111165,0.6650522754382179,0.5142466445352781,0.9719013185956001,0.888015086833566,0.34750053918213103,22.833333333333332,79.19947824157754
657,54,Male,North,Graduate,Salaried,0.5339678317428164,0.8455047928095235,Education,747.0,10,219,17.005965038899056,2021-10-18,0,0,2021,10,18,Monday,0.0,1,Low,0.0,0,1,-1.4516852329342969,0.3631845643976135,0.5343275774010617,-1.3975222321952259,0.4278577325444938,0.651904152946839,0.73073102557837,-1.4853970892612869,1.5834376952069984,36.5,31.848295024427458
658,23,Male,North,High School,Self-Employed,0.8284684270811692,0.5600357714732633,Car,547.0,6,423,60.70798549882592,2021-10-19,0,0,2021,10,19,Tuesday,1.0,1,High,1.0,3,0,0.938266165396482,0.7661907705775141,0.8290265841496636,-0.09647459354541801,0.6034786913437383,0.5469058066243592,0.9102024099513081,-0.0904560558164183,0.6759892751089642,70.5,73.27736762728564
659,32,Male,East,High School,Salaried,0.4816514846399606,0.8763628514172208,Business,563.0,6,290,83.16931636121532,2021-10-20,0,0,2021,10,20,Wednesday,1.0,1,Low,0.0,0,1,-1.1864850986457078,0.29159281585500196,0.4819759836454927,-1.6286459071159942,0.3931573336580584,0.674922551198333,0.6940111559909975,-1.6222435995270652,1.8194957959536053,48.333333333333336,172.67530364488596
660,21,Male,East,Graduate,Salaried,0.7585377011291294,0.6516291552453247,Education,357.0,9,456,26.69215305267448,2021-10-21,1,0,2021,10,21,Thursday,0.0,1,Medium,1.0,2,2,0.479789172801678,0.6704948127171951,0.7590487443575314,-0.40541524531027173,0.5644826120703653,0.5686542855225201,0.8709406989738908,-0.5422910257758551,0.8590596805871813,76.0,35.18896030209387
661,25,Female,West,Graduate,Unemployed,0.9013652313311454,0.4330597184538763,Car,601.0,9,262,63.22182689895286,2021-10-22,0,0,2021,10,22,Friday,0.0,0,High,1.0,2,0,0.6575946023813594,0.8659456267253239,0.9019725005507282,0.2255696282178158,0.6425721709499743,0.5259378805932515,0.9494025654753337,0.48679963934272025,0.48044866098765454,43.666666666666664,70.14007718667628
662,50,Male,South,Post-Graduate,Salaried,0.9133072330402476,0.4072712831472002,Education,330.0,7,28,16.295886136600757,2021-10-23,1,0,2021,10,23,Saturday,2.0,1,Medium,1.0,1,2,-0.24683409425836653,0.8822875319002518,0.9139225478442462,0.2783271213105844,0.6488332803021591,0.522655213303615,0.9556710904072843,0.5929777303914758,0.4459302066309734,4.666666666666667,17.84272098924966
663,50,Male,East,Post-Graduate,Unemployed,0.8561871664727705,0.5166657874945161,Education,797.0,8,209,58.30041150700904,2021-10-24,1,0,2021,10,24,Sunday,2.0,1,Low,1.0,1,1,-0.6434253719470356,0.8041221845682546,0.8567639982545254,0.02598152709623608,0.6185244732843195,0.5387387748727168,0.9253038238723379,0.1152957331134014,0.6034495817345887,34.833333333333336,68.0930686536554
664,37,Male,South,Graduate,Salaried,0.5548082536995455,0.8319782458855884,Home,548.0,8,229,23.11453767625622,2021-10-25,0,0,2021,10,25,Monday,0.0,1,Low,0.0,0,1,-1.2519542591936523,0.3917034180804736,0.5551820400000717,-1.3054532102493919,0.4413522285099766,0.643166125225138,0.7448545184796461,-1.423690522554955,1.4995779899412662,38.166666666666664,41.66220946088127
665,43,Male,West,High School,Salaried,0.8925274571404848,0.4509930578737774,Home,570.0,1,145,68.87628484121424,2021-10-26,0,0,2021,10,26,Tuesday,1.0,1,High,1.0,3,0,1.6227182589791618,0.8538516686687679,0.8931287721607606,0.18652602211417185,0.6379132146207783,0.5283939190562394,0.944736713132545,0.4104275070996908,0.5052988053932672,24.166666666666668,77.1699338661052
666,35,Female,South,High School,Unemployed,0.9957211386214506,0.09240895033708556,Home,693.0,12,232,34.09850358351265,2021-10-27,1,0,2021,10,27,Wednesday,1.0,0,Medium,1.0,1,2,-0.28087962305496644,0.995065964102028,0.9963919774532077,0.6424160873282654,0.6910054580194122,0.5010720088332343,0.9978582758194926,1.426529139420586,0.09280605457972228,38.666666666666664,34.24503333405287
667,57,Female,East,High School,Self-Employed,0.9249985645770274,0.37997059824470486,Car,801.0,12,12,47.0712807043717,2021-10-28,0,0,2021,10,28,Thursday,1.0,0,Medium,1.0,2,2,0.16674081503688237,0.8982864101450166,0.9256217560835339,0.3299772012403837,0.6549252220651981,0.5194809068440662,0.9617684568424083,0.7003260757066533,0.41077966258083154,2.0,50.8879500001126
668,41,Female,South,High School,Unemployed,0.8746158065289322,0.48481665706712795,Business,383.0,6,460,57.95444336220974,2021-10-29,1,0,2021,10,29,Friday,1.0,0,Medium,1.0,2,2,0.28108124204457674,0.8293406609708437,0.8752050540834238,0.10739575514236196,0.6284037352422791,0.5334426374285276,0.9352089640978278,0.2612354938985853,0.5543195691731307,76.66666666666667,66.26274408670044
669,34,Male,East,High School,Unemployed,0.9362063734718624,0.35145074515593727,Business,664.0,6,245,23.701872853299164,2021-10-30,0,0,2021,10,30,Saturday,1.0,1,Medium,1.0,1,2,-0.3479448424652146,0.9136236169751332,0.9368371159212323,0.37949117006720445,0.6607305810409339,0.5164738706065065,0.9675775800791699,0.8064734368864431,0.37539879572983925,40.833333333333336,25.316931741665314
670,22,Male,South,Post-Graduate,Unemployed,0.8946458929439803,0.4467759239691281,Car,848.0,3,351,69.33102548940967,2021-10-31,0,0,2021,10,31,Sunday,2.0,1,Medium,1.0,1,2,-0.31849462149633306,0.8567506196037281,0.8952486352002006,0.1958848687290744,0.6390319571913547,0.527803112826618,0.9458572265114753,0.428565464343379,0.49938855975623825,58.5,77.49549406778637
671,31,Female,East,Graduate,Self-Employed,0.61672105528395,0.7871817706028583,Education,641.0,8,474,34.211227250945164,2021-11-01,0,0,2021,11,1,Monday,0.0,0,Low,1.0,1,1,-0.6288120694389384,0.47642733265128545,0.6171365535757906,-1.0319342239429712,0.4804000581590683,0.6185358919720179,0.7853158952192105,-1.2130419199739313,1.27639840387876,79.0,55.47277323812735
672,59,Male,East,Post-Graduate,Salaried,0.8001111084873922,0.5998518267664746,Car,706.0,7,237,62.98974879302028,2021-11-02,0,0,2021,11,2,Tuesday,2.0,1,Medium,1.0,2,2,0.4163688934202284,0.727385499672092,0.8006501606180286,-0.2217518356932172,0.5878483899345301,0.5555212649291886,0.8944893003761376,-0.2847877424296933,0.7497106594364036,39.5,78.72625204779649
673,58,Male,South,High School,Unemployed,0.6547507183460898,0.7558448893954892,Education,724.0,11,410,22.66264405594989,2021-11-03,1,0,2021,11,3,Wednesday,1.0,1,Low,0.0,0,1,-1.4397776834537126,0.5284686204298874,0.6551918380431121,-0.863926402876264,0.5036503741283525,0.6043206320523565,0.8091666814359634,-1.061088649015406,1.1544010082260998,68.33333333333333,34.61262954120321
674,54,Female,West,High School,Unemployed,0.9174673025442573,0.3978111973815772,Car,392.0,0,151,65.04941273650802,2021-11-04,1,0,2021,11,4,Thursday,1.0,0,Medium,1.0,2,2,0.30593056478692265,0.8879803347495278,0.9180854200769094,0.2967055174513206,0.6510052019857271,0.5215212789668515,0.957845134948368,0.6307849922454649,0.4335971388608559,25.166666666666668,70.90106923278623
675,58,Female,North,High School,Self-Employed,0.8361323118930591,0.5485278087830807,Car,711.0,1,18,20.25504582483694,2021-11-05,1,0,2021,11,5,Friday,1.0,0,High,1.0,3,0,1.169054599765946,0.776678332203972,0.836695632286238,-0.0626170075329424,0.6076613549029501,0.5446230609432479,0.9144027077240416,-0.03517355334742988,0.6560299141426281,3.0,24.224689725216063
676,54,Female,West,High School,Unemployed,0.962739351757869,0.2704310273930086,Car,731.0,12,199,44.02851970159869,2021-11-06,0,0,2021,11,6,Saturday,1.0,0,High,1.0,3,0,1.602886319175231,0.9499323887975196,0.9633879700476383,0.4967088235856787,0.6743411259167524,0.509492001117917,0.981192820885818,1.0708620275239853,0.28089744841033837,33.166666666666664,45.732543934354474
677,38,Female,South,Graduate,Salaried,0.7429942663973187,0.6692977813355653,Business,458.0,12,359,29.776485899110146,2021-11-07,1,0,2021,11,7,Sunday,0.0,0,Low,1.0,0,1,-0.9140537834871022,0.6492245648418892,0.7434948376781115,-0.47408318477944594,0.5556044770300744,0.5737253525606539,0.8619711517198929,-0.6307453629743566,0.900811502329489,59.833333333333336,40.07633335246637
678,50,Male,West,High School,Self-Employed,0.9556821838687403,0.2944003455090965,Home,313.0,1,414,69.8700199542546,2021-11-08,1,0,2021,11,8,Monday,1.0,1,High,1.0,3,0,1.1016371852302158,0.9402750824884957,0.9563260475921169,0.465531597586671,0.6707390757261911,0.5113305261194306,0.9775899876066347,0.9987026651346297,0.3080525623249783,69.0,73.1100999198401
679,35,Male,East,Graduate,Salaried,0.8933134583733099,0.44943416101706896,Car,672.0,11,469,30.962800360549963,2021-11-09,1,0,2021,11,9,Tuesday,0.0,1,Medium,1.0,2,2,0.502080888085166,0.8549272636927089,0.8939153029395885,0.18999842612329812,0.6383284466718122,0.5281745585113922,0.9451526111551033,0.417144883401745,0.503109134654113,78.16666666666667,34.66062228249875
680,47,Female,North,High School,Salaried,0.9130099608988268,0.40793726392611257,Business,524.0,11,174,80.5373845116317,2021-11-10,0,0,2021,11,10,Wednesday,1.0,0,Medium,1.0,2,2,0.24244040542025838,0.8818807330013249,0.9136250754241646,0.2770138295082789,0.6486778973963772,0.5227364312991608,0.9555155471779759,0.5902924305939117,0.44680483389744446,29.0,88.21084978344095
681,54,Male,South,Graduate,Self-Employed,0.8489894408953431,0.5284098118394591,Home,804.0,10,489,81.34561691252902,2021-11-11,1,0,2021,11,11,Thursday,0.0,1,Low,0.0,0,1,-1.600565939033911,0.7942725335862239,0.8495614234139556,-0.005816656046321587,0.6146392416776719,0.5408359711971996,0.9214062301153293,0.0603102849005797,0.622398567504207,81.5,95.81463913937733
682,58,Female,South,Post-Graduate,Unemployed,0.5750912068506003,0.8180893006286784,Home,372.0,7,148,25.715305217822863,2021-11-12,0,0,2021,11,12,Friday,2.0,0,Low,1.0,1,1,-0.8386980026309825,0.4194594095077234,0.5754786582146354,-1.2158469794989715,0.4543131797124208,0.6348838693598595,0.7583476820368085,-1.359351340641593,1.4225383571917578,24.666666666666668,44.71517719536841
683,53,Female,South,High School,Salaried,0.6838811003352344,0.7295934762621367,Car,548.0,0,285,59.10767560061794,2021-11-13,0,0,2021,11,13,Saturday,1.0,0,Medium,1.0,1,2,-0.41821336039770446,0.5683317817132413,0.684341845799617,-0.7352339136254357,0.521101307825807,0.593866158246515,0.8269710395988692,-0.9317230778254864,1.0668425781974298,47.5,86.42975448750333
684,44,Male,North,Graduate,Salaried,0.7820025668224347,0.6232752084618187,Education,810.0,3,300,17.017411337597146,2021-11-14,1,0,2021,11,14,Sunday,0.0,1,Low,0.0,0,1,-1.238643519609957,0.702605058507073,0.7825294188375326,-0.3017519299053063,0.5777377694642103,0.5611664195204517,0.8843090900937493,-0.400810891714748,0.7970245046565718,50.0,21.761324143404252
685,35,Female,East,Post-Graduate,Salaried,0.9135078503307299,0.4068210999740904,Education,515.0,9,62,41.322967968130335,2021-11-15,0,0,2021,11,15,Monday,2.0,0,Medium,1.0,1,2,-0.05718540478449844,0.8825620644968276,0.9141233002949289,0.27921341035782515,0.6489381284781465,0.5226004167305404,0.9557760461168348,0.5947911625737768,0.44533946788394135,10.333333333333334,45.23548205214614
686,50,Male,South,High School,Salaried,0.9385440202038063,0.3451595604060204,Education,840.0,11,184,67.06573836010179,2021-11-16,1,0,2021,11,16,Tuesday,1.0,1,Low,0.0,0,1,-1.1812496901534228,0.916822544772706,0.9391763375762564,0.3898184488867899,0.6619371862557489,0.5158510663559067,0.968784816253747,0.8290198825617198,0.36776065157931376,30.666666666666668,71.45721129365712
687,37,Male,West,High School,Self-Employed,0.9607048088799888,0.2775720990929457,Car,519.0,4,119,62.7538597479933,2021-11-17,1,0,2021,11,17,Wednesday,1.0,1,Low,1.0,0,1,-0.899426504981962,0.94714824024399,0.9613520564542893,0.48772059996610806,0.6733040049704889,0.5100206800488386,0.9801555023974455,1.049919808230657,0.28892548109189287,19.833333333333332,65.32064705822921
688,25,Male,South,High School,Self-Employed,0.9774425630957533,0.2112014106221933,Education,520.0,8,212,59.97605355252864,2021-11-18,1,0,2021,11,18,Thursday,1.0,1,Medium,1.0,1,2,-0.0932518627535074,0.970052841909454,0.9781010872564884,0.5616648158469013,0.6818043750271073,0.5057036895344592,0.9886569491465446,1.2256088206216145,0.2160755205434034,35.333333333333336,61.36018198611349
689,49,Male,South,Graduate,Salaried,0.9956477445965761,0.09319639842693121,Business,688.0,6,445,32.60326909299549,2021-11-19,1,0,2021,11,19,Friday,0.0,1,High,1.0,3,0,1.268049382020493,0.994965528829607,0.9963185339811939,0.6420918464803165,0.6909686816516896,0.5010904367805411,0.9978214993657815,1.4257030020646675,0.0936037860103758,74.16666666666667,32.7457871219363
690,24,Female,South,Graduate,Unemployed,0.4702258278639285,0.8825461295647288,Business,341.0,7,145,40.24199595475216,2021-11-20,1,0,2021,11,20,Saturday,0.0,0,Low,0.0,0,1,-1.3649166528929129,0.2759574974097808,0.4705426291577757,-1.6791222864638897,0.38541601338885595,0.6801676185031292,0.6857301421579254,-1.6489543292964117,1.8768559217043164,24.166666666666668,85.58014802708196
691,30,Male,South,Post-Graduate,Salaried,0.9382151537897745,0.34605248908110714,Business,582.0,10,13,18.23569157602289,2021-11-21,0,0,2021,11,21,Sunday,2.0,1,High,1.0,3,0,1.6227182589791618,0.9163725110275901,0.9388472495978203,0.38836557959491025,0.6617675257738564,0.5159385933211331,0.9686150699786652,0.8258394158398558,0.36884129155586737,2.1666666666666665,19.436577529538557
692,37,Female,East,Graduate,Unemployed,0.8453662486541056,0.5341871447690265,Business,357.0,8,164,67.52182563468807,2021-11-22,1,0,2021,11,22,Monday,0.0,0,High,1.0,2,2,0.5890507224839683,0.7893144147147696,0.8459357901498693,-0.02182323051324421,0.6126777665478473,0.5418978485866084,0.9194380069662693,0.033050537043446265,0.6319002510680992,27.333333333333332,79.87286663288074
693,30,Female,West,Graduate,Salaried,0.9541280238784421,0.29939892125693923,Home,836.0,12,181,50.311103743301885,2021-11-23,0,0,2021,11,23,Tuesday,0.0,0,Low,0.0,0,1,-1.1523081954769043,0.9381483087861638,0.9547708405306742,0.4586656142322458,0.6699440703476304,0.5117371982697719,0.9767947706035501,0.9829927014569007,0.31379323713804186,30.166666666666668,52.729929825131755
694,37,Female,East,High School,Unemployed,0.6244054781225948,0.7811003769622018,Business,372.0,6,433,66.70125058765237,2021-11-24,1,0,2021,11,24,Wednesday,1.0,0,Low,1.0,1,1,-0.7216574129945923,0.48694299932192975,0.624826153576032,-0.9979859048330592,0.4851418892218781,0.6156098421656083,0.7901933169311133,-1.1838065844172923,1.2509505510918046,72.16666666666667,106.82361530235701
695,40,Female,West,High School,Salaried,0.8077475188690058,0.5895285792571597,Education,428.0,4,367,29.91548198374982,2021-11-25,1,0,2021,11,25,Thursday,1.0,0,High,1.0,3,0,1.2351666561778658,0.7378354642067685,0.8082917158142097,-0.18801562649016124,0.5920816055752354,0.5531745941079412,0.898747750411096,-0.23400451206605802,0.7298426370688301,61.166666666666664,37.03568415244032
696,44,Male,South,High School,Unemployed,0.7701531614227582,0.6378590031899923,Car,725.0,12,56,35.9550582908053,2021-11-26,1,0,2021,11,26,Friday,1.0,1,Low,0.0,0,1,-1.0638037966027873,0.6863898657665463,0.7706720302375734,-0.35410035010778895,0.5710660747193353,0.5649228675761883,0.8775837062199584,-0.47347712701424427,0.8282235731028234,9.333333333333334,46.685594621702236
697,25,Male,North,High School,Salaried,0.3072513085315036,0.9516284114115544,Education,424.0,4,103,36.73722698080917,2021-11-27,0,0,2021,11,27,Saturday,1.0,1,Low,0.0,0,1,-1.5183647148261599,0.05293675049178653,0.3074583103725577,-2.399112727549172,0.2679266950659069,0.7649638546725547,0.5543025424184014,-1.929853343529361,3.097231435595271,17.166666666666668,119.56735727633968
698,54,Female,East,High School,Salaried,0.9215777210201426,0.38819390015728,Business,366.0,9,437,12.059392779777296,2021-11-28,0,0,2021,11,28,Sunday,1.0,0,Low,0.0,0,1,-1.208706933943981,0.893605193177658,0.9221986078304784,0.31486456478964214,0.6531465783026738,0.5204057005142171,0.9599883962945295,0.6685631020797179,0.42122752243572886,72.83333333333333,13.08559495820724
699,26,Female,North,High School,Unemployed,0.9934718640049279,0.11407740981707984,Home,305.0,10,57,37.28382982644988,2021-11-29,0,0,2021,11,29,Monday,1.0,0,High,1.0,2,0,0.728318737817449,0.9919879681855169,0.9941411874518071,0.6324792197129737,0.6898777738720653,0.501637378513574,0.9967305874733292,1.4012826639811526,0.11482701619470723,9.5,37.52882308729877
700,22,Male,East,High School,Self-Employed,0.9737939996082015,0.2274318498519105,Business,613.0,5,249,74.26436588144269,2021-11-30,0,0,2021,11,30,Tuesday,1.0,1,Medium,1.0,1,2,-0.2982545825787485,0.9650600040259331,0.9744500656529312,0.5455461560374384,0.6799575787309855,0.5066384841571614,0.9868100119112095,1.1866460598830804,0.23355232209627083,41.5,76.26291177735988
701,33,Female,South,Post-Graduate,Unemployed,0.8809561976836976,0.47319782096146856,Car,625.0,4,356,81.78387965997908,2021-12-01,1,0,2021,12,1,Wednesday,2.0,0,Low,0.0,0,1,-1.5008891281236687,0.8380171017842922,0.8815497168966185,0.13540639780522698,0.6317802633298893,0.5316444908347411,0.9385926686713985,0.31320326494500983,0.5371411452756106,59.333333333333336,92.83535307999857
702,31,Male,East,Post-Graduate,Self-Employed,0.6726388290526569,0.7399709491937304,Education,805.0,12,222,51.45746525087419,2021-12-02,1,0,2021,12,2,Thursday,2.0,1,Low,0.0,0,1,-1.3143990139815047,0.5529474151953011,0.6730920003561214,-0.7849001307291847,0.514402516482782,0.5978576980461325,0.820145614542111,-0.9830463129393384,1.1001014470661825,37.0,76.50088432055993
703,43,Female,South,Post-Graduate,Salaried,0.42484188566190934,0.9052675693888703,Car,381.0,11,445,46.44013561753762,2021-12-03,0,0,2021,12,3,Friday,2.0,0,Low,0.0,0,1,-1.2795233109605542,0.21385232459235348,0.42512811081391677,-1.8796199145475188,0.35406085013414373,0.7018322594688818,0.6517989610776541,-1.744917419052699,2.1308340819042626,74.16666666666667,109.3115749290663
704,36,Male,East,Post-Graduate,Unemployed,0.8748499449386938,0.48439402746190463,Car,301.0,10,349,12.46596949594962,2021-12-04,0,0,2021,12,4,Saturday,2.0,1,High,1.0,2,0,0.780329013213043,0.8296610651864297,0.8754393502372878,0.10843013412141828,0.6285286268538236,0.5333760190779958,0.9353341354503715,0.2631383431584684,0.5536881270488611,58.166666666666664,14.24926590905048
705,51,Female,South,High School,Unemployed,0.9171981915367643,0.3984312706624432,Car,503.0,8,333,80.33634700683061,2021-12-05,0,0,2021,12,5,Sunday,1.0,0,Low,0.0,0,1,-1.0424512683205849,0.8876120726546876,0.9178161277635196,0.29551663618460794,0.6508648450193372,0.5215944832487205,0.9577046473400681,0.6283263167190569,0.43440041022635706,55.5,87.58886328834465
706,31,Female,South,Post-Graduate,Unemployed,0.5874481187819995,0.8092618289153948,Education,703.0,2,148,11.040817074069816,2021-12-06,1,0,2021,12,6,Monday,2.0,0,Low,0.0,0,1,-1.0685472499991608,0.43636909416167424,0.5878438952644264,-1.1612564919283785,0.46212777016846646,0.6299418470238066,0.7664516415156272,-1.3179813888949885,1.377588595556827,24.666666666666668,18.79453984287425
707,36,Male,West,High School,Self-Employed,0.8381014181523763,0.5455144479213869,Business,402.0,2,214,85.58000641681694,2021-12-07,0,0,2021,12,7,Tuesday,1.0,1,Medium,1.0,2,2,0.28760803266362933,0.7793729347130799,0.838666065174961,-0.05391787045312863,0.6087332009489613,0.5440396216032413,0.915478791754553,-0.02077425938905391,0.6508931211737984,35.666666666666664,102.11175469131295
708,28,Female,South,Post-Graduate,Self-Employed,0.6535003571087157,0.7569262072743823,Car,835.0,6,390,49.13729989504725,2021-12-08,0,0,2021,12,8,Wednesday,2.0,0,Low,0.0,0,1,-1.1582116566278418,0.5267575768985506,0.6539406344103733,-0.8694502610996262,0.5028944694110906,0.6047776135643442,0.8083936894290527,-1.066381675154673,1.1582644126213704,65.0,75.19093044179135
709,24,Female,West,Graduate,Salaried,0.7651897051831597,0.6438048734529036,Education,667.0,6,82,37.35475948597813,2021-12-09,1,0,2021,12,9,Thursday,0.0,0,Medium,1.0,1,2,-0.13550409701372126,0.6795976768870554,0.76570523001033,-0.3760279561034649,0.5682581662996925,0.5665113483631142,0.8747512247394453,-0.503171292426088,0.8413663554174441,13.666666666666666,48.81764513159087
710,24,Male,South,Post-Graduate,Self-Employed,0.9865646313349712,0.16337144242153304,Home,511.0,5,13,83.93747478741281,2021-12-10,0,0,2021,12,10,Friday,2.0,1,Medium,1.0,1,2,-0.012448238250049988,0.9825358391318456,0.9872293012300524,0.6019643790060228,0.6864068310238857,0.5033815584081954,0.9932595991657827,1.3246758758031727,0.16559628962216774,2.1666666666666665,85.08056352459414
711,45,Female,North,Post-Graduate,Self-Employed,0.5317409992221379,0.8469070254439045,Education,508.0,2,85,11.95127944880774,2021-12-11,1,0,2021,12,11,Saturday,2.0,0,Low,0.0,0,1,-1.470659046519791,0.36013727912837457,0.53209924461523,-1.407359954897853,0.42640499646609004,0.6528518858657101,0.7292057317534867,-1.49173695825175,1.5927058975757182,14.166666666666666,22.47575316985295
712,23,Male,South,High School,Salaried,0.8038666289360525,0.5948095853993837,Home,416.0,12,338,56.51399158952697,2021-12-12,1,0,2021,12,12,Sunday,1.0,1,Medium,1.0,1,2,-0.1640067453830915,0.7325247016710109,0.8044082112419084,-0.20516066036463446,0.5899324881624377,0.5543647096514086,0.8965860967782473,-0.25995294231397853,0.7399356609524099,56.333333333333336,70.30269643650382
713,52,Male,North,Post-Graduate,Unemployed,0.8521739441406593,0.5232586061669244,Education,777.0,6,86,53.91460195994701,2021-12-13,1,0,2021,12,13,Monday,2.0,1,Medium,1.0,1,2,-0.3352266851561399,0.798630333168897,0.8527480721278713,0.008251873841813664,0.6163600541357327,0.5399060942216004,0.923132679597391,0.08450036601107347,0.6140279338094333,14.333333333333334,63.26713264428078
714,23,Female,North,Graduate,Unemployed,0.8901651370935033,0.455638045715351,Business,404.0,4,313,27.54563209691057,2021-12-14,1,0,2021,12,14,Tuesday,0.0,0,Medium,1.0,1,2,-0.03249261320903342,0.8506189769357583,0.8907648605677538,0.17608974127973356,0.6366641993782013,0.529054303444457,0.9434856316306589,0.3903257803493652,0.5118578865075128,52.166666666666664,30.94440677248986
715,47,Female,South,High School,Salaried,0.8955554943898311,0.4449498359008407,Car,794.0,6,265,44.31099450801685,2021-12-15,1,0,2021,12,15,Wednesday,1.0,0,Medium,1.0,1,2,-0.4185739411214123,0.8579953540240673,0.8961588494641864,0.19990331498001282,0.6395119324593459,0.5275498411730195,0.9463379387881641,0.4363859215591691,0.4968422824584404,44.166666666666664,49.478781365980296
716,49,Female,North,High School,Unemployed,0.9887012624857779,0.14989934475850392,Business,345.0,1,419,62.181120475501615,2021-12-16,0,0,2021,12,16,Thursday,1.0,0,Medium,1.0,2,2,0.3437859503774279,0.9854596892962336,0.9893673718754018,0.6114036092059787,0.6874817937627937,0.502840732725261,0.9943345827666752,1.3482249993275155,0.15161237316682413,69.83333333333333,62.89171748316248
717,52,Female,West,Post-Graduate,Self-Employed,0.8689942982960028,0.49482209886891454,Education,630.0,5,111,68.17049575055421,2021-12-17,0,0,2021,12,17,Friday,2.0,0,High,1.0,3,0,0.8188608370604264,0.8216479678428074,0.8695797585190123,0.08256100055145753,0.6254004777978269,0.53504711111838,0.9321986367164473,0.21591946810373475,0.5694192698838224,18.5,78.44757541473938
718,39,Female,East,High School,Salaried,0.9606191250745751,0.27786848785164125,Car,515.0,7,115,10.057348696526384,2021-12-18,1,0,2021,12,18,Saturday,1.0,0,Low,0.0,0,1,-1.0728518570883863,0.9470309871521546,0.9612663149218458,0.48734206520431633,0.6732603035028876,0.5100429691880943,0.9801117921311707,1.0490403177619008,0.28925979152254505,19.166666666666668,10.469652783298072
719,41,Female,South,High School,Salaried,0.8201672487916618,0.5721238362535827,Home,791.0,0,342,84.94827440728122,2021-12-19,1,0,2021,12,19,Sunday,1.0,0,High,1.0,3,0,1.5353291446690713,0.7548311114724663,0.8207198131770946,-0.13314762097738705,0.5989283918070961,0.5494000623645223,0.9056308568018548,-0.14898909067518187,0.6975697177575462,57.0,103.57433137257559
720,25,Female,North,High School,Salaried,0.935535520411551,0.35323262879905143,Education,748.0,3,48,23.16202979142499,2021-12-20,0,0,2021,12,20,Monday,1.0,0,High,1.0,3,0,1.558993302862176,0.9127055952426825,0.9361658108927283,0.37652746879184223,0.6603840429268696,0.5166528795025012,0.9672308516644571,0.800029242503016,0.37757265340781615,8.0,24.758044228225344
721,38,Male,South,High School,Unemployed,0.9891994556469872,0.1465757038110484,Car,835.0,10,485,28.686434737788737,2021-12-21,0,0,2021,12,21,Tuesday,1.0,1,High,1.0,3,0,1.4239404482368458,0.9861414364268738,0.9898659006801013,0.6136045318738534,0.6877322742041697,0.5027147967294964,0.9945850670741981,1.353734873554914,0.14817608620213035,80.83333333333333,28.99964670828325
722,48,Female,West,High School,Salaried,0.957787770524381,0.28747623664215394,Home,810.0,0,323,31.07787565550786,2021-12-22,1,0,2021,12,22,Wednesday,1.0,0,High,1.0,3,0,0.9306296806122201,0.9431564501437898,0.9584330528269536,0.47483367910927904,0.671815147285884,0.5107805938189901,0.9786663223613966,1.0200906409348867,0.3001460714880114,53.833333333333336,32.44755948229844
723,42,Male,South,High School,Salaried,0.9719848829487242,0.2350433732721581,Home,757.0,0,284,13.025610924162825,2021-12-23,0,0,2021,12,23,Thursday,1.0,1,High,1.0,3,0,1.328761113175021,0.9625843375824233,0.9726397301524962,0.5375538225918958,0.6790405903035579,0.5071032788571341,0.9858929368591319,1.1674652929305722,0.24181793091174805,47.333333333333336,13.40104270412812
724,41,Female,South,Graduate,Salaried,0.6230140566588394,0.7822106399209209,Business,846.0,9,97,19.844169887225995,2021-12-24,0,0,2021,12,24,Friday,0.0,0,Low,0.0,0,1,-1.600565939033911,0.4850389234246938,0.6234337946815913,-1.0041329403176764,0.4842849494061251,0.6161376088501752,0.7893123948468308,-1.1891538988631627,1.2555264709689482,16.166666666666668,31.85188147061761
725,26,Female,North,Post-Graduate,Unemployed,0.7606085129984184,0.6492108208851227,Education,835.0,11,220,88.90799383553296,2021-12-25,1,0,2021,12,25,Saturday,2.0,0,Low,0.0,0,1,-1.067753413367122,0.6733285931861127,0.7611209513774918,-0.39626679218225364,0.5656594953155065,0.5679854394756629,0.8721287250162205,-0.5301952034079405,0.8535413550998117,36.666666666666664,116.89061102543542
726,21,Male,West,Graduate,Self-Employed,0.9963392402454714,0.08548753328454954,Home,839.0,10,378,35.21733899018288,2021-12-26,0,0,2021,12,26,Sunday,0.0,1,High,1.0,2,2,0.6411280826653684,0.9959117986927665,0.9970104955056394,0.6451467427873958,0.6913151234905218,0.5009168681556544,0.9981679419043027,1.433492893636759,0.08580163244748616,63.0,35.346734894739534
727,25,Female,East,High School,Salaried,0.9885522275893194,0.15087906855556363,Car,783.0,7,86,19.224087227123945,2021-12-27,0,0,2021,12,27,Monday,1.0,0,High,1.0,3,0,0.8740995677729395,0.9852557440779187,0.9892182365709155,0.6107452013684969,0.6874068501380536,0.502878418844588,0.9942596379162333,1.3465781127015926,0.1526262996983952,14.333333333333334,19.446708722718423
728,32,Female,East,High School,Self-Employed,0.35540270741045044,0.934713279869994,Home,315.0,6,86,18.559300893969866,2021-12-28,0,0,2021,12,28,Tuesday,1.0,0,Low,0.0,0,1,-1.527689500053209,0.11882901995278589,0.3556421498886654,-2.186389002026094,0.3040986112171062,0.7377881086799206,0.5961566131566859,-1.863997582287663,2.6300117032887553,14.333333333333334,52.22048258775909
729,46,Male,North,Post-Graduate,Unemployed,0.8411396323638606,0.5408180090074566,Home,542.0,11,451,67.55679741359775,2021-12-29,0,0,2021,12,29,Wednesday,2.0,1,Medium,1.0,1,2,-0.0925614484995862,0.7835305466239332,0.841706326296964,-0.040495617703444044,0.6103847453084394,0.5431418575874598,0.917136648686476,0.001601226885911779,0.6429586577529249,75.16666666666667,80.3157939707851
730,54,Female,South,Graduate,Unemployed,0.948818046791895,0.3158232323341866,Business,506.0,9,37,78.36549312261127,2021-12-30,1,0,2021,12,30,Thursday,0.0,0,Medium,1.0,2,2,0.4937903266392945,0.9308819271406771,0.9494572859979051,0.43520714501659113,0.6672230589543843,0.5131315371623225,0.9740729165683106,0.9298064926414235,0.33285963879168956,6.166666666666667,82.5927514633364
731,34,Female,North,Post-Graduate,Unemployed,0.7811563701422886,0.6243354269830633,Business,570.0,12,254,30.55618396067759,2021-12-31,0,0,2021,12,31,Friday,2.0,0,Medium,1.0,1,2,-0.16954403541150403,0.70144708966373,0.781682652056411,-0.30549026595611334,0.5772627995226363,0.5614330200105421,0.8838305098503267,-0.4060842548353133,0.7992451330446679,42.333333333333336,39.116603446646344
732,46,Female,North,Graduate,Unemployed,0.8326349001940376,0.5538222846535386,Car,414.0,0,75,11.672760986818798,2022-01-01,1,0,2022,1,1,Saturday,0.0,0,High,1.0,3,0,1.1844617389060823,0.7718923363771978,0.833195864305435,-0.07806790747822197,0.6057547674547494,0.5456624229376625,0.9124883014011947,-0.06055117917214098,0.665144212096413,12.5,14.019062837863956
733,47,Male,North,High School,Self-Employed,0.811229823711468,0.584727434896859,Business,598.0,10,275,27.847201475628463,2022-01-02,0,0,2022,1,2,Sunday,1.0,1,Medium,1.0,1,2,-0.5109664623728749,0.7426007872164223,0.8117763667606379,-0.1726314657649884,0.5940060751629503,0.5521110501321459,0.9006829762527256,-0.21047275366256538,0.7207913439642356,45.833333333333336,34.32714215094358
734,29,Female,South,Post-Graduate,Salaried,0.6875124178400481,0.7261726208800019,Home,782.0,12,391,14.521255263740589,2022-01-03,1,0,2022,1,3,Monday,2.0,0,Medium,1.0,2,2,-0.004034688030200577,0.5733010195151829,0.6879756098014449,-0.7191914432888389,0.5232555024575011,0.5925882319017018,0.8291636857943359,-0.9147597041643507,1.0562320069234707,65.16666666666667,21.1214443360338
735,46,Female,West,Post-Graduate,Unemployed,0.7082794309536976,0.705932183490671,Home,696.0,1,479,18.27159493040332,2022-01-04,1,0,2022,1,4,Tuesday,2.0,0,Low,0.0,0,1,-0.987109115229954,0.6017194176478069,0.7087566141002525,-0.6274467276549667,0.5354866832460983,0.5853843240632596,0.8415933881356825,-0.8140213727038291,0.9966859866876748,79.83333333333333,25.79715594140668
736,42,Female,North,High School,Unemployed,0.796034139016067,0.6052517240958086,Business,693.0,3,214,44.52064958781139,2022-01-05,0,0,2022,1,5,Wednesday,1.0,0,High,1.0,2,0,0.6744440644163269,0.7218064141783519,0.7965704444043363,-0.23976311168884235,0.5855809780601904,0.5567822895325567,0.8922074529032287,-0.311444398784329,0.7603338781976439,35.666666666666664,55.92806565160743
737,50,Female,South,Post-Graduate,Self-Employed,0.9914063412258273,0.13081844891764574,Home,374.0,0,67,28.393469668930607,2022-01-06,1,0,2022,1,6,Thursday,2.0,0,Medium,1.0,1,2,-0.1949859404284706,0.9891614255157911,0.9920742730854093,0.6233541327798258,0.688841093272204,0.5021576859017339,0.9956938993615595,1.3782290199970573,0.13195240284210297,11.166666666666666,28.639588520105104
738,37,Male,West,Graduate,Self-Employed,0.9181259362044437,0.3962887397702765,Home,781.0,2,210,51.27567028203387,2022-01-07,1,0,2022,1,7,Friday,0.0,1,Low,1.0,1,1,-0.7389904445272455,0.8888816349738929,0.9187444974728145,0.2996152357401283,0.6513486344748692,0.5213422023679967,0.958188883365093,0.6368100478078561,0.43162786731474373,35.0,55.848188423920156
739,46,Male,North,Graduate,Unemployed,0.7106329671848639,0.7035629225236618,Car,402.0,7,234,30.27950026057523,2022-01-08,1,0,2022,1,8,Saturday,0.0,1,Low,0.0,0,1,-1.3367382476549388,0.6049400892615249,0.7111117359595978,-0.6170492520487878,0.5368634582721038,0.5845789360915155,0.8429904905660941,-0.8021954264266492,0.9900510601285363,39.0,42.60919723514365
740,56,Female,East,Graduate,Salaried,0.993040961986334,0.11776946895208561,Business,596.0,7,151,85.24298408823581,2022-01-09,1,0,2022,1,9,Sunday,0.0,0,Medium,1.0,2,2,0.3448676925485514,0.9913983049030054,0.9937099951252187,0.6305755765195296,0.6896615939478656,0.5017458341665819,0.9965144063114862,1.396463012262515,0.1185947744960256,25.166666666666668,85.84035034942387
741,21,Female,West,Graduate,Salaried,0.894840317915297,0.4463863858063442,Home,477.0,7,390,82.47551743410116,2022-01-10,1,0,2022,1,10,Monday,0.0,0,High,1.0,2,2,0.5702558016606236,0.8570166783870284,0.8954431911598185,0.1967438012875482,0.6391345700315492,0.5277489562287759,0.9459599980524002,0.4302354240258476,0.4988447400831104,65.0,92.16786032422387
742,28,Male,North,High School,Unemployed,0.9555275839143571,0.2949017402098388,Business,514.0,5,377,55.34448840083728,2022-01-11,0,0,2022,1,11,Tuesday,1.0,1,Medium,1.0,2,2,0.5076936484976105,0.9400635218258765,0.9561713434804061,0.46484860438132797,0.6706600209254298,0.5113709508501596,0.9775109124272512,0.9971370019200062,0.30862713455299945,62.833333333333336,57.92034613392987
743,55,Male,West,Post-Graduate,Self-Employed,0.9418153442909918,0.3361307145412933,Car,614.0,5,93,38.35391935899089,2022-01-12,1,0,2022,1,12,Wednesday,2.0,1,High,1.0,3,0,1.6227182589791618,0.9212991534126541,0.9424498656251173,0.4042705367476004,0.6636232800191902,0.514982025937758,0.9704717122569786,0.8608103001862821,0.3568966215923525,15.5,40.72339614286505
744,35,Female,West,Graduate,Unemployed,0.8907913471459467,0.4544125612809461,Business,338.0,4,152,40.49175056277885,2022-01-13,1,0,2022,1,13,Thursday,0.0,0,High,1.0,2,0,0.7329196360439846,0.8514759074190973,0.8913914925114312,0.17885621823403017,0.6369954436338702,0.528879086266948,0.9438174331648821,0.39564166323000083,0.5101223341884297,25.333333333333332,45.455931619130006
745,42,Male,West,High School,Unemployed,0.8715082240329741,0.4903808881297182,Home,558.0,12,361,42.94818265155976,2022-01-14,0,0,2022,1,14,Friday,1.0,1,Low,1.0,1,1,-0.5616993316387443,0.8250881227691863,0.8720953779420358,0.09366704650042994,0.6267446427064046,0.5343284027067043,0.933546048158833,0.23609707112922365,0.5626807350829592,60.166666666666664,49.280295317023636
746,34,Female,West,Post-Graduate,Self-Employed,0.32682184240416323,0.9450859661044323,Business,306.0,8,42,68.20634577079552,2022-01-15,0,0,2022,1,15,Saturday,2.0,0,Low,0.0,0,1,-1.4235375748898171,0.07971783933771681,0.3270420293364751,-2.3126538297228834,0.28278649042447696,0.7536806887260981,0.5716833410238252,-1.9045756031238303,2.8917466444476334,7.0,208.6957997331413
747,46,Male,West,Post-Graduate,Unemployed,0.6946768093866854,0.7193219936164437,Home,348.0,3,410,46.13111964150704,2022-01-16,1,0,2022,1,16,Sunday,2.0,1,Medium,1.0,1,2,-0.20362590180041562,0.5831050548974558,0.6951448281533683,-0.6875405235567212,0.5274920497238105,0.5900830143311553,0.83347274063804,-0.8807293699773372,1.0354771944258754,68.33333333333333,66.40659227164237
748,48,Male,West,High School,Unemployed,0.9976899781006586,0.06793163914927458,Home,837.0,9,161,78.5383957204718,2022-01-17,0,0,2022,1,17,Monday,1.0,1,High,1.0,3,0,1.4989719859615693,0.9977602015387342,0.9983621433820862,0.6511140458242783,0.6919915020710682,0.5005781732712945,0.998844321253647,1.4487499369506456,0.06808892605957484,26.833333333333332,78.72024120156885
749,43,Male,North,High School,Unemployed,0.8352710107644649,0.549838465893856,Home,460.0,11,167,85.52758287442916,2022-01-18,0,0,2022,1,18,Tuesday,1.0,1,Low,0.0,0,1,-0.9917603270458443,0.7754996938388629,0.8358337508804753,-0.0664220721652789,0.6071921603913694,0.5448786550513101,0.9139316225869771,-0.04144666547007299,0.6582755283110179,27.833333333333332,102.39500925113128
750,34,Male,East,Graduate,Self-Employed,0.9921244340967937,0.12525616658718455,Car,475.0,11,455,36.87569227031471,2022-01-19,0,0,2022,1,19,Wednesday,0.0,1,High,1.0,2,0,0.7562651415045103,0.9901440920644972,0.9927928497510488,0.6265265305572523,0.6892016241274911,0.5019766751936802,0.9960544333001052,1.3862296583113645,0.12625046040844137,75.83333333333333,37.16841456876874
751,44,Female,South,Post-Graduate,Salaried,0.3859518437805852,0.9225189289561309,Business,301.0,11,150,54.85555851005441,2022-01-20,0,0,2022,1,20,Thursday,2.0,0,Low,0.0,0,1,-1.4405295920946226,0.16063366057314088,0.38621186787162215,-2.0514287256589423,0.3263871554170463,0.7215257907318123,0.6212502263827235,-1.8154051299038434,2.39024361153353,25.0,142.13057767186095
752,22,Male,West,Post-Graduate,Salaried,0.9500198565353206,0.3121894812267202,Car,754.0,6,455,17.604522946605154,2022-01-21,0,0,2022,1,21,Friday,2.0,1,High,1.0,2,2,0.5755527045398976,0.932526530896712,0.9506599054265057,0.44051651197048075,0.6678395553624367,0.5128152909051606,0.9746896206153632,0.941778211092923,0.32861363799832677,75.83333333333333,18.530689464542405
753,46,Male,South,High School,Self-Employed,0.808556438208795,0.5884186317844696,Business,575.0,0,260,26.03752382130872,2022-01-22,0,0,2022,1,22,Saturday,1.0,1,High,1.0,2,2,0.6202842806755289,0.7389424212703338,0.8091011801404252,-0.18444197464174386,0.592528979116222,0.5529271737797721,0.8991976635917127,-0.22855924240427478,0.7277397148528069,43.333333333333336,32.20248159669592
754,34,Female,North,Post-Graduate,Salaried,0.7956697827244757,0.6057306306099978,Car,797.0,8,312,43.07726133681281,2022-01-23,1,0,2022,1,23,Sunday,2.0,0,Low,1.0,1,1,-0.5656126108107672,0.7213078146879052,0.7962058426380438,-0.24137276851231118,0.585378090349633,0.5568952652768665,0.8920032414315969,-0.3138113884894394,0.7612839443718701,52.0,54.13962207953998
755,27,Male,West,Graduate,Unemployed,0.8733020251358035,0.48717919998056625,Education,327.0,6,121,26.49621727214231,2022-01-24,1,0,2022,1,24,Monday,0.0,1,High,1.0,2,2,0.5488529597890665,0.8275428308021601,0.8738903875674019,0.10159171872855294,0.6277026625368746,0.5338167506264805,0.9345063002119373,0.2505812965364008,0.5578587773282755,20.166666666666668,30.34026775332623
756,23,Male,East,Post-Graduate,Salaried,0.6496955987424476,0.7601944678664089,Home,632.0,9,153,80.1248392630974,2022-01-25,0,0,2022,1,25,Tuesday,2.0,1,Medium,1.0,1,2,-0.4441528109093996,0.521550995795177,0.6501333126962375,-0.8862589601869026,0.500590785282288,0.6061724361526415,0.8060369710766669,-1.0823602308858478,1.1700779093129816,25.5,123.32673858063258
757,43,Female,South,High School,Unemployed,0.8497343607038971,0.5272110737068592,Home,300.0,11,459,22.66290048472785,2022-01-26,0,0,2022,1,26,Wednesday,1.0,0,High,1.0,2,0,0.7414981030289407,0.7952919111722306,0.8503068450910697,-0.002525741959071264,0.6150420399716692,0.5406181672591411,0.9218103713366959,0.06594941584093912,0.6204422206372021,76.5,26.670570866352296
758,38,Male,West,High School,Salaried,0.8976302036746037,0.4407493816797586,Car,487.0,8,218,46.45286572424736,2022-01-27,1,0,2022,1,27,Thursday,1.0,1,Low,0.0,0,1,-1.1375383618019261,0.8608344678697347,0.8982349565254035,0.2090689861486466,0.6406058464708443,0.5269730625406271,0.9474334824538363,0.454296905795983,0.4910144287430115,36.333333333333336,51.75056001244673
759,58,Female,North,Graduate,Self-Employed,0.6473942925538243,0.7621552531923751,Education,355.0,6,233,58.45593923679005,2022-01-28,0,0,2022,1,28,Friday,0.0,0,Low,1.0,1,1,-0.6246835599124542,0.518401797827445,0.6478304560679427,-0.8964256933952978,0.4991948230014818,0.607019220911455,0.8046081608794583,-1.0919321088163392,1.1772659443533935,38.833333333333336,90.29418379052211
760,55,Female,East,Graduate,Salaried,0.5961298688080469,0.8028880242692007,Home,846.0,1,52,65.34911265286755,2022-01-29,1,0,2022,1,29,Saturday,0.0,0,Medium,1.0,1,2,-0.4082428841072716,0.44824954261027516,0.5965314943729318,-1.1229021709200986,0.4675818671507548,0.6265154355809261,0.7720944688365841,-1.2878948710407636,1.3468340814302155,8.666666666666666,109.62227540037905
761,35,Female,South,Post-Graduate,Salaried,0.8453908102318715,0.5341482733993437,Business,411.0,5,273,40.64554957812054,2022-01-30,0,0,2022,1,30,Sunday,2.0,0,High,1.0,2,2,0.5945376989230262,0.7893480257445261,0.8459603682753005,-0.021714722132413662,0.6126910763254211,0.5418906360947744,0.9194513637120081,0.033234394031950124,0.6318359117871638,45.5,48.07900569320405
762,45,Female,South,Post-Graduate,Salaried,0.9078677061803629,0.4192567567431756,Car,609.0,9,253,79.52792549797829,2022-01-31,1,0,2022,1,31,Monday,2.0,0,Medium,1.0,2,2,0.46391803055971625,0.8748438692458617,0.90847935625766,0.25429632582681194,0.645986234238759,0.5241453570185142,0.952820920309983,0.5441844400008216,0.46180380014517586,42.166666666666664,87.59858397494177
763,57,Male,West,High School,Self-Employed,0.6851767551609262,0.7283768352900468,Home,335.0,11,12,55.46553208623404,2022-02-01,1,0,2022,2,1,Tuesday,1.0,1,Medium,1.0,1,2,-0.36850073891596963,0.570104806773584,0.685638373535942,-0.7295099569402722,0.5218704575080856,0.5934095618975618,0.8277540426726566,-0.9256923786144717,1.063049541309927,2.0,80.95069143611994
764,48,Female,East,Graduate,Salaried,0.9984390993877514,0.05585127405687101,Home,738.0,10,134,45.16062243580414,2022-02-02,0,0,2022,2,2,Wednesday,0.0,0,High,1.0,3,0,1.6227182589791618,0.9987853285933433,0.9991117693683659,0.6544235212449125,0.6923664255439299,0.5003905299422752,0.9992192449046162,1.4572347166222575,0.055938588634118325,22.333333333333332,45.23122388085252
765,30,Male,East,Graduate,Self-Employed,0.6920792540024058,0.7218215196151148,Car,624.0,3,277,15.37925072416293,2022-02-03,0,0,2022,2,3,Thursday,0.0,1,Low,1.0,1,1,-0.6527138195817731,0.579550457870044,0.6925455227399372,-0.6990160293875205,0.5259581005140067,0.5909888662925349,0.8319130086748288,-0.8931544320826227,1.0429752307133968,46.166666666666664,22.22180571838015
766,59,Male,East,Graduate,Unemployed,0.9656730775386253,0.2597604806684038,Car,606.0,2,93,47.1751574756132,2022-02-04,0,0,2022,2,4,Friday,0.0,1,High,1.0,2,0,0.7848544410555468,0.9539470146271088,0.9663236723428013,0.5096694663141386,0.6758347197686927,0.5087315950077411,0.9826866629493988,1.1012596178561231,0.26899422455734123,15.5,48.85209971459132
767,37,Male,East,Post-Graduate,Salaried,0.992688601924042,0.12070351946024967,Business,833.0,1,25,75.65886726525842,2022-02-05,0,0,2022,2,5,Saturday,2.0,1,High,1.0,3,0,1.1200743205292611,0.9909161215249022,0.9933573976703443,0.6290189167563368,0.6894847831243714,0.5018345561039739,0.9963375943544648,1.39252588725425,0.12159253085640405,4.166666666666667,76.21611361167582
768,59,Male,North,Graduate,Self-Employed,0.9793746978058421,0.20205247164465825,Business,408.0,5,343,59.16328145770524,2022-02-06,1,0,2022,2,6,Sunday,0.0,1,Low,0.0,0,1,-1.5039834138689754,0.9726968510954005,0.980034523687452,0.5702006196513936,0.6827809856392517,0.5052100550282423,0.9896336179646699,1.2463941862543853,0.2063076288343264,57.166666666666664,60.40924029409035
769,42,Male,East,High School,Self-Employed,0.9635765374754075,0.2674327138307966,Home,671.0,7,473,76.57299629832947,2022-02-07,0,0,2022,2,7,Monday,1.0,1,Medium,1.0,2,2,0.3958046113712476,0.9510780266849593,0.9642257197952722,0.5004073509168832,0.6747675744012066,0.5092747753472912,0.9816193444892004,1.0795123599237,0.27754174518557334,78.83333333333333,79.46747696758212
770,46,Male,South,High School,Salaried,0.9466401365571144,0.3222924942643368,Home,656.0,5,68,49.520933647944446,2022-02-08,1,0,2022,2,8,Tuesday,1.0,1,Low,0.0,0,1,-1.0347532891493338,0.9279015890530379,0.9472779084579717,0.42558555167177303,0.6661048795982231,0.5137056311643865,0.9729543342609223,0.908209220462057,0.34045935917792314,11.333333333333334,52.312311442920375
771,45,Male,South,Post-Graduate,Unemployed,0.9980663322196445,0.06215783530357289,Car,480.0,8,186,19.476936407558547,2022-02-09,0,0,2022,2,9,Wednesday,2.0,1,High,1.0,3,0,1.0342756746826574,0.9982752193284211,0.9987387510589686,0.6527767067681046,0.6921798789844084,0.5004838847812944,0.9990326982735072,1.4530105686371262,0.06227826076984011,31.0,19.51467129869306
772,37,Male,North,Post-Graduate,Self-Employed,0.7035224025084739,0.7106730817814229,Home,655.0,4,72,11.091187666870486,2022-02-10,1,0,2022,2,10,Thursday,2.0,1,Low,0.0,0,1,-1.0749734134395044,0.5952097126871194,0.7039963807422464,-0.6484623749019192,0.5326981089032511,0.587018989904376,0.8387624231619308,-0.8376665457313183,1.0101641102649364,12.0,15.765223150426817
773,33,Male,South,Graduate,Salaried,0.925340120343557,0.37913805095581143,Home,367.0,1,455,34.257563737487295,2022-02-11,0,0,2022,2,11,Friday,0.0,1,Medium,1.0,2,2,0.10908144163653231,0.8987538084995422,0.9259635419635586,0.33148612967905083,0.6551026380253904,0.5193887508153938,0.9619460069793715,0.7035136500706268,0.4097283178590013,75.83333333333333,37.02159128771837
774,40,Male,South,Post-Graduate,Unemployed,0.9035122867952637,0.42856218639771865,Car,591.0,7,58,65.8392377198234,2022-02-12,0,0,2022,2,12,Saturday,2.0,1,Low,1.0,1,1,-0.5799212365833284,0.8688837419303478,0.9041210025324742,0.23505491105207263,0.6437007516634301,0.5253446520608444,0.9505326332090149,0.5056347785835622,0.4743291183319912,9.666666666666666,72.87032913891363
775,45,Female,East,High School,Self-Employed,0.8772713914611717,0.47999469343293744,Home,480.0,8,316,73.2207923153355,2022-02-13,1,0,2022,2,13,Sunday,1.0,0,Medium,1.0,1,2,-0.45090321748113926,0.8329746679157218,0.8778624281405742,0.11912762448325309,0.6298193350380978,0.5326880303767114,0.9366276696004511,0.28289025752800995,0.5471450432613157,52.666666666666664,83.46424268250662
776,24,Female,South,Graduate,Self-Employed,0.9787586241982148,0.20501598854142541,Home,765.0,9,255,33.660226769626355,2022-02-14,0,0,2022,2,14,Monday,0.0,0,High,1.0,3,0,0.8285154558176889,0.9718537917221176,0.9794180350177324,0.5674789235831156,0.6824696906107707,0.5053673488878392,0.9893223055193968,1.239755151231019,0.2094653201236123,42.5,34.39073325887712
777,30,Female,North,High School,Unemployed,0.9929530590063551,0.11850832295633003,Education,733.0,3,298,49.652313670659765,2022-02-15,0,0,2022,2,15,Tuesday,1.0,0,Medium,1.0,1,2,-0.013183375694508592,0.9912780150053483,0.9936220329231042,0.6301872378664264,0.6896174880211983,0.5017679646195877,0.9964703001125298,1.3954804813259536,0.11934937093090878,49.666666666666664,50.0046937972543
778,23,Male,East,Graduate,Unemployed,0.9186010088451166,0.3951862681682324,Business,763.0,5,295,43.68951235472653,2022-02-16,0,0,2022,2,16,Wednesday,0.0,1,High,1.0,2,0,0.6790393722440453,0.8895317430742092,0.9192198901801837,0.30171401634403344,0.6515962792251498,0.5212131106935779,0.9584367526577414,0.6411626181854848,0.4302044787269158,49.166666666666664,47.56092355009913
779,38,Female,West,Post-Graduate,Salaried,0.9846433175537621,0.1745781693016659,Car,833.0,10,452,42.84182274811423,2022-02-17,0,0,2022,2,17,Thursday,2.0,0,Medium,1.0,2,2,0.2072041216756,0.9799066377308888,0.9853066930182619,0.5934763800080057,0.6854392091033786,0.5038688771706259,0.9922919517731473,1.303612277524607,0.17730092327786892,75.33333333333333,43.509991876601596
780,56,Female,East,Graduate,Salaried,0.9567656838877693,0.29085980494865404,Education,365.0,9,341,28.50789705601204,2022-02-18,0,0,2022,2,18,Friday,0.0,0,Medium,1.0,1,2,-0.454777363861442,0.9417577865610055,0.9574102775885048,0.47031829467166375,0.6712929489448772,0.5110473922524876,0.9781439995664081,1.0096935876436814,0.3040031742848049,56.833333333333336,29.796111562207827
781,42,Female,North,Graduate,Self-Employed,0.3873536050173023,0.9219312255695106,Business,320.0,7,24,20.90968840235667,2022-02-19,1,0,2022,2,19,Saturday,0.0,0,Low,0.0,0,1,-1.3363357389401023,0.1625518858226701,0.3876145735051527,-2.045236011023217,0.327398051174452,0.7207967719142003,0.6223773815116536,-1.8130377623900749,2.380076533761264,4.0,53.98087982535409
782,54,Male,East,High School,Unemployed,0.9630466569681125,0.26933461809159026,Business,683.0,8,347,25.73508465849705,2022-02-20,0,0,2022,2,20,Sunday,1.0,1,Low,1.0,1,1,-0.8401375303264053,0.9503529173427244,0.9636954822960377,0.4980664395785185,0.6744976832075411,0.5094122426740894,0.9813494061587404,1.0740350669913843,0.27966933496193863,57.833333333333336,26.72257306776484
783,28,Male,East,High School,Unemployed,0.806143889530613,0.5917195529745953,Business,338.0,11,264,14.426590973067688,2022-02-21,1,0,2022,2,21,Monday,1.0,1,High,1.0,3,0,1.3772745941104718,0.7356409947013948,0.8066870060761044,-0.19510015601917077,0.5911941248723455,0.5536657437962396,0.8978551606637971,-0.24476193996735862,0.7340123278973574,44.0,17.895801432505735
784,39,Male,North,Graduate,Unemployed,0.7060212561077417,0.7081906423584307,Education,584.0,4,101,25.850459345886165,2022-02-22,0,0,2022,2,22,Tuesday,0.0,1,Low,0.0,0,1,-1.1398667629092798,0.598629242307027,0.706496917873142,-0.6374229147917495,0.534163908609535,0.5861591679587175,0.8402507102691087,-0.8252886368904226,1.0030726925456164,16.833333333333332,36.614279134311616
785,57,Male,East,Post-Graduate,Self-Employed,0.44488187726792333,0.8955892558972379,Education,635.0,11,288,10.736071810030356,2022-02-23,0,0,2022,2,23,Wednesday,2.0,1,Low,0.0,0,1,-1.4481073776913043,0.2412758378784231,0.4451816037950005,-1.791087041710331,0.3680275723876754,0.6920980986285641,0.6669946605992609,-1.7044698400273495,2.0130944901535806,48.0,24.132409879139043
786,26,Female,North,Post-Graduate,Unemployed,0.8197582508308977,0.5727097084864784,Business,487.0,5,215,60.18067205087826,2022-02-24,1,0,2022,2,24,Thursday,2.0,0,Medium,1.0,1,2,-0.41761798292367525,0.7542714225648309,0.8203105396655729,-0.13495449620782032,0.5987036630523302,0.5495235422306244,0.9054050203256538,-0.15183726398064099,0.6986324418278027,35.833333333333336,73.41270672162166
787,46,Female,North,High School,Unemployed,0.7860843108325948,0.6181192896705656,Home,542.0,10,103,35.31003259101463,2022-02-25,1,0,2022,2,25,Friday,1.0,0,Medium,1.0,1,2,-0.03034590006323796,0.7081906776676802,0.7866139128067696,-0.283719560904862,0.5800256878533259,0.5598839841630117,0.8866139581760456,-0.37519018019038647,0.7863269641088166,17.166666666666668,44.91888733107445
788,54,Female,West,Post-Graduate,Self-Employed,0.8848527135391642,0.4658708784012775,Home,372.0,3,234,87.85157691415269,2022-02-26,1,0,2022,2,26,Saturday,2.0,0,Medium,1.0,2,2,0.26940010371608814,0.8433492474474521,0.8854488579189547,0.15262046403450538,0.6338496817936998,0.5305454335062142,0.9406661009833214,0.3455962261315451,0.5264953944006385,39.0,99.28384189812887
789,26,Female,South,High School,Salaried,0.8218806551458044,0.5696597130718508,Education,778.0,4,310,25.497364062103827,2022-02-27,1,0,2022,2,27,Sunday,1.0,0,High,1.0,2,2,0.5914350275794937,0.7571758041670064,0.8224343738900958,-0.12557811746401154,0.5998692945770441,0.5488833734391732,0.9065763371861216,-0.1370209994937255,0.6931173151542194,51.666666666666664,31.023195280804494
790,57,Male,South,Post-Graduate,Salaried,0.866323570868194,0.49948320347953756,Education,400.0,6,327,37.66628562476751,2022-02-28,1,0,2022,2,28,Monday,2.0,1,High,1.0,2,0,0.7982853742138114,0.8179932393109847,0.8669072317644662,0.070762234544089,0.6239704908588507,0.5358127688087927,0.9307650460068825,0.19463766318550205,0.5765550197127569,54.5,43.47831098144992
791,53,Male,East,Graduate,Self-Employed,0.9334323728901764,0.35875340450038196,Education,813.0,8,472,38.62729269132266,2022-03-01,0,0,2022,3,1,Tuesday,0.0,1,Medium,1.0,2,2,0.461586834252954,0.9098275653947224,0.9340612464354553,0.3672361629006851,0.6592968549291756,0.5172148837588552,0.9661430395599693,0.7799017483203304,0.3843378641235441,78.66666666666667,41.38199382534955
792,42,Male,East,High School,Unemployed,0.9925217459262349,0.12206794773214809,Business,475.0,9,208,10.676119684996843,2022-03-02,1,0,2022,3,2,Wednesday,1.0,1,High,1.0,3,0,1.6143298655539897,0.9906877892100648,0.9931904292580486,0.6282817786813117,0.6894010455128826,0.5018765802905425,0.9962538561663061,1.3906627726350782,0.12298768085754394,34.666666666666664,10.756559973437904
793,41,Female,West,High School,Self-Employed,0.8794512219045938,0.4759890211869564,Home,537.0,10,280,77.13663624315672,2022-03-03,1,0,2022,3,3,Thursday,1.0,0,High,1.0,3,0,1.5740789940703246,0.8359576336924454,0.8800437271828353,0.12875770094477224,0.6309798309875765,0.532070206635436,0.937790606641266,0.30078518149688926,0.5412341348007058,46.666666666666664,87.70996539876863
794,26,Male,West,Graduate,Salaried,0.99259199545245,0.12149539317901482,Education,358.0,12,243,12.559556811545978,2022-03-04,0,0,2022,3,4,Friday,0.0,1,Low,0.0,0,1,-1.070925964695869,0.9907839214267532,0.9932607261128864,0.6285921277320276,0.6894363014833675,0.5018588864565492,0.9962891123827712,1.391447080011382,0.1224021488543578,40.5,12.653292459628384
795,26,Male,West,High School,Salaried,0.9598401499805601,0.2805474763481145,Education,398.0,5,55,85.2143867783393,2022-03-05,0,0,2022,3,5,Saturday,1.0,1,High,1.0,3,0,1.3983503976512242,0.9459650069731097,0.9604868150154895,0.48390070134061725,0.6728629137841763,0.5102456952981186,0.9797143205958357,1.041053807342253,0.29228562313609874,9.166666666666666,88.77976898555991
796,24,Female,North,Post-Graduate,Self-Employed,0.9969135776512948,0.07850680667621025,Car,794.0,5,73,81.36594808748966,2022-03-06,1,0,2022,3,6,Sunday,2.0,0,High,1.0,3,0,1.6227182589791618,0.9966977446047677,0.9975852198549748,0.6476840562511474,0.6916027774087559,0.50077279817796,0.9984555962341515,1.4399736603843165,0.07874986201027621,12.166666666666666,81.61785526001756
797,50,Female,West,Post-Graduate,Self-Employed,0.9860856944023787,0.16623779141632775,Business,813.0,7,239,52.841753286877086,2022-03-07,1,0,2022,3,7,Monday,2.0,0,High,1.0,3,0,0.9803423020939549,0.9818804429823683,0.9867500416273067,0.5998485266951108,0.6861657139379896,0.5035029469364886,0.9930184763650567,1.319415292618734,0.1685835139481228,39.833333333333336,53.587384531424576
798,31,Male,West,High School,Salaried,0.8588016958461012,0.5123081564955421,Car,596.0,10,439,53.48764599290337,2022-03-08,1,0,2022,3,8,Tuesday,1.0,1,High,1.0,3,0,1.2437479183622304,0.8077000094703787,0.8593802890927507,0.03753202078350475,0.6199320305620881,0.5379810026183636,0.9267155420333152,0.13554572400877185,0.5965383615024307,73.16666666666667,62.28171911119333
799,50,Male,East,Post-Graduate,Self-Employed,0.6146272327541603,0.7888177005854795,Home,510.0,3,449,62.302233836492505,2022-03-09,0,0,2022,3,9,Wednesday,2.0,1,Low,1.0,1,1,-0.6090723712154911,0.4735620634888408,0.6150413203925504,-1.041184333794209,0.47910411440049333,0.619337999331427,0.7839816533275255,-1.2208832912469934,1.2834083140943289,74.83333333333333,101.36588572119496
800,51,Male,West,High School,Salaried,0.9213383527138883,0.38876167483235646,Car,422.0,2,258,40.96400095479096,2022-03-10,1,0,2022,3,10,Thursday,1.0,1,Low,0.0,0,1,-1.213056264223744,0.893277632165863,0.9219590782566275,0.3138070811222088,0.6530220019122602,0.5204705348162655,0.9598637156981653,0.6663515389879751,0.4219532093581284,43.0,44.46140859558018
801,44,Male,North,Graduate,Self-Employed,0.7239492492578509,0.6898532340280751,Car,528.0,6,255,61.77778267182844,2022-03-11,0,0,2022,3,11,Friday,0.0,1,Low,0.0,0,1,-1.481837048954734,0.6231626137779532,0.7244369894993566,-0.5582204495917009,0.5446177340227318,0.580063479496565,0.8508520724884266,-0.7336675074023117,0.9529027549034287,42.5,85.33441085153316
802,29,Male,North,High School,Self-Employed,0.5528697409389048,0.8332676938140277,Car,687.0,4,437,13.58147109507895,2022-03-12,0,0,2022,3,12,Saturday,1.0,1,Low,0.0,0,1,-1.1648390744256036,0.3890506809191122,0.5532422212215258,-1.3140171910686034,0.44010466488503697,0.6439690166126713,0.7435521104394128,-1.429614669082669,1.507168202764977,72.83333333333333,24.565408611464914
803,23,Male,East,Graduate,Self-Employed,0.9878506116916003,0.1554064637668946,Business,439.0,1,84,14.323810187978124,2022-03-13,0,0,2022,3,13,Sunday,0.0,1,Medium,1.0,2,2,0.36211407289953834,0.9842956252679366,0.988516147979416,0.6076455957262134,0.6870539603865075,0.5030559108005759,0.9939067419489619,1.3388336511816326,0.15731777854626805,14.0,14.499976027195004
804,51,Female,West,Post-Graduate,Salaried,0.5392787954380233,0.8421272948853484,Home,840.0,1,166,46.57843356956355,2022-03-14,0,0,2022,3,14,Monday,2.0,0,Low,1.0,0,1,-0.9184785841508968,0.3704522961572232,0.5396421192071901,-1.3740594043300902,0.43131399208134885,0.6496548922545483,0.7343560413301052,-1.4700817614796267,1.5615805813416783,27.666666666666668,86.37171341352432
805,57,Female,West,Graduate,Self-Employed,0.998222295285675,0.05960074827213871,Car,690.0,10,232,53.9697840884828,2022-03-15,1,0,2022,3,15,Tuesday,0.0,0,High,1.0,3,0,1.4716712733378918,0.9984886453266705,0.9988948192006845,0.6534657219415457,0.6922579329392884,0.5004448215592727,0.9991107522620678,1.4547774218765737,0.05970688949106466,38.666666666666664,54.065897288977624
806,56,Female,North,Post-Graduate,Salaried,0.9432053812641861,0.33221018761362714,Business,569.0,5,199,81.02541122686551,2022-03-16,0,0,2022,3,16,Wednesday,2.0,0,High,1.0,2,0,0.7704228265090077,0.9232013347185125,0.9438408390962356,0.4104114558161427,0.6643388679816259,0.5146136428201082,0.9711876138337978,0.8744032731674763,0.35221405031464414,33.166666666666664,85.90431398755007
807,44,Male,West,High School,Salaried,0.6637257491791047,0.7479760222604974,Home,311.0,7,482,18.372850712631703,2022-03-17,0,0,2022,3,17,Thursday,1.0,1,Medium,1.0,1,2,-0.39876156771334165,0.5407504058782509,0.6641729155481976,-0.8242764230224456,0.5090595146204152,0.6010606017809172,0.8146936535772846,-1.0224787643009403,1.1269353692931054,80.33333333333333,27.681389090833413
808,51,Female,West,Post-Graduate,Self-Employed,0.8992225717786785,0.4374914472349593,Education,688.0,0,61,75.81183417551115,2022-03-18,1,0,2022,3,18,Friday,2.0,0,High,1.0,2,2,0.5641510861522677,0.8630135270588267,0.8998283974422542,0.2161037656854675,0.64144462969032,0.5265312317047023,0.9482734688784025,0.46811320715724614,0.4865218700744948,10.166666666666666,84.3081974972603
809,26,Male,West,High School,Self-Employed,0.9709398289192954,0.23932373183236408,Car,636.0,10,447,26.80378698336557,2022-03-19,0,0,2022,3,19,Saturday,1.0,1,High,1.0,3,0,1.6227182589791618,0.9611542445153135,0.9715939720476019,0.5329369725794615,0.6785104995053469,0.5073721608986508,0.9853627905088032,1.1564270314502734,0.24648667683016295,74.5,27.606022726660132
810,22,Male,South,High School,Salaried,0.9296473503403526,0.36845054485664913,Home,805.0,5,97,41.52669188080255,2022-03-20,1,0,2022,3,20,Sunday,1.0,1,Low,1.0,1,1,-0.7577098949665583,0.9046479915593711,0.9302736738342093,0.35051465289821193,0.6573372661905502,0.5182294059189724,0.964182218431948,0.7439646150120328,0.39633366859138136,16.166666666666668,44.669295153263484
811,40,Female,East,Graduate,Salaried,0.8296509771877816,0.5582824160327451,Car,405.0,11,322,35.32819478619303,2022-03-21,0,0,2022,3,21,Monday,0.0,0,High,1.0,3,0,1.2842531529920769,0.7678090186884762,0.8302099309658176,-0.09125031200525514,0.6041252258152076,0.546552327448279,0.9108517866194157,-0.08200431355383292,0.6729123828975911,53.666666666666664,42.58199623405845
812,48,Male,South,Graduate,Unemployed,0.7287259762434942,0.6848054114476362,Education,331.0,1,348,42.01242182923192,2022-03-22,1,0,2022,3,22,Tuesday,0.0,1,Low,0.0,0,1,-1.251163217761022,0.6296992749966839,0.7292169346691143,-0.5371177779383348,0.5473847072949182,0.578460677829919,0.8536544829399622,-0.7084046768994495,0.9397296566505506,58.0,57.65187903112983
813,31,Male,East,Graduate,Salaried,0.6820435960345177,0.7313115157771711,Home,373.0,1,75,22.03963984580685,2022-03-23,0,0,2022,3,23,Wednesday,0.0,1,Low,0.0,0,1,-1.1562606074406474,0.5658172685041243,0.6825031035325755,-0.7433516582728096,0.5200094803792588,0.5945149117166394,0.8258593076514411,-0.940234493461819,1.0722357339458988,12.5,32.31412181559644
814,24,Female,North,Graduate,Unemployed,0.7396005637023577,0.6730460654154028,Business,470.0,6,159,50.2856059522844,2022-03-24,0,0,2022,3,24,Thursday,0.0,0,Medium,1.0,1,2,-0.2354073190760594,0.6445804884982492,0.7400988485723645,-0.4890759180623299,0.5536555257826583,0.574844605632755,0.8600003277338665,-0.649518906336437,0.91001291568277,26.5,67.99022123585233
815,35,Female,West,Post-Graduate,Unemployed,0.9955930276728798,0.0937791194730921,Home,368.0,9,29,74.13140718650938,2022-03-25,1,0,2022,3,25,Friday,2.0,0,High,1.0,3,0,1.6227182589791618,0.9948906520375674,0.9962637801935246,0.6418501175144126,0.6909412631486115,0.5011041761185795,0.9977940807966741,1.4250872007610893,0.09419423084178623,4.833333333333333,74.45954835560238
816,26,Female,East,Post-Graduate,Unemployed,0.9802627933459717,0.19769890232763732,Business,661.0,0,42,45.32272083031175,2022-03-26,0,0,2022,3,26,Saturday,2.0,0,High,1.0,3,0,1.6227182589791618,0.9739121559878804,0.9809232175567237,0.5741240568996393,0.6832295598115116,0.5049834816672688,0.9900822154477736,1.2559835933525048,0.2016794921419219,7.0,46.235276027982074
817,50,Male,South,Post-Graduate,Self-Employed,0.9593806240007327,0.282114902640688,Home,732.0,5,337,49.24908607185593,2022-03-27,0,0,2022,3,27,Sunday,2.0,1,Medium,1.0,2,2,0.1603426035906248,0.9453361735354094,0.9600269794430868,0.4818706029285381,0.6726284151384333,0.510365361252866,0.9794797721243317,1.0363502262664557,0.2940594124824357,56.166666666666664,51.33425132819684
818,58,Female,West,High School,Self-Employed,0.9772948449446796,0.21188389755843784,Business,399.0,6,290,77.90140682250514,2022-03-28,1,0,2022,3,28,Monday,1.0,0,High,1.0,3,0,1.2502020337966597,0.9698506985773504,0.9779532695845066,0.5610122251401851,0.6817296706227935,0.5057414692384826,0.9885822398489058,1.224024058321265,0.21680652328666655,48.333333333333336,79.71126341806786
819,22,Female,North,Post-Graduate,Salaried,0.9336582767152398,0.35816507691444294,Education,308.0,7,55,66.48464917104246,2022-03-29,0,0,2022,3,29,Tuesday,2.0,0,Medium,1.0,1,2,-0.14237749235943875,0.9101367010804949,0.9342873024568036,0.3682341630501347,0.6594136889244393,0.5171544590074769,0.9662599426216736,0.7820582261698165,0.3836147398323564,9.166666666666666,71.20876109506163
820,35,Male,East,Post-Graduate,Unemployed,0.4616302813369675,0.8870724228340955,Education,328.0,6,82,49.23635268158278,2022-03-30,0,0,2022,3,30,Wednesday,2.0,1,Low,0.0,0,1,-1.0597283958650663,0.2641950132222921,0.4619412916255153,-1.7170957768025383,0.37955244380421627,0.6841675441242845,0.679433794668007,-1.6683484230584467,1.9216079592200237,13.666666666666666,106.65754538238936
821,31,Female,East,Post-Graduate,Self-Employed,0.9183423313803156,0.3957870164557782,Education,413.0,5,363,30.615651855134374,2022-03-31,1,0,2022,3,31,Thursday,2.0,0,Medium,1.0,1,2,-0.07580981844391925,0.889177758649852,0.9189610384387891,0.30057122848526996,0.6514614440492008,0.5212833932932421,0.9583017955635457,0.6387919434577596,0.43097982411514235,60.5,33.33795122905581
822,28,Female,East,Graduate,Self-Employed,0.801763232798079,0.5976417978464804,Home,761.0,8,322,80.79413974759733,2022-04-01,1,0,2022,4,1,Friday,0.0,0,Medium,1.0,2,2,0.03887162289162284,0.7296463316063112,0.802303398000538,-0.21445306459665797,0.5887657592095291,0.5550118804716827,0.8954123255786013,-0.27389565902616886,0.745409334574705,53.666666666666664,100.77057221198994
823,46,Female,West,Post-Graduate,Self-Employed,0.9691370524320869,0.24652256205720072,Education,442.0,12,352,56.161632135244666,2022-04-02,1,0,2022,4,2,Saturday,2.0,0,Medium,1.0,2,2,0.05003564932952269,0.958687254213085,0.9697899809909465,0.524972648809585,0.6775954023296824,0.5078366682323595,0.9844475874479489,1.1374569474145104,0.25437327098220297,58.666666666666664,57.95014440352361
824,25,Male,South,High School,Self-Employed,0.9585705910687274,0.28485508936677,Car,689.0,2,142,27.69180880885547,2022-04-03,1,0,2022,4,3,Sunday,1.0,1,High,1.0,3,0,1.4549559808745365,0.9442276925884249,0.9592164007744043,0.4782920314414308,0.6722149169098535,0.5105764400630222,0.979066183191273,1.0280729349612974,0.2971665227588299,23.666666666666668,28.888648438485244
825,26,Male,South,Graduate,Self-Employed,0.9186065100849196,0.39517348042297135,Education,456.0,10,64,31.52958021104083,2022-04-04,1,0,2022,4,4,Monday,0.0,1,Medium,1.0,1,2,-0.38231461439321074,0.8895392711872839,0.9192253951262906,0.3017383197755664,0.6515991465393494,0.5212116162139672,0.958439622555808,0.6412130529179187,0.4301879815618115,10.666666666666666,34.32327102507266
826,46,Male,East,High School,Unemployed,0.8317327378976418,0.555176235720958,Business,634.0,5,70,74.25064711489968,2022-04-05,0,0,2022,4,5,Tuesday,1.0,1,Low,1.0,1,1,-0.6516907765982299,0.7706577819817769,0.8322930942028196,-0.0820534889812276,0.6052623701825731,0.5459311717864163,0.9119938255808763,-0.06705655849897614,0.6674935474155659,11.666666666666666,89.27224303155592
827,24,Male,North,Post-Graduate,Unemployed,0.293528971160091,0.9559501781419879,Business,559.0,3,354,13.531644966996437,2022-04-06,1,0,2022,4,6,Wednesday,2.0,1,Low,0.0,0,1,-1.600565939033911,0.03415856392268979,0.29372672796615074,-2.459735405113951,0.2573741198883651,0.7730789354514094,0.5417831403431552,-1.9464392895351856,3.2567489824389826,59.0,46.099861671290576
828,39,Female,North,Graduate,Unemployed,0.9986873671984593,0.051220529069989564,Business,381.0,1,17,89.3673749623056,2022-04-07,0,0,2022,4,7,Thursday,0.0,0,High,1.0,3,0,1.5269854744344367,0.9991250680373164,0.9993602044424587,0.6555203212310148,0.6924906486892832,0.5003283737174415,0.99934346808215,1.4600503327582608,0.05128785118577655,2.8333333333333335,89.48483569287656
829,40,Male,South,High School,Unemployed,0.6448476617932497,0.7643111232212828,Home,740.0,0,281,20.42813437718334,2022-04-08,1,0,2022,4,8,Friday,1.0,1,Low,0.0,0,1,-1.4195739821284397,0.5149168880595002,0.6452821095872351,-0.9076762239205481,0.4976477731164454,0.6079590367108998,0.8030240729848949,-1.1024434854437573,1.1852584238203152,46.833333333333336,31.6790082178091
830,53,Male,North,Post-Graduate,Salaried,0.8035701694946351,0.5952100324241547,Car,471.0,11,255,73.68548203175499,2022-04-09,0,0,2022,4,9,Saturday,2.0,1,High,1.0,3,0,1.3077859368129778,0.7321190149027564,0.8041115520693638,-0.20647036181283848,0.589768128003882,0.5544558326112715,0.8964207547210379,-0.26192320753307496,0.7407069787053967,42.5,91.69763242716657
831,40,Female,South,High School,Unemployed,0.5455545960515595,0.8380752846415528,Education,530.0,11,185,41.58202534173463,2022-04-10,0,0,2022,4,10,Sunday,1.0,0,Low,1.0,1,1,-0.7865116296726474,0.3790403487317755,0.5459221479631134,-1.3463341103981799,0.43538280778398875,0.6470169365447898,0.7386166773445882,-1.4516257285527498,1.5361895779214507,30.833333333333332,76.21973243866645
832,32,Female,East,High School,Self-Employed,0.9703624907541305,0.2416539603181374,Car,374.0,0,125,49.37729466299735,2022-04-11,1,0,2022,4,11,Monday,1.0,0,Medium,1.0,2,2,0.09720184415003398,0.9603641922461198,0.9710162449172486,0.530386402331455,0.6782175312819186,0.5075208265953455,0.9850697897885867,1.1503420264234279,0.24903472941367788,20.833333333333332,50.88541151732185
833,21,Female,South,High School,Unemployed,0.9425250894062202,0.3341353854948569,Car,569.0,10,326,80.45204619716623,2022-04-12,0,0,2022,4,12,Tuesday,1.0,0,Low,1.0,1,1,-0.637549862790184,0.9222703965638411,0.9431600889109554,0.40740605572728256,0.6639887192154924,0.5147938657027459,0.9708373135629986,0.8677444645698051,0.3545108658119205,54.333333333333336,85.35798898239418
834,46,Male,South,Post-Graduate,Salaried,0.5271349561091248,0.8497815825539119,Business,361.0,9,280,43.032895167137056,2022-04-13,0,0,2022,4,13,Wednesday,2.0,1,Low,1.0,1,1,-0.8761424939084252,0.3538341884390541,0.5274900983115131,-1.4277085776529954,0.423393402232417,0.6548209744002107,0.7260406022455802,-1.504699046013264,1.6120759450792228,46.666666666666664,81.63544205979125
835,34,Male,East,Post-Graduate,Self-Employed,0.956761808117223,0.2908725537555273,Business,619.0,2,202,52.99950029385876,2022-04-14,1,0,2022,4,14,Thursday,2.0,1,Medium,1.0,2,2,0.30709057254148664,0.9417524828040399,0.9574063992067682,0.4703011722542663,0.671290968240485,0.5110484044873045,0.9781420183783247,1.0096542156480282,0.3040177307327148,33.666666666666664,55.3946654686756
836,58,Male,North,High School,Unemployed,0.986412607168789,0.16428684797777446,Business,401.0,3,159,13.943972992733595,2022-04-15,1,0,2022,4,15,Friday,1.0,1,Medium,1.0,1,2,-0.18898744249764107,0.9823278032791835,0.9870771746419067,0.6012927651432332,0.686330301933921,0.5034200832148807,0.9931830683055309,1.3230053455039057,0.16654982588808567,26.5,14.136044989079895
837,57,Female,South,Graduate,Unemployed,0.917514286787043,0.3977028206357904,Home,728.0,1,140,10.187797909396252,2022-04-16,1,0,2022,4,16,Saturday,0.0,0,Low,1.0,1,1,-0.7254896313837662,0.8880446298366517,0.918132435973994,0.2969130849031279,0.6510297049679155,0.5215085002968005,0.957869660646501,0.6312144381657676,0.4334568151831929,23.333333333333332,11.103694030827512
838,31,Female,South,Graduate,Unemployed,0.8636939371612669,0.5040166494381607,Car,554.0,12,111,29.583989840138077,2022-04-17,1,0,2022,4,17,Sunday,0.0,0,Medium,1.0,2,2,0.42046106535440103,0.8143947450442618,0.8642758264165288,0.05914501278268378,0.6225605059797333,0.536568789574524,0.9293513529130233,0.17383776310470775,0.5835593232189749,18.5,34.25286269505702
839,56,Male,East,Post-Graduate,Self-Employed,0.7440685583245462,0.6681032708442846,Car,831.0,11,319,64.44664743350138,2022-04-18,0,0,2022,4,18,Monday,2.0,1,Medium,1.0,1,2,-0.04754755722368755,0.650694668199148,0.7445698533790076,-0.46933716729335534,0.5562206356800417,0.5733719556074437,0.8625940866505788,-0.6247627025119592,0.897905526808825,53.166666666666664,86.61385662984993
840,33,Female,North,Post-Graduate,Self-Employed,0.775582610704819,0.6312460803619276,Home,411.0,10,279,19.701191468730936,2022-04-19,0,0,2022,4,19,Tuesday,2.0,0,Low,1.0,1,1,-0.6986501266625057,0.6938197378667897,0.7761051374568539,-0.33011407544685567,0.5741286004542399,0.5631954232774611,0.8806716815617606,-0.4404945223910958,0.8138992180191817,46.5,25.40179627135692
841,23,Female,South,Post-Graduate,Salaried,0.9688895973950593,0.247493329323519,Home,612.0,10,301,19.100956704363952,2022-04-20,0,0,2022,4,20,Wednesday,2.0,0,Low,0.0,0,1,-1.600565939033911,0.9583486270006069,0.969542359238117,0.5238794395030745,0.6774697276914146,0.507900494432522,0.984321897244524,1.134860104474471,0.2554401760416517,50.166666666666664,19.714275760332725
842,53,Female,East,Post-Graduate,Self-Employed,0.6851941047071455,0.7283605143571233,Home,760.0,10,219,42.87684864287226,2022-04-21,0,0,2022,4,21,Thursday,2.0,0,Medium,1.0,1,2,-0.20298300593644042,0.5701285485755071,0.6856557347709251,-0.7294333099436362,0.5218807528417095,0.5934034525795953,0.8277645224984853,-0.9256114601084461,1.062998804796237,36.5,62.57620774655962
843,26,Male,South,Post-Graduate,Self-Employed,0.3012479009770514,0.9535458573959202,Car,761.0,0,370,61.82696308865812,2022-04-22,0,0,2022,4,22,Friday,2.0,1,Low,0.0,0,1,-1.600565939033911,0.044721451300652915,0.3014508581928041,-2.4256346407344367,0.26332372786374353,0.7684930744165986,0.5488605478416638,-1.9372218503739747,3.1653195069683155,61.666666666666664,205.23616227078045
844,30,Female,West,Graduate,Unemployed,0.5295724673577684,0.8482647003244949,Car,391.0,3,347,66.96575937983444,2022-04-23,0,0,2022,4,23,Saturday,0.0,0,Low,1.0,1,1,-0.6776302271099252,0.3571697747719378,0.5299292517641182,-1.416940116385246,0.42498826325614325,0.6537774583033855,0.7277172990645258,-1.4978648662135954,1.6017915443315984,57.833333333333336,126.45249424304706
845,25,Female,East,Post-Graduate,Self-Employed,0.921094497090203,0.389339090549801,Business,351.0,6,76,24.27605392786998,2022-04-24,1,0,2022,4,24,Sunday,2.0,0,Medium,1.0,2,2,0.06154628049408743,0.8929439305322749,0.9217150583421428,0.31272977333951046,0.6528950741904004,0.5205366011482808,0.9597366811215475,0.6640999924089683,0.42269179957078057,12.666666666666666,26.355660580493755
846,43,Male,North,High School,Unemployed,0.8894493287614809,0.4570337969622718,Business,819.0,9,19,16.367051789763394,2022-04-25,0,0,2022,4,25,Monday,1.0,1,Medium,1.0,1,2,-0.10346831659189597,0.8496394366400625,0.8900485699802015,0.1729274361610166,0.6362854261741896,0.529254732994344,0.9431062128739693,0.3842605276745857,0.513839048705193,3.1666666666666665,18.40133131873155
847,30,Male,North,High School,Unemployed,0.8516692265494795,0.5240796967528996,Car,397.0,10,58,85.23176271564354,2022-04-26,0,0,2022,4,26,Tuesday,1.0,1,High,1.0,3,0,1.6227182589791618,0.7979396577514842,0.8522430144975519,0.0060221274827782795,0.6160875168974945,0.5400532587904293,0.922859266925071,0.08065196302562797,0.6153559156718598,9.666666666666666,100.07613291483865
848,22,Female,North,Graduate,Self-Employed,0.7080810742210001,0.7061311438607099,Business,535.0,5,496,30.853310604968136,2022-04-27,0,0,2022,4,27,Wednesday,0.0,0,Medium,1.0,2,2,0.27024425393748164,0.6014479784874791,0.708558123730341,-0.6283230299877002,0.5353705615823454,0.5854523038117891,0.8414755339408271,-0.8150141955566513,0.9972461764178128,82.66666666666667,43.573132693754886
849,33,Female,North,High School,Salaried,0.41737189023332544,0.9087357730622587,Home,673.0,5,120,78.2677198086979,2022-04-28,1,0,2022,4,28,Thursday,1.0,0,Low,0.0,0,1,-1.401326920389178,0.20363008882948153,0.4176530826881126,-1.9126209341275233,0.3488043752750588,0.7055311361052755,0.6460432572462353,-1.7592542880391955,2.177280728115743,20.0,187.5251343949961
850,22,Male,South,Graduate,Salaried,0.8254001409162898,0.5645481444264686,Education,533.0,10,330,79.07931603702546,2022-04-29,1,0,2022,4,29,Friday,0.0,1,High,1.0,2,2,0.5901492358515433,0.7619920070220051,0.8259562308141412,-0.11002969846780988,0.6017992182981222,0.5478250919264384,0.9085153498517732,-0.1122528575686332,0.6839690429417116,55.0,95.80724804485527
851,40,Male,South,Graduate,Self-Employed,0.8198872897198288,0.5725249620373537,Business,331.0,8,228,71.80180734100355,2022-04-30,1,0,2022,4,30,Saturday,0.0,1,High,1.0,3,0,1.0837786562087481,0.7544480044594043,0.8204396654907898,-0.13438442692987898,0.5987745704456725,0.5494845783300952,0.9054762778338419,-0.15093902513071827,0.6982971552504448,38.0,87.57521703445312
852,21,Female,North,High School,Salaried,0.8878905474708683,0.46005475294999587,Car,588.0,1,66,23.506688532205608,2022-05-01,1,0,2022,5,1,Sunday,1.0,0,Medium,1.0,1,2,-0.04309480456580712,0.8475063389684866,0.8884887385049747,0.16604103678042118,0.6354600933049372,0.5296917246286656,0.942279442347581,0.3710938715631503,0.5181435417467267,11.0,26.4747593035693
853,57,Female,North,Post-Graduate,Unemployed,0.8995003862962838,0.4369199641271115,Business,841.0,3,292,75.74411674033603,2022-05-02,0,0,2022,5,2,Monday,2.0,0,High,1.0,2,0,0.7967843521313996,0.8633936993794741,0.9001063991294989,0.21733109740511236,0.6415908970128739,0.5264542230232641,0.9484199419541345,0.47052987625628423,0.48573627180544166,48.666666666666664,84.20687516568435
854,29,Female,North,High School,Unemployed,0.7248773433840615,0.6888779551186591,Business,413.0,4,468,71.54004473932693,2022-05-03,0,0,2022,5,3,Tuesday,1.0,0,Low,0.0,0,1,-1.600565939033911,0.6244326543099674,0.7253657089026204,-0.55412030619483,0.5451559426706205,0.5797513683135787,0.8513972888047397,-0.7287875368354704,0.9503372693408506,78.0,98.6926207478703
855,37,Female,South,High School,Self-Employed,0.9146227572531428,0.40430831294280695,Business,503.0,0,122,57.73783920849737,2022-05-04,0,0,2022,5,4,Wednesday,1.0,0,Medium,1.0,2,2,0.4433509533113269,0.884087747012101,0.9152389583542098,0.2841388571707699,0.6495206096253291,0.522296100478129,0.9563591152141243,0.6048871632126808,0.44204925991241806,20.333333333333332,63.12749026921173
856,29,Male,North,Graduate,Salaried,0.8824631913285055,0.47038145791507313,Education,328.0,7,142,36.97616281351622,2022-05-05,1,0,2022,5,5,Thursday,0.0,1,High,1.0,3,0,1.3935566306654958,0.8400793312029916,0.8830577258355855,0.14206400921271817,0.6325811274216004,0.5312188863009177,0.9393951199194647,0.3256899751448705,0.5330323831489636,23.666666666666668,41.90108230786419
857,31,Female,North,High School,Salaried,0.31980042034233197,0.9474849292463009,Home,773.0,7,80,31.000688341323528,2022-05-06,0,0,2022,5,6,Friday,1.0,0,Low,0.0,0,1,-1.477848299398679,0.07010944902571947,0.32001587679098675,-2.343673137453021,0.27748052845655,0.7576903178592854,0.5655089922736259,-1.9138703586631909,2.9627382235209727,13.333333333333334,96.93760973840712
858,35,Female,West,Graduate,Unemployed,0.7600413995643519,0.6498746578750869,Car,552.0,5,92,19.75113696642872,2022-05-07,0,0,2022,5,7,Saturday,0.0,0,Low,1.0,1,1,-0.779515245552952,0.6725525328413987,0.7605534558668592,-0.3987721915122313,0.5653373312531565,0.5681684534508799,0.8718035326633816,-0.533515147448659,0.8550516567223687,15.333333333333334,25.986922525207014
859,44,Male,West,Post-Graduate,Self-Employed,0.3666787430110217,0.9303476228936457,Education,685.0,11,66,50.78056535206972,2022-05-08,0,0,2022,5,8,Sunday,2.0,1,Low,0.0,0,1,-1.3185722466985264,0.13425959089242945,0.3669257823979049,-2.136573620584847,0.3123835213526402,0.7317008515086968,0.6055400424505565,-1.8467156203867114,2.5372281339627074,11.0,138.4878897944279
860,58,Female,North,Post-Graduate,Salaried,0.939066523631554,0.34373545670260447,Car,361.0,4,385,56.820870040787725,2022-05-09,1,0,2022,5,9,Monday,2.0,0,Medium,1.0,2,2,0.40543407333383275,0.9175375590289271,0.9396991930258458,0.3921267696902723,0.6622066838883778,0.5157120644459189,0.9690544482285575,0.8340787969104629,0.3660395169591524,64.16666666666667,60.50782198161032
861,55,Male,East,Post-Graduate,Self-Employed,0.9830043017939202,0.18358252273745337,Car,814.0,7,358,38.74711924126298,2022-05-10,1,0,2022,5,10,Tuesday,2.0,1,High,1.0,3,0,1.3923099717292657,0.9776637440535972,0.9836665730181111,0.5862355199968325,0.6846130188716246,0.504285340730402,0.9914657340493015,1.2857273212904043,0.18675658123003833,59.666666666666664,39.41703934616762
862,50,Female,North,High School,Salaried,0.8811432483958802,0.4728494219160642,Car,729.0,2,280,48.02872541446949,2022-05-11,1,0,2022,5,11,Wednesday,1.0,0,High,1.0,3,0,1.5896594355737934,0.8382730693411434,0.881736893628905,0.13623275228886852,0.6318797028662535,0.5315916269814841,0.9386923076258163,0.3147503066673292,0.5366317256324505,46.666666666666664,54.50728414693718
863,51,Female,West,Graduate,Unemployed,0.775489874073251,0.6313600044426739,Education,836.0,2,492,39.08115658954134,2022-05-12,0,0,2022,5,12,Thursday,0.0,0,Medium,1.0,2,2,0.09438148794676884,0.6936928334100457,0.7760123383466148,-0.330523768253688,0.5740763702437969,0.5632248398611499,0.8806190289070813,-0.44106230183013206,0.8141434537713088,82.0,50.39544408783579
864,25,Male,East,Post-Graduate,Unemployed,0.9989749111981339,0.045267281746096746,Home,440.0,1,120,61.2804845856561,2022-05-13,0,0,2022,5,13,Friday,2.0,1,High,1.0,3,0,1.0597762788872043,0.999518554564179,0.9996479421667348,0.656790635952636,0.6926345047632314,0.5002564036187057,0.9994873241808191,1.4633136599674705,0.04531373234569508,20.0,61.34336698422039
865,34,Male,East,Graduate,Self-Employed,0.8665561852495443,0.4990795305417338,Car,599.0,4,366,82.10073662372507,2022-05-14,0,0,2022,5,14,Saturday,0.0,1,Medium,1.0,1,2,-0.1593191959748897,0.818311557986107,0.867140002863148,0.07178988065537792,0.6240951208479469,0.5357459946303774,0.9308899963204805,0.196484962726054,0.5759344160679122,61.0,94.74369697111138
866,31,Female,North,Graduate,Unemployed,0.7649013475826489,0.6441474431108514,Home,610.0,2,384,23.11362096375559,2022-05-15,0,0,2022,5,15,Sunday,0.0,0,Medium,1.0,2,2,0.28998115696152044,0.6792030769967855,0.7654166781370773,-0.37730186515889536,0.5680947951022691,0.566603907560998,0.8745863865751907,-0.5048830867332599,0.842131400534956,64.0,30.217780419399933
867,29,Female,West,Post-Graduate,Salaried,0.8996462828027181,0.4366194748740047,Home,770.0,2,85,40.51270479224988,2022-05-16,1,0,2022,5,16,Monday,2.0,0,Low,1.0,0,1,-0.9253631602942486,0.8635933499013532,0.9002523939295598,0.21797564043214926,0.64166770189524,0.526413790321328,0.9484968543979037,0.47179974693684723,0.4853234912656781,14.166666666666666,45.03181479952143
868,54,Female,West,Post-Graduate,Unemployed,0.7371685471061848,0.67570891155686,Business,692.0,5,167,21.269488316068905,2022-05-17,0,0,2022,5,17,Tuesday,2.0,0,Medium,1.0,2,2,0.026438575922224105,0.6412524212640754,0.7376651934740961,-0.4998201050001272,0.5522565160035621,0.5756493816710088,0.8585852008427497,-0.6628556618268094,0.916627431012094,27.833333333333332,28.85295147163293
869,32,Male,East,Graduate,Self-Employed,0.9738972388595047,0.22698935689109517,Education,744.0,7,29,59.99550163262656,2022-05-18,1,0,2022,5,18,Wednesday,0.0,1,Low,0.0,0,1,-1.5501768792952981,0.9652012806809048,0.9745533744587475,0.5460022474214635,0.6800098823409136,0.5066119858284966,0.9868623201133503,1.1877433974140832,0.23307321125267186,4.833333333333333,61.60352369710493
870,55,Female,North,Post-Graduate,Self-Employed,0.4412944967028173,0.8973623388463587,Education,471.0,1,430,68.30964075908767,2022-05-19,0,0,2022,5,19,Thursday,2.0,0,Low,0.0,0,1,-1.4142519224544883,0.23636672511413181,0.4415918063341452,-1.8069354070007546,0.3655416658125404,0.6938207301059248,0.6643000050450227,-1.7119280107594383,2.033477293623884,71.66666666666667,154.79377438302774
871,55,Male,South,Graduate,Self-Employed,0.7991454635108958,0.6011376948336842,Business,330.0,3,140,84.55301860779647,2022-05-20,1,0,2022,5,20,Friday,0.0,1,High,1.0,3,0,1.0331156669280934,0.7260640730785485,0.7996838650656602,-0.2260178716073426,0.5873118096822759,0.5558194266563505,0.8939493629456289,-0.2911299505822363,0.7522256238466254,23.333333333333332,105.80429029319473
872,21,Male,South,Graduate,Salaried,0.9504476713999531,0.31088458297317817,Business,346.0,10,338,32.30975410087719,2022-05-21,0,0,2022,5,21,Saturday,0.0,1,High,1.0,3,0,1.0012252368755146,0.9331119695962325,0.9510880085192503,0.44240651670466447,0.6680589213042291,0.5127028090337026,0.9749090580151326,0.9460491369310728,0.3270927925103584,56.333333333333336,33.994248261229195
873,42,Female,West,Post-Graduate,Salaried,0.781684196382675,0.6236744480300374,Home,429.0,6,131,86.01689646923441,2022-05-22,0,0,2022,5,22,Sunday,2.0,0,High,1.0,2,0,0.6994443279267366,0.7021693878662717,0.7822108339047329,-0.30315842997838593,0.5775590947030647,0.5612666947544824,0.8841290609309678,-0.4027964569719514,0.7978598658079002,21.833333333333332,110.0404701377955
874,49,Male,South,High School,Salaried,0.7076837613315954,0.7065293298565641,Car,651.0,0,50,15.061013745653984,2022-05-23,1,0,2022,5,23,Monday,1.0,1,Medium,1.0,2,2,0.027797042834797798,0.6009042798914155,0.7081605431626635,-0.6300782827944772,0.5351379267785314,0.5855885162368898,0.841239419744222,-0.8170010358218027,0.9983687184331331,8.333333333333334,21.282124260297856
875,28,Female,West,Post-Graduate,Salaried,0.5620349320521805,0.827113495932149,Education,357.0,0,176,58.24110906916705,2022-05-24,1,0,2022,5,24,Tuesday,2.0,0,Low,0.0,0,1,-1.5076367394959997,0.4015926891796773,0.5624135871219589,-1.2735271192505768,0.4459894148372009,0.6401905485469608,0.749689890589556,-1.4012637472133271,1.4716407268709735,29.333333333333332,103.6254256590582
876,31,Female,West,High School,Salaried,0.371165503128008,0.9285667285056753,Car,405.0,11,419,14.570617547466398,2022-05-25,0,0,2022,5,25,Wednesday,1.0,0,Low,0.0,0,1,-1.3261276706999394,0.14039945003501797,0.3714155653420649,-2.116751967427622,0.3156611103827186,0.7293065627152399,0.6092335374287992,-1.8396294634484835,2.5017592440034226,69.83333333333333,39.256389466887676
877,57,Female,West,Graduate,Unemployed,0.7223467657941601,0.6915310187885404,Car,629.0,12,139,81.50193502095559,2022-05-26,0,0,2022,5,26,Thursday,0.0,0,Medium,1.0,1,2,-0.18697210372404924,0.6209697123326232,0.7228334264079539,-0.5652999168641349,0.5436877595967486,0.5806031746103743,0.8499098574520477,-0.742061298756026,0.9573393992125924,23.166666666666668,112.82937625027087
878,34,Female,South,Graduate,Salaried,0.7628805395340558,0.6465394670089584,Business,682.0,9,32,52.38472456560433,2022-05-27,0,0,2022,5,27,Friday,0.0,0,Medium,1.0,1,2,-0.49598139834343546,0.6764377237242541,0.7633945086264663,-0.3862294109139931,0.5669491413547952,0.5672534114332606,0.8734303289524905,-0.5168385170066234,0.8474976533073514,5.333333333333333,68.6670085956044
879,50,Female,West,High School,Salaried,0.988601369630925,0.15055674001471778,Car,461.0,6,288,63.547868061023685,2022-05-28,1,0,2022,5,28,Saturday,1.0,0,Low,0.0,0,1,-1.0762256627745517,0.9853229919818786,0.9892674117205756,0.6109623015652419,0.6874315623048869,0.5028659917827549,0.9942843504908065,1.3471210780292162,0.15229266784338483,48.0,64.28057861658439
880,55,Male,East,Graduate,Unemployed,0.8158955695699298,0.5781992905185547,Home,585.0,6,260,76.5259140728362,2022-05-29,0,0,2022,5,29,Sunday,0.0,1,High,1.0,3,0,0.9561917792037559,0.7489855774925097,0.8164452560328324,-0.15201908763136326,0.5965787727821522,0.5506924609309094,0.9032693781867787,-0.17857219395273094,0.7086682561878989,43.333333333333336,93.79376102406599
881,41,Male,North,High School,Salaried,0.49574066131820693,0.8684706078594641,Business,370.0,0,478,22.0248497987175,2022-05-30,1,0,2022,5,30,Monday,1.0,1,Low,1.0,0,1,-0.9460951543077446,0.31087299977033456,0.4960746525062956,-1.5664026032384857,0.40262150979079797,0.6685650967853564,0.7040885323013057,-1.5877947334218756,1.7518647866207782,79.66666666666667,44.42816883358323
882,57,Female,North,High School,Self-Employed,0.9327169988920612,0.36060920672909424,Car,753.0,0,409,13.087324955050708,2022-05-31,0,0,2022,5,31,Tuesday,1.0,0,High,1.0,3,0,0.8472768342481305,0.9088486194586404,0.9333453904744303,0.36407577658659285,0.6589267843822376,0.5174063251750021,0.9657727470228497,0.7730814430122915,0.38662231647696793,68.16666666666667,14.031399632039129
883,25,Female,West,Graduate,Salaried,0.9829033798927431,0.18412209480511024,Business,696.0,3,18,80.31049167302817,2022-06-01,0,0,2022,6,1,Wednesday,0.0,0,High,1.0,3,0,1.2747969933928243,0.9775256385517489,0.98356558312367,0.5857896662250818,0.6845621241411877,0.5043110068500114,0.9914148374382659,1.284628574887114,0.18732471428188813,3.0,81.7074122603911
884,39,Male,North,High School,Salaried,0.7956782448966203,0.605719514790661,Home,814.0,4,22,35.1946581967146,2022-06-02,0,0,2022,6,2,Thursday,1.0,1,High,1.0,3,0,0.8490182434796807,0.7213193946573383,0.7962143105113365,-0.24133538424463633,0.5853828028821301,0.556892640896015,0.8920079847717846,-0.3137564435463328,0.7612618777447661,3.6666666666666665,44.23227406611741
885,34,Male,South,Post-Graduate,Self-Employed,0.9527530767617046,0.30374590486310343,Home,325.0,4,421,20.31831263417322,2022-06-03,0,0,2022,6,3,Friday,2.0,1,Medium,1.0,2,2,0.1073372372055735,0.9362667770338163,0.9533949670823748,0.45259135928058974,0.6692402111115373,0.5120975160148374,0.9760907113387078,0.9691484432151682,0.31880863181833,70.16666666666667,21.325895585908544
886,46,Male,South,Post-Graduate,Self-Employed,0.9946373002247162,0.10342456672226281,Car,612.0,3,420,47.47689896696692,2022-06-04,1,0,2022,6,4,Saturday,2.0,1,Medium,1.0,2,2,0.34818000384772796,0.9935827969801477,0.995307408851142,0.6376278953549038,0.6904622294147653,0.5013442794273123,0.9973150456223531,1.414345323241306,0.10398219199993439,70.0,47.73287605063732
887,24,Male,North,Graduate,Self-Employed,0.42156390598695165,0.9067986949533091,Business,425.0,7,316,57.8644860556815,2022-06-05,1,0,2022,6,5,Sunday,0.0,1,Low,0.0,0,1,-1.1578650519011768,0.20936660818413444,0.4218479226932704,-1.8941014055297218,0.3517576078250572,0.7034506122366185,0.6492795283904704,-1.751257080353603,2.1510349488539386,52.666666666666664,137.26148096149518
888,45,Female,South,Graduate,Self-Employed,0.4444052252055924,0.8958258735993098,Car,707.0,6,329,12.47764827380081,2022-06-06,0,0,2022,6,6,Monday,0.0,0,Low,0.0,0,1,-1.0324220928425716,0.24062356843534405,0.4447046306018828,-1.7931927998988357,0.3676976279759574,0.6923264902047574,0.6666372515885925,-1.7054663720557182,2.0157860951902165,54.833333333333336,28.077186239266997
889,45,Female,North,High School,Salaried,0.7862998948465416,0.6178450253617954,Car,497.0,8,61,31.99165266056702,2022-06-07,0,0,2022,6,7,Tuesday,1.0,0,Low,0.0,0,1,-1.2904189982552297,0.7084856913177339,0.7868296420643218,-0.28276715171888417,0.5801463826060715,0.5598164131817902,0.8867355270014513,-0.37382847437007005,0.785762568978058,10.166666666666666,40.686324480318895
890,38,Male,North,High School,Self-Employed,0.6800015001380537,0.7332107199229949,Business,487.0,6,218,12.62398994215168,2022-06-08,0,0,2022,6,8,Wednesday,1.0,1,Low,1.0,1,1,-0.8146536973183098,0.5630227841026787,0.680459631832011,-0.7523732496924753,0.5187946863540865,0.5952375637270713,0.8246220347153317,-0.9496369271170336,1.078248680001645,36.333333333333336,18.564650136196406
891,28,Female,North,High School,Self-Employed,0.9364713938794915,0.35074396423231896,Car,783.0,9,47,43.62683113563992,2022-06-09,1,0,2022,6,9,Thursday,1.0,0,Medium,1.0,2,2,0.485770899536056,0.9139862813321141,0.9371023148788326,0.38066197984143835,0.660867447789971,0.5164031873440785,0.9677145208580326,0.8090224223087576,0.3745378305463263,7.833333333333333,46.58640020482459
892,59,Male,West,High School,Unemployed,0.8390897494323245,0.5439930076734434,Home,749.0,0,109,81.60800232529954,2022-06-10,0,0,2022,6,10,Friday,1.0,1,High,1.0,2,2,0.6079099328937104,0.7807254061371979,0.8396550623150337,-0.049551610763558004,0.6092707478203121,0.5437472533946056,0.9160184219939709,-0.013516631313532146,0.6483132561701236,18.166666666666668,97.25777532202055
893,34,Female,North,Post-Graduate,Self-Employed,0.9662993590487682,0.2574209562213996,Business,822.0,12,202,88.61219291948554,2022-06-11,1,0,2022,6,11,Saturday,2.0,0,High,1.0,3,0,1.0053425656043646,0.9548040428959764,0.9669503757923209,0.5124362589549659,0.6761532782151413,0.5085695600713451,0.9830052690849466,1.1077794718805676,0.26639876536274076,33.666666666666664,91.70263033881757
894,52,Male,West,Post-Graduate,Self-Employed,0.9176757116452872,0.3973302005339083,Business,653.0,6,411,60.963804280290205,2022-06-12,1,0,2022,6,12,Sunday,2.0,1,High,1.0,3,0,1.5254117771674016,0.8882655299663419,0.9182939695876507,0.29762622923615234,0.6511138858603382,0.5214646010936025,0.9579539193746676,0.6326903133198084,0.4329745197478757,68.5,66.43284060661158
895,58,Female,North,Graduate,Unemployed,0.3963298342314942,0.9181081975987558,Business,399.0,0,200,22.931015502767345,2022-06-13,1,0,2022,6,13,Monday,0.0,0,Low,0.0,0,1,-1.2047908595725496,0.17483531118300433,0.3965968501987905,-2.0055807369491996,0.3338472473720638,0.716163169678585,0.6295473248545292,-1.7975797819306523,2.316525576175761,33.333333333333336,57.85841368019107
896,53,Male,North,High School,Unemployed,0.6920681103498254,0.7218322039344197,Business,577.0,6,60,82.46795119994447,2022-06-14,1,0,2022,6,14,Tuesday,1.0,1,Low,0.0,0,1,-1.1445766739127503,0.5795352084572397,0.6925343715796374,-0.6990652599259476,0.5259515147177156,0.5909927584376351,0.8319063110409882,-0.8932075225939617,1.0430074629064316,10.0,119.16161135969509
897,43,Male,North,High School,Salaried,0.9906509895944272,0.1364207345515419,Car,790.0,9,402,51.29982585600484,2022-06-15,0,0,2022,6,15,Wednesday,1.0,1,High,1.0,3,0,1.2155806939218907,0.9881277726128058,0.9913184125573048,0.6200171328825785,0.6884617156903627,0.5023482294119969,0.995314517926081,1.3698294675810072,0.13770816966265043,67.0,51.783954586273616
898,35,Female,South,Graduate,Unemployed,0.4362144000261813,0.8998427624923139,Car,554.0,7,150,22.299944968233447,2022-06-16,0,0,2022,6,16,Thursday,0.0,0,Low,0.0,0,1,-1.339849304596697,0.2294149208696411,0.4365082870866833,-1.8293783082711457,0.36201076312075536,0.6962748737108964,0.6604652905536984,-1.7223253999507762,2.0628451569647996,25.0,51.12152411038017
899,53,Male,West,High School,Salaried,0.8630306633951588,0.5051515357194435,Home,680.0,10,177,83.73813355613291,2022-06-17,1,0,2022,6,17,Friday,1.0,1,High,1.0,3,0,1.1416616455617852,0.8134870951163194,0.8636121057885623,0.05621479538810826,0.622204550633308,0.5367598181006936,0.9289944366868721,0.16861548811677035,0.5853228131341007,29.5,97.02799345124942
900,45,Female,West,High School,Unemployed,0.9848300888939701,0.1735214569126681,Education,841.0,8,320,70.59752405784823,2022-06-18,0,0,2022,6,18,Saturday,1.0,0,High,1.0,3,0,1.2720073843830535,0.9801622229841337,0.9854935901903547,0.5943015002793784,0.6855333129409518,0.503821463406594,0.9923860583935922,1.30565521774505,0.17619430891631702,53.333333333333336,71.6849788140957
901,37,Female,North,High School,Unemployed,0.7210355017960415,0.6928981203248648,Education,563.0,11,118,68.53642181785213,2022-06-19,0,0,2022,6,19,Sunday,1.0,0,Medium,1.0,1,2,-0.025747797036110954,0.6191753270663559,0.7215212789829655,-0.5710928319054058,0.5429261456023661,0.5810455385472398,0.8491380934783467,-0.7488994840046403,0.9609764270953528,19.666666666666668,95.05277014395742
902,53,Male,North,High School,Salaried,0.8235224172890268,0.5672837281488322,Home,628.0,2,216,66.73445630355238,2022-06-20,0,0,2022,6,20,Monday,1.0,1,Medium,1.0,2,2,0.48981555308028263,0.759422456103413,0.8240772421239246,-0.11832512445321654,0.6007700247413628,0.5483892002197969,0.9074813591964447,-0.1254981963187647,0.6888503776451977,36.0,81.03538519720829
903,22,Female,South,High School,Unemployed,0.7553070383725287,0.6553710992902567,Education,414.0,3,436,26.027185687715388,2022-06-21,1,0,2022,6,21,Tuesday,1.0,0,Medium,1.0,1,2,-0.20744134899313801,0.6660738466424455,0.7558159050336716,-0.41968769914324344,0.5626437922553682,0.569700900263678,0.8690840226195213,-0.5610140530512211,0.8676883254026,72.66666666666667,34.45908003690334
904,34,Female,South,Graduate,Salaried,0.4765002058412522,0.8791743591764061,Home,575.0,3,309,26.880535336602087,2022-06-22,0,0,2022,6,22,Wednesday,0.0,0,Low,0.0,0,1,-1.0773269713415354,0.284543603192945,0.47682123431902573,-1.6514032774682899,0.3896745616134474,0.6772772506524908,0.6902899433145845,-1.6344196053066784,1.8450660637685143,51.5,56.41243174102098
905,59,Female,South,High School,Unemployed,0.8500927598027584,0.5266329838995367,Car,787.0,11,119,65.0634398741804,2022-06-23,0,0,2022,6,23,Thursday,1.0,0,Low,0.0,0,1,-1.5587441654826197,0.7957823586056713,0.8506654856511429,-0.0009424028804793146,0.6152357782671674,0.5405134389621695,0.9220047504230976,0.06866675809806692,0.6195006107589106,19.833333333333332,76.53687097544115
906,26,Female,West,Graduate,Self-Employed,0.9986360974393612,0.052210582175289594,Business,580.0,8,205,27.57782000883175,2022-06-24,0,0,2022,6,24,Friday,0.0,0,Medium,1.0,2,2,0.49461211526541937,0.9990549084809931,0.9993089001418168,0.6552938211829179,0.6924649966450819,0.5003412083276155,0.9993178160321976,1.4594687308654728,0.05228188957836055,34.166666666666664,27.61548483931738
907,26,Female,West,High School,Unemployed,0.8032901608978206,0.5955878754682247,Business,574.0,12,426,45.09373574424391,2022-06-25,0,0,2022,6,25,Saturday,1.0,0,Medium,1.0,2,2,0.3037614900458585,0.7317358401177604,0.8038313548247114,-0.20770738655728307,0.5896128635512957,0.5545419265760985,0.8962645596573707,-0.26378259190583714,0.7414355415514471,71.0,56.13629786507479
908,23,Male,West,Post-Graduate,Salaried,0.7456284722846378,0.6663618996599949,Car,627.0,6,161,72.5601460475153,2022-06-26,0,0,2022,6,26,Sunday,2.0,1,Medium,1.0,1,2,-0.21199193363031904,0.6528293158602209,0.7461308182868175,-0.46244576399434906,0.5571146468508147,0.5728595837413349,0.8634978125534759,-0.6160413984214786,0.8936915963230767,26.833333333333332,97.31407630557332
909,27,Female,North,Post-Graduate,Unemployed,0.8583442871106031,0.5130741513510407,Business,510.0,2,429,72.71620144782727,2022-06-27,0,0,2022,6,27,Monday,2.0,0,Medium,1.0,1,1,-0.519816063700464,0.8070740733531533,0.8589225721911106,0.03551127595433405,0.6196859230699939,0.5381134200675071,0.9264687189056104,0.13199228877057154,0.597748664557638,71.5,84.71682347022755
910,28,Female,West,Post-Graduate,Salaried,0.8635195152086133,0.5043154239698421,Business,325.0,9,252,46.26094180206877,2022-06-28,0,0,2022,6,28,Tuesday,2.0,0,High,1.0,2,0,0.7720132949724943,0.8141560591790172,0.8641012869520394,0.05837444975761439,0.6224669122239638,0.5366190114129575,0.9292575074803611,0.17246351612856078,0.5840231923976925,42.0,53.57254930236618
911,35,Female,East,Post-Graduate,Salaried,0.9775695029376472,0.21061307396797863,Education,326.0,4,137,73.3751950620196,2022-06-29,0,0,2022,6,29,Wednesday,2.0,0,High,1.0,3,0,1.6227182589791618,0.970226551385443,0.9782281126204948,0.562225611934111,0.6818685669131588,0.5056712285027233,0.9887211451858644,1.2269711601368174,0.21544562645937232,22.833333333333332,75.05880128371776
912,49,Female,East,Graduate,Self-Employed,0.5622913296874282,0.826939212130096,Car,382.0,6,114,77.08974369584455,2022-06-30,0,0,2022,6,30,Thursday,0.0,0,Low,0.0,0,1,-1.600565939033911,0.4019435537955399,0.56267015749783,-1.27239440324533,0.4461535447099118,0.6400854827761687,0.7498608735541735,-1.4004580733835053,1.470659724719182,19.0,137.09929288558996
913,53,Female,South,Graduate,Self-Employed,0.9911861723594438,0.1324763062718567,Education,712.0,7,19,62.38206010274082,2022-07-01,0,0,2022,7,1,Friday,0.0,0,Low,1.0,0,1,-0.8847628888845102,0.9888601377732037,0.9918539558865065,0.6223814685874723,0.6887305276716025,0.5022132103373619,0.9955833327047233,1.3757790154126537,0.1336543123442762,3.1666666666666665,62.93677398086077
914,50,Male,West,High School,Salaried,0.9528270866421964,0.30351366190164203,Education,466.0,0,365,28.274068184673613,2022-07-02,1,0,2022,7,2,Saturday,1.0,1,High,1.0,2,0,0.665172387978041,0.936368055067304,0.9534690268249212,0.452918320861567,0.6692781106693003,0.5120781081132266,0.9761286219767333,0.9698923519594433,0.3185401277489258,60.833333333333336,29.673871136800535
915,59,Female,East,Post-Graduate,Unemployed,0.30040731180973157,0.9538110122090491,Business,468.0,11,157,31.9209424308438,2022-07-03,0,0,2022,7,3,Sunday,2.0,0,Low,0.0,0,1,-1.50745784673385,0.043571155998572864,0.3006097027024114,-2.429348203859698,0.2626775321707564,0.768989831815337,0.548094254494363,-1.9382395343917898,3.175059243608433,26.166666666666668,106.25887312310664
916,47,Male,South,Graduate,Salaried,0.4426652709243738,0.8966869341734889,Business,528.0,1,498,35.187292432698825,2022-07-04,1,0,2022,7,4,Monday,0.0,1,Low,0.0,0,1,-1.4421396269539692,0.2382425465124689,0.442963504075894,-1.8008795871066416,0.36649228540173984,0.693161483924306,0.6653309484191862,-1.7090895666883659,2.0256545816233267,83.0,79.48961606863965
917,56,Male,West,High School,Salaried,0.9210543026144512,0.3894341685515113,Car,666.0,6,374,19.34432861871616,2022-07-05,0,0,2022,7,5,Tuesday,1.0,1,Medium,1.0,1,2,-0.2935027435841492,0.8928889268296051,0.9216748367865049,0.3125522017875633,0.652874151275725,0.5205474924051101,0.959715740526564,0.663729015178392,0.42281347304505945,62.333333333333336,21.00237582497196
918,49,Male,North,High School,Unemployed,0.8857817391121021,0.4641020476743665,Business,827.0,10,373,31.85276962959561,2022-07-06,1,0,2022,7,6,Wednesday,1.0,1,Medium,1.0,1,2,-0.18901539449172694,0.8446205626078295,0.8863785093964816,0.15672472238592744,0.6343424506385205,0.5302840616490634,0.9411597840495003,0.35337117837380283,0.5239462806487492,62.166666666666664,35.96006580754812
919,58,Male,East,Graduate,Unemployed,0.4816872280472249,0.8763432057910763,Business,837.0,12,468,26.76153794500257,2022-07-07,1,0,2022,7,7,Thursday,0.0,1,Low,0.0,0,1,-1.600565939033911,0.29164172854035997,0.4820117511338623,-1.628487999538371,0.393181457398698,0.6749062697381418,0.6940369068336532,-1.6221583396211856,1.8193199959729034,78.0,55.557914735449145
920,53,Female,North,Post-Graduate,Unemployed,0.9187760581718658,0.3947791216999301,Car,823.0,12,149,46.42629998468817,2022-07-08,0,0,2022,7,8,Friday,2.0,0,Low,1.0,1,1,-0.5827555687836364,0.8897712874628597,0.9193950574414442,0.3024873509885783,0.6516875130673361,0.5211655605880139,0.9585280685362666,0.6427678197123116,0.42967937419423147,24.833333333333332,50.53059401337131
921,57,Male,West,High School,Unemployed,0.8881145322727647,0.4596222117847748,Business,371.0,1,199,82.67500382978119,2022-07-09,1,0,2022,7,9,Saturday,1.0,1,High,1.0,3,0,1.2792357700536616,0.8478128485874247,0.8887128742102687,0.16703055905037112,0.6355787291634326,0.5296288879235933,0.9423982874946053,0.37298233647117346,0.5175258315034665,33.166666666666664,93.09047518703296
922,47,Male,East,Post-Graduate,Salaried,0.913909966093852,0.40591695440611275,Education,405.0,6,411,18.358425340316646,2022-07-10,1,0,2022,7,10,Sunday,2.0,1,Medium,1.0,2,2,0.5187346861615324,0.8831123355343268,0.9145256869721236,0.28098988134754527,0.6491482522659786,0.5224906174875747,0.9559863838433328,0.5984289758757175,0.4441542049716832,68.5,20.08778328436717
923,53,Female,West,Post-Graduate,Salaried,0.7572813853360724,0.6530887408488062,Car,581.0,8,103,67.62143391579164,2022-07-11,1,0,2022,7,11,Monday,2.0,0,Medium,1.0,1,2,-0.44647562161793614,0.6687756207374908,0.7577915821573968,-0.4109654096285389,0.5637679473987017,0.5690608279042086,0.870219159370829,-0.5495932147931842,0.8624122466168547,17.166666666666668,89.29499024432255
924,24,Female,North,Post-Graduate,Self-Employed,0.8391311658761008,0.5439291189625868,Business,432.0,10,238,64.98264035305021,2022-07-12,0,0,2022,7,12,Tuesday,2.0,0,High,1.0,3,0,1.2335454405208848,0.7807820820290091,0.8396965066619625,-0.04936864078920351,0.6092932676442877,0.5437350084400496,0.9160410284895,-0.013212053418354621,0.6482051210607745,39.666666666666664,77.4403847641681
925,42,Female,East,High School,Salaried,0.8579231621473625,0.5137780141764247,Home,833.0,1,72,17.660335893068613,2022-07-13,1,0,2022,7,13,Wednesday,1.0,0,Medium,1.0,1,2,-0.0921477589871152,0.8064977893780113,0.8585011635068889,0.03365082593259097,0.6194592843951443,0.5382353912011159,0.9262414167739221,0.1287247547942089,0.5988625052276824,12.0,20.584985546800237
926,22,Male,North,Post-Graduate,Unemployed,0.5682145238175923,0.8228804621102307,Car,568.0,6,349,83.805792392464,2022-07-14,1,0,2022,7,14,Thursday,2.0,1,Low,1.0,1,1,-0.8537892842379482,0.4100490857796839,0.5685973422117794,-1.2462268577180942,0.4499377262292597,0.6376678603674988,0.7538000555967028,-1.3816528866362736,1.4481862529342722,58.166666666666664,147.48970482029998
927,30,Female,West,High School,Self-Employed,0.730109152956466,0.6833305384432865,Car,711.0,3,34,55.47777617254557,2022-07-15,0,0,2022,7,15,Friday,1.0,0,Low,1.0,1,1,-0.6801319305806113,0.6315920684524345,0.7306010432581046,-0.5310071661951574,0.5481845007138216,0.5779982137492123,0.8544642490803614,-0.7010212229024638,0.9359292862940335,5.666666666666667,75.98559194593952
928,25,Female,West,Post-Graduate,Unemployed,0.7989288136579615,0.6014255986463182,Home,317.0,10,277,39.09804169085474,2022-07-16,1,0,2022,7,16,Saturday,2.0,0,High,1.0,2,2,0.6161445903514102,0.7257676008924733,0.7994670692510419,-0.22697498946732544,0.5871913842343796,0.5558863654902436,0.8938281790467123,-0.29255043982031675,0.7527899712274007,46.166666666666664,48.93807936634696
929,30,Male,North,High School,Salaried,0.9214119587191053,0.388587187551805,Business,416.0,12,414,70.52308667962453,2022-07-17,1,0,2022,7,17,Sunday,1.0,1,High,1.0,3,0,1.6227182589791618,0.8933783575205282,0.9220327338517995,0.3141322584590084,0.6530603109353612,0.5204505964804353,0.9599020568365844,0.667031444138224,0.4217301326238449,69.0,76.53806314567669
930,53,Female,East,Post-Graduate,Self-Employed,0.7707051081885417,0.6371919932109068,Business,443.0,1,290,30.589236672130724,2022-07-18,1,0,2022,7,18,Monday,2.0,0,Low,1.0,1,1,-0.6432492743842946,0.687145171445423,0.7712243488618111,-0.351661954234742,0.5713778334672022,0.5647467753809189,0.8778981194811513,-0.4701481706110871,0.8267649798099265,48.333333333333336,39.68993632860095
931,58,Female,North,Graduate,Unemployed,0.9844450622867077,0.17569268436483154,Car,721.0,12,20,65.48078696370564,2022-07-19,0,0,2022,7,19,Tuesday,0.0,0,Low,0.0,0,1,-1.0478655695750194,0.9796353374201406,0.9851083041823531,0.5926005259311924,0.685339309454771,0.5039192160087738,0.992192049094684,1.3014448195673587,0.17846875472840065,3.3333333333333335,66.51543033961113
932,33,Female,West,Post-Graduate,Self-Employed,0.7268475918107927,0.6867987902427111,Car,668.0,6,329,13.176896605779778,2022-07-20,1,0,2022,7,20,Wednesday,2.0,0,Low,0.0,0,1,-1.600565939033911,0.6271288198059204,0.7273372847282604,-0.5454161232365339,0.5462975450159407,0.5790899004302912,0.8525535712263439,-0.7183824136033066,0.9449006889211695,54.833333333333336,18.128830244800323
933,51,Female,North,Post-Graduate,Self-Employed,0.9179206501969102,0.39676401039167036,Business,349.0,12,210,77.15264300874176,2022-07-21,0,0,2022,7,21,Thursday,2.0,0,High,1.0,2,0,0.7516251104862545,0.8886007135211439,0.918539073159665,0.2987083211885889,0.6512416044880817,0.5213980046032308,0.9580817554869262,0.6349309739409421,0.4322421663643339,35.0,84.05153865117988
934,56,Male,West,High School,Salaried,0.7296594756512236,0.683810682566733,Business,405.0,4,135,45.85366776170548,2022-07-22,1,0,2022,7,22,Friday,1.0,1,Medium,1.0,2,2,0.31996246581803367,0.6309767123286796,0.7301510629955518,-0.5329937550353865,0.5479245542514737,0.5781484818701069,0.8542010744849385,-0.7034249945856603,0.9371641229717872,22.5,62.84255778461717
935,44,Female,North,High School,Unemployed,0.5134397695008274,0.8581256336311934,Education,515.0,0,315,60.93543314863534,2022-07-23,1,0,2022,7,23,Saturday,1.0,0,Low,0.0,0,1,-1.1313414047130868,0.33509315604285594,0.5137856849602767,-1.488211308308336,0.41438505318121804,0.6607464797425182,0.71654711603692,-1.5420555078391844,1.6713267740546744,52.5,118.68078159951953
936,35,Female,East,Post-Graduate,Self-Employed,0.9992667955057566,0.03828670003612998,Car,724.0,4,199,27.69902558453469,2022-07-24,1,0,2022,7,24,Sunday,2.0,0,High,1.0,3,0,1.427227602741345,0.9999179805392718,0.9999400231231182,0.6580801253295766,0.6927805110977918,0.5001833683468089,0.999633330529628,1.4666287473583322,0.038314792614270766,33.166666666666664,27.71934953619213
937,49,Male,East,Graduate,Self-Employed,0.916850100907963,0.39923162758611463,Car,371.0,11,98,64.16589701267583,2022-07-25,1,0,2022,7,25,Monday,0.0,1,High,1.0,3,0,1.6227182589791618,0.8871357317374177,0.9174678026185454,0.2939788379668567,0.6506832663832811,0.5216892022627776,0.9575228983726515,0.6251487264950156,0.43543827632319915,16.333333333333332,69.98515564227118
938,28,Female,North,Graduate,Unemployed,0.5482787037876385,0.8362956791547753,Home,745.0,11,364,71.77922207146213,2022-07-26,0,0,2022,7,26,Tuesday,0.0,0,Low,0.0,0,1,-1.1799778744225153,0.38276812497847956,0.548648090989396,-1.3342995203377377,0.4371438001685473,0.6458785472884472,0.7404584416343962,-1.4434921883173362,1.5253112575364456,60.666666666666664,130.9173994459284
939,25,Male,North,High School,Self-Employed,0.5390113316998787,0.842298512582756,Education,485.0,2,125,47.8570549507519,2022-07-27,1,0,2022,7,27,Wednesday,1.0,1,Low,0.0,0,1,-1.4474728674255548,0.37008628825059564,0.5393744752729498,-1.3752410082740063,0.4311402178574966,0.6497677953387605,0.734173911072764,-1.4708596605496205,1.5626731073100102,20.833333333333332,88.78673255314546
940,49,Female,East,Graduate,Self-Employed,0.914031753158478,0.4056426434905966,Business,369.0,6,361,59.418153924943546,2022-07-28,0,0,2022,7,28,Thursday,0.0,0,High,1.0,3,0,1.331589854976512,0.8832789937470896,0.9146475560873247,0.28152791344445033,0.6492118828401091,0.5224573721673269,0.9560500787921509,0.5995315305706345,0.4437949142235815,60.166666666666664,65.00666275500981
941,24,Male,West,Post-Graduate,Self-Employed,0.8041072237543363,0.5944842913871599,Education,449.0,5,186,46.50607390579189,2022-07-29,1,0,2022,7,29,Friday,2.0,1,Medium,1.0,2,2,0.5197996571362045,0.7328539410901423,0.8046489681541164,-0.20409775820024384,0.590065856545061,0.5542907798567571,0.8967202594757946,-0.25835271201647136,0.739309726147643,31.0,57.83566237430048
942,32,Male,East,High School,Unemployed,0.5026706408927976,0.8644780082711325,Business,545.0,7,23,81.52730954062764,2022-07-30,0,0,2022,7,30,Saturday,1.0,1,Low,0.0,0,1,-1.5808597832033668,0.3203562565836231,0.5030093009577651,-1.5357872710315887,0.4072439522881749,0.6654818246837241,0.7089926945270999,-1.5702190947789976,1.7197702390888114,3.8333333333333335,162.18832553225369
943,22,Male,West,Post-Graduate,Unemployed,0.7844748528718475,0.6201606285565807,Business,837.0,12,266,49.82953444114553,2022-07-31,1,0,2022,7,31,Sunday,2.0,1,Low,1.0,1,1,-0.7683288575197835,0.7059882320460623,0.785003370519441,-0.2908298401792744,0.5791241718744773,0.5603889561069737,0.8857058500833375,-0.385329072079245,0.790542394426365,44.333333333333336,63.51960710878993
944,47,Male,North,High School,Unemployed,0.5810968930004871,0.8138343817664503,Education,398.0,4,218,77.34469672230551,2022-08-01,1,0,2022,8,1,Monday,1.0,1,Low,1.0,0,1,-0.9566554176733895,0.42767782681853495,0.5814883905249625,-1.1893149999122925,0.4581188422447424,0.6324723073120934,0.7622971159597071,-1.3394551135304045,1.4005140821941517,36.333333333333336,133.1012050725948
945,51,Female,North,High School,Unemployed,0.856468743892934,0.5161988868008723,Car,577.0,1,290,74.10816466161988,2022-08-02,0,0,2022,8,2,Tuesday,1.0,0,High,1.0,2,2,0.596933184816186,0.80450750619287,0.8570457653794771,0.027225482603966015,0.6186761584539132,0.5386570623877263,0.9254559653991832,0.11746947028784435,0.602706042084592,48.333333333333336,86.52757638857167
946,56,Male,West,High School,Salaried,0.5211657030977183,0.8534555113857201,Business,754.0,8,452,42.84038570786852,2022-08-03,0,0,2022,8,3,Wednesday,1.0,1,Low,0.0,0,1,-0.9862733506067863,0.34566562766894426,0.5215168236854583,-1.4540796025606733,0.41947695086573844,0.6573905774785674,0.7219180722891748,-1.5211971297889617,1.637589554172366,75.33333333333333,82.20108394169594
947,56,Female,North,High School,Self-Employed,0.6978342174245707,0.7162593140695881,Education,403.0,10,337,28.406759348598,2022-08-04,0,0,2022,8,4,Thursday,1.0,0,Medium,1.0,1,2,-0.2561952170777272,0.5874257763318154,0.698304363405227,-0.6735916951435732,0.5293534490970672,0.5889856558061899,0.8353647211994116,-0.8654921275277841,1.0264032576576956,56.166666666666664,40.70703132534269
948,46,Male,West,Graduate,Unemployed,0.8712479746497728,0.4908431181840781,Home,532.0,7,334,42.48657060478168,2022-08-05,0,0,2022,8,5,Friday,0.0,1,Low,0.0,0,1,-1.3631528820660939,0.8247319872698197,0.8718349532232055,0.09251731420503281,0.6266055743996245,0.5344027160201268,0.9334066502065286,0.23400166143020842,0.5633793506164406,55.666666666666664,48.76518722681746
949,47,Male,South,Post-Graduate,Self-Employed,0.8368507546337035,0.5474311047693591,Education,693.0,5,398,76.09739006201761,2022-08-06,1,0,2022,8,6,Saturday,2.0,1,Medium,1.0,2,2,0.2944758376105297,0.7776614775281162,0.8374145590572701,-0.05944306409779745,0.608052558857226,0.5444100439174849,0.9147954714763861,-0.029929181005407778,0.654156194205709,66.33333333333333,90.93304826536969
950,25,Male,East,Post-Graduate,Self-Employed,0.5065020679895946,0.8622387460107926,Home,800.0,12,114,28.210602865551387,2022-08-07,0,0,2022,8,7,Sunday,2.0,1,Low,0.0,0,1,-1.600565939033911,0.32559933222753157,0.5068433093697295,-1.518860754563194,0.4097904522985908,0.6637893310923135,0.7116895868211046,-1.5603189888742397,1.7023400307785241,19.0,55.69691546872605
951,40,Female,South,Post-Graduate,Salaried,0.6029811208454183,0.7977554562044706,Business,550.0,9,492,51.954907668619946,2022-08-08,0,0,2022,8,8,Monday,2.0,0,Medium,1.0,1,2,-0.4808621647423838,0.4576250655629237,0.6033873622467404,-1.092634642004662,0.47186509616905276,0.6238376653323254,0.7765185901479876,-1.2635424195177287,1.3230189613332606,82.0,86.16340690032852
952,31,Male,West,High School,Unemployed,0.8284587496079826,0.560050087222543,Education,820.0,6,156,74.4877398368598,2022-08-09,0,0,2022,8,9,Tuesday,1.0,1,Medium,1.0,1,2,-0.09870529679966228,0.766177527542301,0.8290169001565543,-0.09651734678203894,0.6034733986634528,0.5469087012295999,0.9101970938252784,-0.09052510379569037,0.6760144515192247,26.0,89.91122354867586
953,30,Female,East,Graduate,Unemployed,0.4718106421910995,0.881699902413073,Education,378.0,8,288,38.2781980102703,2022-08-10,1,0,2022,8,10,Wednesday,0.0,0,Low,0.0,0,1,-1.3686622201004206,0.2781262197132415,0.4721285112085799,-1.6721208780772776,0.38649337221604463,0.6794352285096198,0.6868847371947491,-1.6453134684475117,1.8687579795115223,48.0,81.13042519029555
954,58,Female,West,Post-Graduate,Self-Employed,0.9675413031672757,0.2527129333163816,Home,351.0,6,18,61.376770960215794,2022-08-11,1,0,2022,8,11,Thursday,2.0,0,High,1.0,2,0,0.7359328610064423,0.9565035681105593,0.9681931566353984,0.5179229319474697,0.6767846938043381,0.5082485426812828,0.9836367740010922,1.1207406728772094,0.2611908478626372,3.0,63.435814842526185
955,26,Female,East,Graduate,Unemployed,0.7756083314257399,0.6312144771969189,Education,525.0,2,127,29.650525923905164,2022-08-12,1,0,2022,8,12,Friday,0.0,0,Medium,1.0,1,2,-0.043254130932096624,0.6938549351136633,0.7761308755063799,-0.3300004461919469,0.5741430861416279,0.56318726506371,0.8806862843406499,-0.44033702007104686,0.8138314812021255,21.166666666666668,38.22873571948477
956,28,Female,East,High School,Self-Employed,0.9993267320021265,0.03668899979489786,Education,350.0,5,103,18.7423556294528,2022-08-13,1,0,2022,8,13,Saturday,1.0,0,High,1.0,3,0,1.497392698295717,1.0,1.0,0.658344913375188,0.6928104898870647,0.5001683736797735,0.9996633093207565,1.4673097905649255,0.036713717966287515,17.166666666666668,18.7549827591452
957,43,Female,East,Post-Graduate,Self-Employed,0.9862563605133922,0.16522224834106874,Business,485.0,10,443,73.5507380074285,2022-08-14,0,0,2022,8,14,Sunday,2.0,0,Medium,1.0,1,2,-0.07571757686343585,0.982113989206083,0.9869208227197643,0.6006024971258888,0.6862516411359797,0.5034596841978283,0.9931044056459483,1.3212891099667452,0.1675246466903016,73.83333333333333,74.57567925761406
958,46,Female,East,Graduate,Salaried,0.8277234216321879,0.5611362911820116,Education,333.0,12,153,17.917489872696546,2022-08-15,1,0,2022,8,15,Monday,0.0,0,Low,1.0,1,1,-0.6473106991249727,0.7651712757977757,0.8282810767744243,-0.09976588597579389,0.6030711605083121,0.5471287330262382,0.909793065280335,-0.09576604340911322,0.6779272840624793,25.5,21.646711213469164
959,32,Female,West,High School,Salaried,0.874005738950804,0.4859155978985021,Car,430.0,10,298,31.710511606366765,2022-08-16,0,0,2022,8,16,Tuesday,1.0,0,Medium,1.0,2,2,0.27068310024462994,0.8285058204847239,0.874594575489595,0.10470059257052203,0.6280782462185872,0.5336162954121304,0.9348827407492364,0.25628327068076284,0.5559638526879893,49.666666666666664,36.28181165541716
960,46,Female,East,Graduate,Salaried,0.7042555617299318,0.7099465499405276,Home,742.0,6,395,78.4087537597952,2022-08-17,1,0,2022,8,17,Wednesday,0.0,0,Medium,1.0,1,2,-0.05071451815361758,0.5962129966228483,0.7047300339089029,-0.6452234168524925,0.5331283947026567,0.5867664583033158,0.8391993575604856,-0.8340446832511139,1.0080808566092352,65.83333333333333,111.33565430025448
961,33,Female,East,Post-Graduate,Self-Employed,0.9124483159007443,0.40919197305164184,Education,731.0,1,23,37.71754296629338,2022-08-18,0,0,2022,8,18,Thursday,2.0,0,Medium,1.0,1,2,-0.2462415119837459,0.8811121558796483,0.9130630520337193,0.27453258868879865,0.6483842619877652,0.5228899477625935,0.9552216056500943,0.5852249449098239,0.4484549600463656,3.8333333333333335,41.33663497319258
962,38,Male,South,Post-Graduate,Unemployed,0.857411296021943,0.5146317804546975,Home,796.0,2,266,87.84362796113288,2022-08-19,0,0,2022,8,19,Friday,2.0,1,High,1.0,3,0,1.425511350304472,0.8057973316249792,0.8579889525262079,0.031389498708390334,0.6191837419725598,0.5383837183189966,0.9259650619877312,0.1247583465285572,0.6002157690741772,44.333333333333336,102.45214679196945
963,45,Male,North,High School,Salaried,0.7525501546620377,0.6585349381150123,Home,702.0,3,355,88.37874678190877,2022-08-20,0,0,2022,8,20,Saturday,1.0,1,Low,1.0,0,1,-0.9442531178974852,0.6623012184622966,0.7530571639510953,-0.4318670872271469,0.561071958439798,0.570597079541407,0.8674964868297955,-0.5768499912624305,0.8750711617496821,59.166666666666664,117.43901218331253
964,53,Male,North,High School,Unemployed,0.4410348545948433,0.8974899760066992,Home,622.0,9,195,31.462081636284537,2022-08-21,0,0,2022,8,21,Sunday,1.0,1,Low,0.0,0,1,-1.600565939033911,0.23601142063408853,0.44133198929967665,-1.8080824564696547,0.36536150450754634,0.6939457410148187,0.6641045509517634,-1.7124640661822457,2.034963828042975,32.5,71.33695060266196
965,32,Male,South,High School,Salaried,0.49288400107168306,0.8700950301476092,Education,509.0,5,354,13.278257779991236,2022-08-22,0,0,2022,8,22,Monday,1.0,1,Low,1.0,1,1,-0.8438271935457412,0.306963833451082,0.4932160676660796,-1.579022785088694,0.4007098203421638,0.6698444080599291,0.7020569785079293,-1.5949172528834559,1.7653140054368819,59.0,26.93992450783587
966,56,Male,South,Graduate,Salaried,0.8994222711612542,0.43708074555982385,Education,628.0,0,409,66.40506273643032,2022-08-23,1,0,2022,8,23,Tuesday,0.0,1,High,1.0,2,0,0.6497764296355392,0.8632868035540943,0.900028231366616,0.21698599959009313,0.6415497721245388,0.5264758738395899,0.9483787593368244,0.4698501776578175,0.4859572189551233,68.16666666666667,73.83079657422093
967,24,Female,West,Graduate,Self-Employed,0.5217296743142626,0.8531108643898128,Home,671.0,8,216,46.0789202118675,2022-08-24,0,0,2022,8,24,Wednesday,0.0,0,Low,0.0,0,1,-1.4598807576002764,0.3464373880795236,0.5220811748615891,-1.451588084950298,0.4198476315189009,0.6571469406684404,0.7223085727819258,-1.5196527689098083,1.6351587927428168,36.0,88.31953112966308
968,25,Female,West,Graduate,Salaried,0.6485748534050277,0.7611508782959177,Car,759.0,4,355,18.060227516766105,2022-08-25,0,0,2022,8,25,Thursday,0.0,0,Low,1.0,1,1,-0.5283917354860115,0.5200173237630086,0.6490118122884835,-0.891210200007327,0.4999111894778717,0.6065845284092274,0.8053414514384738,-1.0870304698415534,1.1735744522006428,59.166666666666664,27.846018731607675
969,57,Female,West,High School,Salaried,0.8181139441551586,0.5750561488923406,Home,432.0,12,440,66.60182551824343,2022-08-26,0,0,2022,8,26,Friday,1.0,0,High,1.0,3,0,1.1279819396561561,0.7520212885899759,0.8186651251849207,-0.1422187304794985,0.5977996693441492,0.5500205326595634,0.9044965141752391,-0.16325425569072435,0.7029047151692098,73.33333333333333,81.40898464580152
970,28,Female,South,Post-Graduate,Self-Employed,0.9599637888010105,0.2801241228291644,Car,420.0,11,181,12.493992728953698,2022-08-27,0,0,2022,8,27,Saturday,2.0,0,Medium,1.0,2,2,0.513339951302958,0.9461341992014277,0.960610537134083,0.48444691414269203,0.6729259979702339,0.5102135078790107,0.9797774179889076,1.0423203214702548,0.2918069682389144,30.166666666666668,13.015066687628526
971,48,Female,South,Post-Graduate,Unemployed,0.9677550342445875,0.25189321883341226,Home,751.0,6,473,79.61573523937938,2022-08-28,1,0,2022,8,28,Sunday,2.0,0,High,1.0,3,0,1.6104361527778268,0.9567960461291901,0.9684070317079522,0.5188671552116813,0.6768933164132583,0.5081933383968679,0.9837454112953146,1.1229755199375195,0.260286136387847,78.83333333333333,82.26847954505968
972,51,Female,East,Graduate,Salaried,0.8473800014848865,0.5309869424792609,Business,428.0,8,279,21.0922023290643,2022-08-29,1,0,2022,8,29,Monday,0.0,0,Medium,1.0,2,2,0.507520346134278,0.7920701133495539,0.8479508996894154,-0.01292685336907681,0.6137684198957845,0.5413071480671114,0.9205324554217991,0.04816698150883414,0.6266219896018297,46.5,24.89107872749401
973,29,Female,West,Graduate,Self-Employed,0.820584564533698,0.571525128449346,Home,390.0,8,230,20.184950299738,2022-08-30,0,0,2022,8,30,Tuesday,0.0,0,Medium,1.0,2,2,0.08437187886461577,0.7554021827593814,0.8211374100737574,-0.13130399937070145,0.5991576388226914,0.549274128475393,0.9058612280772911,-0.14607955543949502,0.6964853509937986,38.333333333333336,24.598257354753212
974,49,Male,West,Post-Graduate,Salaried,0.6552951793671953,0.7553729065157919,Home,328.0,0,161,24.05378383748676,2022-08-31,0,0,2022,8,31,Wednesday,2.0,1,Low,1.0,1,1,-0.8321013320267151,0.5292136823211087,0.6557366658793641,-0.8615210775999863,0.5039793490385746,0.6041218584242426,0.8095030446929742,-1.0587773169696661,1.152721598295961,26.833333333333332,36.7067919845145
975,34,Male,West,Post-Graduate,Self-Employed,0.7899648193702965,0.6131521704742264,Education,823.0,0,120,86.82130867936533,2022-09-01,0,0,2022,9,1,Thursday,2.0,1,High,1.0,2,0,0.8150565706653384,0.713500918287164,0.7904970357268652,-0.2665762119620976,0.582195965676447,0.5586701979717102,0.8887996508608093,-0.3505481055037539,0.7761765529799004,20.0,109.90528508418016
976,42,Male,North,Graduate,Unemployed,0.6680234660572217,0.7441402077544903,Car,632.0,2,192,65.45354882030767,2022-09-02,0,0,2022,9,2,Friday,0.0,1,Low,0.0,0,1,-1.2794590213741568,0.5466315708120446,0.6684735278909764,-0.8052899269529367,0.5116393722172257,0.5995119495313472,0.8173270251601997,-1.0036021999484142,1.1139432154180473,32.0,97.98091256677657
977,31,Male,East,Graduate,Unemployed,0.9976707324049798,0.06821370611916171,Business,596.0,5,408,74.10972283709094,2022-09-03,1,0,2022,9,3,Saturday,0.0,1,High,1.0,2,2,0.5859228943457585,0.9977338649712583,0.9983428847201666,0.6510290219998331,0.6919818680494748,0.5005829958754554,0.9988346872255588,1.4485321725422693,0.06837296505103052,68.0,74.28274723309005
978,43,Female,West,Post-Graduate,Self-Employed,0.8794365049402895,0.47601621167603964,Car,429.0,1,348,41.810798858620245,2022-09-04,1,0,2022,9,4,Sunday,2.0,0,High,1.0,3,0,1.1173210491118022,0.8359374944192327,0.8800290003033944,0.12869268419452004,0.6309720004986799,0.5320743730215938,0.9377827599931071,0.3006640021866245,0.5412741101853162,58.0,47.54271470850422
979,21,Female,West,High School,Self-Employed,0.7173550916656591,0.6967077381954027,Business,592.0,9,81,36.90501820039644,2022-09-05,0,0,2022,9,5,Monday,1.0,0,Low,1.0,0,1,-0.953776362282544,0.6141389089833046,0.7178383892808069,-0.5873521841280911,0.540785369890051,0.5822907591173251,0.8469681763004199,-0.7679482210715862,0.9712173877203346,13.5,51.445955607152676
980,57,Female,West,Graduate,Self-Employed,0.9019703744699835,0.4317979198403781,Home,472.0,11,427,28.758720542653595,2022-09-06,0,0,2022,9,6,Tuesday,0.0,0,High,1.0,3,0,1.3334738193779,0.8667737284148936,0.9025780513875657,0.2282430355531248,0.6428903880134498,0.5257705448112814,0.9497212088133988,0.49209708027982146,0.4787273862449324,71.16666666666667,31.88432941553409
981,41,Male,North,Post-Graduate,Unemployed,0.9356906305172534,0.35282154690753315,Education,323.0,10,395,48.45184226499271,2022-09-07,0,0,2022,9,7,Wednesday,2.0,1,High,1.0,3,0,0.9416958750708193,0.9129178540164465,0.9363210254994583,0.37721271574872206,0.6604641777987361,0.516611479249027,0.967311030908494,0.8015181916358505,0.3770707276533185,65.83333333333333,51.78190385235379
982,46,Female,North,Post-Graduate,Salaried,0.9341734863534571,0.35681913821182193,Education,398.0,0,292,54.14629868273348,2022-09-08,0,0,2022,9,8,Thursday,2.0,0,High,1.0,3,0,1.548332412317822,0.9108417342280398,0.934802859202879,0.37051026127819453,0.659680096396545,0.5170167035457216,0.9665265057687021,0.7869813300106098,0.38196239073821736,48.666666666666664,57.96171639819641
983,56,Female,South,Post-Graduate,Unemployed,0.7637167111066318,0.645551535647209,Car,705.0,0,83,60.54198749222043,2022-09-09,0,0,2022,9,9,Friday,2.0,0,High,1.0,2,0,0.8095080998392916,0.6775819738158105,0.7642312435458862,-0.38253536388242027,0.5674233500771513,0.566984478687939,0.8739088688797201,-0.5119002428008369,0.84527616884512,13.833333333333334,79.27283325317656
984,43,Female,East,Post-Graduate,Self-Employed,0.7828243085196688,0.6222427998705189,Education,655.0,12,364,30.56948031989556,2022-09-10,1,0,2022,9,10,Saturday,2.0,0,High,1.0,3,0,0.8639725603156257,0.7037295621892526,0.783351714159892,-0.2981216313195323,0.5781987970206803,0.5609077659650767,0.8847735916717162,-0.3956774271219365,0.7948690314014243,60.666666666666664,39.0502440805688
985,21,Male,South,High School,Self-Employed,0.9909657938247189,0.1341148592414152,Car,438.0,4,224,85.89232647223925,2022-09-11,1,0,2022,9,11,Sunday,1.0,1,High,1.0,3,0,1.6227182589791618,0.9885585631122055,0.9916334288780041,0.6214078781202493,0.6886198445350364,0.5022687999470664,0.9954726484563596,1.3733280906310943,0.13533752635778395,37.333333333333336,86.67536963181173
986,35,Female,East,Post-Graduate,Unemployed,0.7808314576819797,0.6247417343944894,Car,802.0,3,337,23.580679856570868,2022-09-12,0,0,2022,9,12,Monday,2.0,0,Medium,1.0,2,2,0.19319737743916632,0.7010024666645162,0.7813575206955617,-0.3069256674321853,0.5770803662988774,0.561535453389649,0.8836466814751129,-0.4081055925342118,0.8000980598926342,56.166666666666664,30.199449093116463
987,41,Male,North,Graduate,Self-Employed,0.9939893503100506,0.10947680791018431,Business,473.0,0,485,87.25225398131299,2022-09-13,1,0,2022,9,13,Tuesday,0.0,1,High,1.0,3,0,1.2226218012321235,0.9926961168136647,0.9946590223986278,0.6347653758225734,0.6901373306578067,0.5015071920241235,0.9969901455430995,1.407077941044594,0.11013881373682294,80.83333333333333,87.77986801779797
988,29,Male,West,High School,Unemployed,0.9945986825693125,0.1037952823175894,Car,328.0,3,32,11.188489800600305,2022-09-14,1,0,2022,9,14,Wednesday,1.0,1,High,1.0,2,0,0.7225075182469949,0.9935299510605055,0.9952687651781901,0.6374572898954634,0.6904428684867222,0.501353986011795,0.9972956846238293,1.413911844253915,0.1043589581774416,5.333333333333333,11.249250573806778
989,29,Male,South,Post-Graduate,Self-Employed,0.8687843191920982,0.4951906771395465,Business,795.0,2,77,48.49005534534765,2022-09-15,1,0,2022,9,15,Thursday,2.0,1,Medium,1.0,2,2,0.026044452805613218,0.8213606241722641,0.8693696379476512,0.08163335279241972,0.6252881227732981,0.5351072297269243,0.9320860041820702,0.2142404931179597,0.5699811405436452,12.833333333333334,55.81368617522888
990,30,Male,West,High School,Salaried,0.7510992362953146,0.6601893192385007,Education,650.0,1,407,36.66942704932502,2022-09-16,0,0,2022,9,16,Friday,1.0,1,Low,0.0,0,1,-1.600565939033911,0.6603157246612467,0.7516052680693388,-0.43827696871730104,0.5602437257670835,0.5710698624457368,0.8666598157843218,-0.585132309615371,0.8789641732226842,67.83333333333333,48.821014956946996
991,46,Female,South,Graduate,Salaried,0.8988392147699948,0.4382785255880773,Car,598.0,8,456,45.92987311442006,2022-09-17,1,0,2022,9,17,Saturday,0.0,0,Medium,1.0,1,2,-0.2655954726888081,0.862488926239244,0.8994447821576759,0.21441016730637197,0.6412427598780157,0.5266375331947889,0.9480713131247009,0.4647814616153565,0.4876050336769396,76.0,51.099097991817274
992,55,Male,North,Post-Graduate,Self-Employed,0.9117261902846394,0.410798434696455,Car,491.0,10,382,55.65316631846312,2022-09-18,1,0,2022,9,18,Sunday,2.0,1,High,1.0,2,0,0.7052108243066533,0.8801239707637664,0.9123404399059939,0.2713423750100713,0.6480065984561874,0.5230874615214163,0.9548435423066124,0.5787208932290281,0.45057215540578516,63.666666666666664,61.041535179644555
993,45,Male,North,Graduate,Unemployed,0.7250502261711138,0.6886959920960893,Home,363.0,0,371,44.84713264101672,2022-09-19,0,0,2022,9,19,Monday,0.0,1,Low,0.0,0,1,-1.0520555734884927,0.6246692339204218,0.7255387081645395,-0.5533565429107552,0.545256166680378,0.5796932662184449,0.8514988116087502,-0.7278769968903024,0.9498597024553651,61.833333333333336,61.85382891037493
994,46,Female,North,Post-Graduate,Salaried,0.5995012382741548,0.8003738284750165,Car,514.0,6,102,43.1877480241276,2022-09-20,1,0,2022,9,20,Tuesday,2.0,0,Medium,1.0,1,2,-0.47776228859825987,0.4528630572845186,0.5999051352034472,-1.1080081015962102,0.46969185457040874,0.625194889551314,0.7742746529973423,-1.2759794042929447,1.3350661806456547,17.0,72.03946425274543
995,31,Female,South,Post-Graduate,Unemployed,0.9190522118532444,0.39413580386417485,Car,465.0,12,330,68.61787323306453,2022-09-21,0,0,2022,9,21,Wednesday,2.0,0,High,1.0,3,0,1.5441983123925207,0.890149187029844,0.9196713971735209,0.3037073454495377,0.6518314244997532,0.521090564302204,0.9586721086238216,0.6453016993698323,0.42885028595862956,55.0,74.66156149572657
996,58,Male,East,Post-Graduate,Self-Employed,0.9346219998697894,0.35564268213952505,Home,842.0,3,333,64.87010200691716,2022-09-22,1,0,2022,9,22,Thursday,2.0,1,High,1.0,3,0,1.1908934927452428,0.9114554977772437,0.9352516748924521,0.3724917087202831,0.659911958494161,0.5168968408646781,0.9667585013175677,0.791272682944561,0.38052034104597665,55.5,69.40784832365898
997,22,Female,South,Post-Graduate,Unemployed,0.9657058845855534,0.25963848804989204,Home,531.0,4,393,76.66170256286783,2022-09-23,0,0,2022,9,23,Friday,2.0,0,Low,1.0,1,1,-0.590822514276821,0.9539919090814079,0.9663565014925453,0.5098144016100683,0.6758514096107276,0.5087231044286356,0.9827033553344333,1.1016008845059384,0.2688587614450746,65.5,79.38411040724714
998,27,Male,East,Post-Graduate,Salaried,0.8784664363957189,0.47780406039108364,Education,840.0,9,72,29.996718499159645,2022-09-24,0,0,2022,9,24,Saturday,2.0,1,High,1.0,2,2,0.5517599671739979,0.8346100144410252,0.8790582782026986,0.12440710579766824,0.6304557186354909,0.5323491442938613,0.9372654033920802,0.29268736360845093,0.5439070186351996,12.0,34.14668706323477
999,38,Male,South,High School,Unemployed,0.9370388289253018,0.3492251896503159,Car,494.0,4,233,58.762280780325085,2022-09-25,1,0,2022,9,25,Sunday,1.0,1,Medium,1.0,2,2,0.24322585645407155,0.914762781782997,0.9376701322178859,0.38316879999095416,0.6611604301327196,0.5162519124899603,0.9680076595385503,0.8144861685832856,0.37269020116364376,38.833333333333336,62.710614508600536
1000,47,Male,South,Post-Graduate,Unemployed,0.9011494214865303,0.43350861600952256,Education,805.0,0,234,56.81558283142831,2022-09-26,1,0,2022,9,26,Monday,2.0,1,Low,0.0,0,1,-1.600565939033911,0.8656503040396951,0.9017565453103608,0.22461622135488132,0.6424586619357819,0.5259975826719021,0.9492889030672013,0.4849125572662532,0.48106185908038374,39.0,63.047904683449374
